 AS V1.42 Beta [Bld 297] - Source File edas4-as.asm - Page 1 - 3/30/2026 15:43:14


       1/   0 :                         ; File Name   :	d:\hobby3\ac1-2010\edas\EDAS4_4000_544F_4000.bin
       2/   0 :                         ; Format      :	Binary file
       3/   0 :                         ; Base Address:	0000h Range: 4000h - 5450h Loaded length: 1450h
       4/   0 :                         ; Segment type:	Pure code
       5/   0 :                         
       6/   0 :                         		cpu	z80
       7/   0 :                         
       8/   0 :                         		include	ac1-acc.asm
(1)    1/   0 :                         ;------------------------------------------------------------------------------
(1)    2/   0 :                         ;AC1-ACC include-Datei
(1)    3/   0 :                         ;Volker Pohlers, Neustadt i.H., 09.01.2023
(1)    4/   0 :                         ;------------------------------------------------------------------------------
(1)    5/   0 :                         
(1)    6/   0 :                         
(1)    7/   0 :                         ;------------------------------------------------------------------------------
(1)    8/   0 :                         ; Makros
(1)    9/   0 :                         ;------------------------------------------------------------------------------
(1)   10/   0 :                         
(1)   11/   0 :                         hi              function x, (x>>8) & 0ffh	; High-Byte
(1)   12/   0 :                         lo              function x, x & 0ffh		; Low-Byte
(1)   13/   0 :                         ; bws(zeile 0..31, spalte 0..63) analog print_at
(1)   14/   0 :                         bws		function z, s, 17FFh-z*64-s
(1)   15/   0 :                         
(1)   16/   0 :                         ;reverse db via locals
(1)   17/   0 :                         dbr		MACRO	name,{NOEXPAND},{EXPREST}
(1)   18/   0 :                         qcnt		eval	0
(1)   19/   0 :                         		irpc	x,name
(1)   20/   0 :                         temp		eval	"\{qcnt}"
(1)   21/   0 :                         qrdc_{temp}	eval 	'x'
(1)   22/   0 :                         qcnt		eval	qcnt+1
(1)   23/   0 :                         		endm
(1)   24/   0 :                         		rept	qcnt
(1)   25/   0 :                         qcnt		eval	qcnt-1
(1)   26/   0 :                         temp		eval	"\{qcnt}"
(1)   27/   0 :                         		DB	qrdc_{temp}
(1)   28/   0 :                         		endm
(1)   29/   0 :                         		endm
(1)   30/   0 :                         ;	dbr "TEST"
(1)   31/   0 :                         
(1)   32/   0 :                         ;------------------------------------------------------------------------------
(1)   33/   0 :                         ; Speicheradressen
(1)   34/   0 :                         ;------------------------------------------------------------------------------
(1)   35/   0 :                         
(1)   36/   0 : =0H                     ROM		equ	0000h
(1)   37/   0 : =800H                   BASIC		equ	0800h
(1)   38/   0 : =1000H                  BWS		equ	1000h
(1)   39/   0 : =1800H                  RAM		equ	1800h
(1)   40/   0 :                         ; BWS
(1)   41/   0 : =40H                    COLS		equ	64
(1)   42/   0 : =20H                    LINES		equ	32
(1)   43/   0 :                         ; 01000H Bildschirmende (rechts unten !!)
(1)   44/   0 :                         ; 017FFH Bildschirmanfang (links oben !!)
(1)   45/   0 :                         
(1)   46/   0 : =1800H                  cupos:		equ	1800h		; Cursorposition (Adr im RAM)
(1)   47/   0 : =1802H                  jp_rst08:	equ	1802h		; jp	rinch
(1)   48/   0 : =1805H                  jp_rst10:	equ	1805h		; jp	routch
(1)   49/   0 : =1808H                  jp_rst18:	equ	1808h		; jp	rprnst
(1)   50/   0 : =180BH                  jp_rst20:	equ	180Bh		; jp	0FFFFh
(1)   51/   0 : =180EH                  jp_rst28:	equ	180Eh		; jp	0FFFFh
(1)   52/   0 : =1811H                  jp_rst30:	equ	1811h		; jp	0FFFFh
 AS V1.42 Beta [Bld 297] - Source File edas4-as.asm(ac1-acc.asm) - Page 2 - 3/30/2026 15:43:14


(1)   53/   0 : =1814H                  jp_rst38:	equ	1814h		; jp	rError
(1)   54/   0 : =1817H                  jp_nmi:		equ	1817h		; jp NMI-Routine
(1)   55/   0 : =181AH                  soil:		equ	181Ah		; Beginn Eingabezeile
(1)   56/   0 : =1856H                  syssk:		equ	1856h		; System-Stack 
(1)   57/   0 : =1858H                  data:		equ	1858h		; interner Speicher f. Monitor
(1)   58/   0 : =185BH                  ARG1:		equ	185Bh		; Kdo-Argument 1
(1)   59/   0 : =185DH                  ARG2:		equ	185Dh		; Kdo-Argument 2
(1)   60/   0 : =185FH                  ARG3:		equ	185Fh		; Kdo-Argument 3
(1)   61/   0 :                         
(1)   62/   0 :                         
(1)   63/   0 :                         ;------------------------------------------------------------------------------
(1)   64/   0 :                         ; I/O-Adressen
(1)   65/   0 :                         ;------------------------------------------------------------------------------
(1)   66/   0 :                         
(1)   67/   0 : =0H                     CTC0		equ	0
(1)   68/   0 : =1H                     CTC1		equ	1
(1)   69/   0 : =2H                     CTC2		equ	2
(1)   70/   0 : =3H                     CTC3		equ	3
(1)   71/   0 :                         
(1)   72/   0 : =4H                     PIODA		equ	4		; Tastatur
(1)   73/   0 : =5H                     PIODB		equ	5		; Grafik/Ton
(1)   74/   0 : =6H                     PIOCA		equ	6
(1)   75/   0 : =7H                     PIOCB		equ	7
(1)   76/   0 :                         
(1)   77/   0 :                         ;------------------------------------------------------------------------------
(1)   78/   0 :                         ; Monitor-Funktionen
(1)   79/   0 :                         ;------------------------------------------------------------------------------
(1)   80/   0 :                         ;
(1)   81/   0 : =8H                     INCH		equ	0008h		; rst 8
(1)   82/   0 : =10H                    OUTCH		equ	0010h		; rst 10
(1)   83/   0 : =18H                    PRNST		equ	0018h		; rst 18
(1)   84/   0 :                         ;
(1)   85/   0 : =7EBH                   MS30	    	equ	07EBh		; 30 ms	warten
(1)   86/   0 : =7EEH                   OUTHEX      	equ	07EEh		; Ausgabe A  hexadezimal
(1)   87/   0 : =7F1H                   OUTHL	    	equ	07F1h		; Ausgabe HL hexadezimal
(1)   88/   0 : =7F4H                   INLINE	    	equ	07F4h		; Zeile	eingeben, Adr steht in soil
(1)   89/   0 : =7F7H                   INHEX       	equ	07F7h		; konv. ASCII-Hex ab (DE) abwärts nach HL
(1)   90/   0 : =7FAH                   TASTE       	equ	07FAh		; testet den Tastaturstatus, ret Z=1 keine Taste, sonst A=Code
(1)   91/   0 : =7FDH                   GETCO1      	equ	07FDh		; Sprung zur Monitoreingabeschleife
(1)   92/   0 :                         
(1)   93/   0 :                         ;------------------------------------------------------------------------------
(1)   94/   0 :                         ; Zeichen
(1)   95/   0 :                         ;------------------------------------------------------------------------------
(1)   96/   0 :                         
(1)   97/   0 :                         ; AC1
(1)   98/   0 : =8H                     BS		equ	08h		; backspace
(1)   99/   0 : =0CH                    CLS		equ	0Ch		; Bildschirm löschen
(1)  100/   0 : =0DH                    CR		equ	0Dh		; neue Zeile
(1)  101/   0 : =20H                    SPC		EQU	20H		; Leerzeichen
(1)  102/   0 : =8H                     LEFT		equ 	08h		; Kursor nach links
(1)  103/   0 : =9H                     RIGHT		equ 	09h		; Kursor nach rechts
(1)  104/   0 :                         ; FA 4/84, aber nicht im Monitor genutzt:
(1)  105/   0 : =0AH                    DOWN		equ 	0Ah		; Kursor nach unten
(1)  106/   0 : =0BH                    UP		equ 	0Bh		; Kursor nach oben
(1)  107/   0 : =7H                     BEL		equ	07h		; aktustisches Signal
(1)  108/   0 : =7FH                    RUBOUT		equ	7Fh		; original FA 4/84: 5Fh
(1)  109/   0 :                         
       9/   0 :                         ;System
      10/   0 :                         ; ARG1:
      11/   0 :                         ; ARG2:
 AS V1.42 Beta [Bld 297] - Source File edas4-as.asm - Page 3 - 3/30/2026 15:43:14


      12/   0 :                         ; ARG3:
      13/   0 :                         ; GETCO1:
      14/   0 :                         ; MS30:
      15/   0 :                         ; OUTHEX:
      16/   0 :                         ; OUTHL:
      17/   0 :                         ; TASTE:
      18/   0 :                         ; cupos:
      19/   0 :                         ; data:
      20/   0 :                         
      21/   0 :                         ; EDAS arbeitet viel mit fixen Adressen im BWS-Speicher!
      22/   0 :                         ; Beachte, dass beim AC1 der BWS-Speicher rückwärts zu nutzen ist.
      23/   0 :                         
      24/   0 :                         
      25/   0 : =1802H                  unk_1802:	equ	1802h		; Adr. Sprungverteiler Monitor
      26/   0 :                         
      27/   0 :                         
      28/   0 :                         ; e2.bin ist edas auf 1000 gelinkt
      29/   0 :                         ; Binärvergleich e2.bin zeap20.bin
      30/   0 :                         ; Bereich unk_40A8..sub_4473-4 entspricht fast 100% zeap20
      31/   0 :                         ; Ausnahme 3 Byte 43BF
      32/   0 :                         
      33/   0 :                         
      34/4000 :                         		org 4000h
      35/4000 :                         
      36/4000 : C3 04 51                loc_4000:	jp	COLD
      37/4003 : C3 10 51                		jp	WARM
      38/4006 :                         ; Defaultwerte
      39/4006 :                         ; Bereich wird nach 5500h kopiert (30h Bytes)
      40/4006 : 00 60                   off_4006:	dw unk_6000		; BUFBEG	Editierpufferanfang
      41/4008 : FF BF                   		dw 0BFFFh		; BUFEND	Editierpufferende
      42/400A : C3 EB 07                		jp	MS30		; unk_5504	JP Druckerausgabe (Zeichen in A)
      43/400D :                         ;unk_400D-unk_543F unveränderlicher Programmbereich (CHKSUM)
      44/400D : 00                      unk_400D:	db    0              	; byte_5507	Assembleroptionen
      45/400E : 00                      		db    0                 ; byte_5508	Ausgabeverzögerung Druck
      46/400F : 00                      		db    0			; byte_5509	Ausgabeverzögerung BWS
      47/4010 : 00 00                   		dw    0                 ; mc_ofs	offset for code generation
      48/4012 : FF FF                   		dw 0FFFFh               ; word_550C	MC-Adr.
      49/4014 : FF FF                   		dw 0FFFFh               ; word_550E	ENT-Adresse
      50/4016 : 00 00                   		dw    0                 ; word_5510	Zeilennummer
      51/4018 : 00 00                   		dw    0                 ; word_5512	ausgegebene Zeilennummer
      52/401A : 19                      		db  25                  ; byte_5514	Seitengröße auf Bildschirm
      53/401B : 36 40                   		dw kdotab               ; unk_5515
      54/401D : AA 40                   		dw unk_40AA             ; word_5517	Parse Tree Mnemonics
      55/401F : 8F 42                   		dw unk_428F             ; word_5519	Parse Tree Register
      56/4021 : F4 42                   		dw unk_42F4             ; word_551B	Tokenklassen Register,Flags
      57/4023 : 91                      		db  91h		        ; unk_551D	Zeichenklassen Spezialzeichen
      58/4024 : 20                      		db  ' '	        	; 551E
      59/4025 : 2C                      		db  ','	        	; 551F
      60/4026 : 98                      		db  98h		        ; 5520
      61/4027 : 3B                      		db  ';'	        	; 5521		Kommentar
      62/4028 : 00                      		db    0 	        ; 5522		Zeilenende
      63/4029 : 82                      		db  82h		        ; 5523
      64/402A : 2B                      		db  '+'	        	; 5524
      65/402B : 29                      		db  ')'	        	; 5525
      66/402C : 27                      		db  '\''          	; 5526
      67/402D : C0                      		db 0C0h		        ; 5527
      68/402E : 24                      		db  '$'	        	; 5528
      69/402F : A0                      		db 0A0h		        ; 5529
      70/4030 : 23                      		db  '#'	        	; 552A
      71/4031 : 22                      		db  '"'	        	; 552B
 AS V1.42 Beta [Bld 297] - Source File edas4-as.asm - Page 4 - 3/30/2026 15:43:14


      72/4032 : 80                      		db  80h		        ; 552C		sonstiges
      73/4033 : 00                      		db    0 	        ; unk_552D	das aktuelles Zeichen
      74/4034 :                         		;
      75/4034 : A0                      		db 0A0h		        ; 552E
      76/4035 : A0                      		db 0A0h		        ; 552F
      77/4036 :                         ; Ende Defaultwerte
      78/4036 :                         
      79/4036 : 56                      kdotab:		db 'V'
      80/4037 : 87 49                   		dw VIEW
      81/4039 : 4D                      		db 'M'
      82/403A : D8 51                   		dw MARK
      83/403C : 51                      		db 'Q'
      84/403D : 22 51                   		dw QUIT
      85/403F : 52                      		db 'R'
      86/4040 : 8F 49                   		dw RENUM
      87/4042 : 4F                      		db 'O'
      88/4043 : 37 49                   		dw OPTIONS
      89/4045 : 41                      		db 'A'
      90/4046 : F0 53                   		dw ASSEMBLE
      91/4048 : 46                      		db 'F'
      92/4049 : D2 49                   		dw FIND
      93/404B : 58                      		db 'X'
      94/404C : 35 4A                   		dw KILL
      95/404E : 5A                      		db 'Z'
      96/404F : 11 4A                   		dw CORRECT
      97/4051 : 49                      		db 'I'
      98/4052 : 22 4B                   		dw INUM
      99/4054 : 50                      		db 'P'
     100/4055 : 76 49                   		dw PUT
     101/4057 : 51                      		db 'Q'
     102/4058 : 2E 4B                   		dw loc_4B2E			; error 99 illegal command
     103/405A : 48                      		db 'H'
     104/405B : 43 49                   		dw HEIGHT
     105/405D : 2B                      		db '+'
     106/405E : 2A 49                   		dw SETOPT
     107/4060 : 2D                      		db '-'
     108/4061 : 30 49                   		dw RESOPT
     109/4063 : 57                      		db 'W'
     110/4064 : 3D 4D                   		dw WERRORS
     111/4066 : 4A                      		db 'J'
     112/4067 : 68 49                   		dw DELAY
     113/4069 : 4B                      		db 'K'
     114/406A : 6D 49                   		dw PDELAY
     115/406C : 47                      		db 'G'
     116/406D : 4C 49                   		dw GO
     117/406F : 59                      		db 'Y'
     118/4070 : 0A 49                   		dw REUSE
     119/4072 : 2F                      		db '/'
     120/4073 : B4 49                   		dw SEARCH
     121/4075 : 4E                      		db 'N'
     122/4076 : 23 52                   		dw NNUM
     123/4078 : 43                      		db 'C'
     124/4079 : 66 52                   		dw MOVE
     125/407B : 54                      		db 'T'
     126/407C : 49 53                   		dw TRANS
     127/407E : 53                      		db 'S'
     128/407F : 8F 53                   		dw SEC
     129/4081 : 45                      		db 'E'
     130/4082 : A7 53                   		dw SWAP
     131/4084 : 00                      		db    0
 AS V1.42 Beta [Bld 297] - Source File edas4-as.asm - Page 5 - 3/30/2026 15:43:14


     132/4085 :                         ;
     133/4085 :                         
     134/4085 : (MACRO)[0]              		dbr "FREE:      END:      SEC:"
     134/4085 : =0H                     qcnt            eval    0
     134/4085 : ="0"                    temp            eval    "\{qcnt}"
     134/4085 : ='F'                    qrdc_{temp}     eval    'F'
     134/4085 : =1H                     qcnt            eval    qcnt+1
     134/4085 : ="1"                    temp            eval    "\{qcnt}"
     134/4085 : ='R'                    qrdc_{temp}     eval    'R'
     134/4085 : =2H                     qcnt            eval    qcnt+1
     134/4085 : ="2"                    temp            eval    "\{qcnt}"
     134/4085 : ='E'                    qrdc_{temp}     eval    'E'
     134/4085 : =3H                     qcnt            eval    qcnt+1
     134/4085 : ="3"                    temp            eval    "\{qcnt}"
     134/4085 : ='E'                    qrdc_{temp}     eval    'E'
     134/4085 : =4H                     qcnt            eval    qcnt+1
     134/4085 : ="4"                    temp            eval    "\{qcnt}"
     134/4085 : =':'                    qrdc_{temp}     eval    ':'
     134/4085 : =5H                     qcnt            eval    qcnt+1
     134/4085 : ="5"                    temp            eval    "\{qcnt}"
     134/4085 : =' '                    qrdc_{temp}     eval    ' '
     134/4085 : =6H                     qcnt            eval    qcnt+1
     134/4085 : ="6"                    temp            eval    "\{qcnt}"
     134/4085 : =' '                    qrdc_{temp}     eval    ' '
     134/4085 : =7H                     qcnt            eval    qcnt+1
     134/4085 : ="7"                    temp            eval    "\{qcnt}"
     134/4085 : =' '                    qrdc_{temp}     eval    ' '
     134/4085 : =8H                     qcnt            eval    qcnt+1
     134/4085 : ="8"                    temp            eval    "\{qcnt}"
     134/4085 : =' '                    qrdc_{temp}     eval    ' '
     134/4085 : =9H                     qcnt            eval    qcnt+1
     134/4085 : ="9"                    temp            eval    "\{qcnt}"
     134/4085 : =' '                    qrdc_{temp}     eval    ' '
     134/4085 : =0AH                    qcnt            eval    qcnt+1
     134/4085 : ="A"                    temp            eval    "\{qcnt}"
     134/4085 : =' '                    qrdc_{temp}     eval    ' '
     134/4085 : =0BH                    qcnt            eval    qcnt+1
     134/4085 : ="B"                    temp            eval    "\{qcnt}"
     134/4085 : ='E'                    qrdc_{temp}     eval    'E'
     134/4085 : =0CH                    qcnt            eval    qcnt+1
     134/4085 : ="C"                    temp            eval    "\{qcnt}"
     134/4085 : ='N'                    qrdc_{temp}     eval    'N'
     134/4085 : =0DH                    qcnt            eval    qcnt+1
     134/4085 : ="D"                    temp            eval    "\{qcnt}"
     134/4085 : ='D'                    qrdc_{temp}     eval    'D'
     134/4085 : =0EH                    qcnt            eval    qcnt+1
     134/4085 : ="E"                    temp            eval    "\{qcnt}"
     134/4085 : =':'                    qrdc_{temp}     eval    ':'
     134/4085 : =0FH                    qcnt            eval    qcnt+1
     134/4085 : ="F"                    temp            eval    "\{qcnt}"
     134/4085 : =' '                    qrdc_{temp}     eval    ' '
     134/4085 : =10H                    qcnt            eval    qcnt+1
     134/4085 : ="10"                   temp            eval    "\{qcnt}"
     134/4085 : =' '                    qrdc_{temp}     eval    ' '
     134/4085 : =11H                    qcnt            eval    qcnt+1
     134/4085 : ="11"                   temp            eval    "\{qcnt}"
     134/4085 : =' '                    qrdc_{temp}     eval    ' '
     134/4085 : =12H                    qcnt            eval    qcnt+1
     134/4085 : ="12"                   temp            eval    "\{qcnt}"
     134/4085 : =' '                    qrdc_{temp}     eval    ' '
 AS V1.42 Beta [Bld 297] - Source File edas4-as.asm - Page 6 - 3/30/2026 15:43:14


     134/4085 : =13H                    qcnt            eval    qcnt+1
     134/4085 : ="13"                   temp            eval    "\{qcnt}"
     134/4085 : =' '                    qrdc_{temp}     eval    ' '
     134/4085 : =14H                    qcnt            eval    qcnt+1
     134/4085 : ="14"                   temp            eval    "\{qcnt}"
     134/4085 : =' '                    qrdc_{temp}     eval    ' '
     134/4085 : =15H                    qcnt            eval    qcnt+1
     134/4085 : ="15"                   temp            eval    "\{qcnt}"
     134/4085 : ='S'                    qrdc_{temp}     eval    'S'
     134/4085 : =16H                    qcnt            eval    qcnt+1
     134/4085 : ="16"                   temp            eval    "\{qcnt}"
     134/4085 : ='E'                    qrdc_{temp}     eval    'E'
     134/4085 : =17H                    qcnt            eval    qcnt+1
     134/4085 : ="17"                   temp            eval    "\{qcnt}"
     134/4085 : ='C'                    qrdc_{temp}     eval    'C'
     134/4085 : =18H                    qcnt            eval    qcnt+1
     134/4085 : ="18"                   temp            eval    "\{qcnt}"
     134/4085 : =':'                    qrdc_{temp}     eval    ':'
     134/4085 : =19H                    qcnt            eval    qcnt+1
     134/4085 : =18H                    qcnt            eval    qcnt-1
     134/4085 : ="18"                   temp            eval    "\{qcnt}"
     134/4085 : 3A                                      DB      qrdc_{temp}
     134/4086 : =17H                    qcnt            eval    qcnt-1
     134/4086 : ="17"                   temp            eval    "\{qcnt}"
     134/4086 : 43                                      DB      qrdc_{temp}
     134/4087 : =16H                    qcnt            eval    qcnt-1
     134/4087 : ="16"                   temp            eval    "\{qcnt}"
     134/4087 : 45                                      DB      qrdc_{temp}
     134/4088 : =15H                    qcnt            eval    qcnt-1
     134/4088 : ="15"                   temp            eval    "\{qcnt}"
     134/4088 : 53                                      DB      qrdc_{temp}
     134/4089 : =14H                    qcnt            eval    qcnt-1
     134/4089 : ="14"                   temp            eval    "\{qcnt}"
     134/4089 : 20                                      DB      qrdc_{temp}
     134/408A : =13H                    qcnt            eval    qcnt-1
     134/408A : ="13"                   temp            eval    "\{qcnt}"
     134/408A : 20                                      DB      qrdc_{temp}
     134/408B : =12H                    qcnt            eval    qcnt-1
     134/408B : ="12"                   temp            eval    "\{qcnt}"
     134/408B : 20                                      DB      qrdc_{temp}
     134/408C : =11H                    qcnt            eval    qcnt-1
     134/408C : ="11"                   temp            eval    "\{qcnt}"
     134/408C : 20                                      DB      qrdc_{temp}
     134/408D : =10H                    qcnt            eval    qcnt-1
     134/408D : ="10"                   temp            eval    "\{qcnt}"
     134/408D : 20                                      DB      qrdc_{temp}
     134/408E : =0FH                    qcnt            eval    qcnt-1
     134/408E : ="F"                    temp            eval    "\{qcnt}"
     134/408E : 20                                      DB      qrdc_{temp}
     134/408F : =0EH                    qcnt            eval    qcnt-1
     134/408F : ="E"                    temp            eval    "\{qcnt}"
     134/408F : 3A                                      DB      qrdc_{temp}
     134/4090 : =0DH                    qcnt            eval    qcnt-1
     134/4090 : ="D"                    temp            eval    "\{qcnt}"
     134/4090 : 44                                      DB      qrdc_{temp}
     134/4091 : =0CH                    qcnt            eval    qcnt-1
     134/4091 : ="C"                    temp            eval    "\{qcnt}"
     134/4091 : 4E                                      DB      qrdc_{temp}
     134/4092 : =0BH                    qcnt            eval    qcnt-1
     134/4092 : ="B"                    temp            eval    "\{qcnt}"
 AS V1.42 Beta [Bld 297] - Source File edas4-as.asm - Page 7 - 3/30/2026 15:43:14


     134/4092 : 45                                      DB      qrdc_{temp}
     134/4093 : =0AH                    qcnt            eval    qcnt-1
     134/4093 : ="A"                    temp            eval    "\{qcnt}"
     134/4093 : 20                                      DB      qrdc_{temp}
     134/4094 : =9H                     qcnt            eval    qcnt-1
     134/4094 : ="9"                    temp            eval    "\{qcnt}"
     134/4094 : 20                                      DB      qrdc_{temp}
     134/4095 : =8H                     qcnt            eval    qcnt-1
     134/4095 : ="8"                    temp            eval    "\{qcnt}"
     134/4095 : 20                                      DB      qrdc_{temp}
     134/4096 : =7H                     qcnt            eval    qcnt-1
     134/4096 : ="7"                    temp            eval    "\{qcnt}"
     134/4096 : 20                                      DB      qrdc_{temp}
     134/4097 : =6H                     qcnt            eval    qcnt-1
     134/4097 : ="6"                    temp            eval    "\{qcnt}"
     134/4097 : 20                                      DB      qrdc_{temp}
     134/4098 : =5H                     qcnt            eval    qcnt-1
     134/4098 : ="5"                    temp            eval    "\{qcnt}"
     134/4098 : 20                                      DB      qrdc_{temp}
     134/4099 : =4H                     qcnt            eval    qcnt-1
     134/4099 : ="4"                    temp            eval    "\{qcnt}"
     134/4099 : 3A                                      DB      qrdc_{temp}
     134/409A : =3H                     qcnt            eval    qcnt-1
     134/409A : ="3"                    temp            eval    "\{qcnt}"
     134/409A : 45                                      DB      qrdc_{temp}
     134/409B : =2H                     qcnt            eval    qcnt-1
     134/409B : ="2"                    temp            eval    "\{qcnt}"
     134/409B : 45                                      DB      qrdc_{temp}
     134/409C : =1H                     qcnt            eval    qcnt-1
     134/409C : ="1"                    temp            eval    "\{qcnt}"
     134/409C : 52                                      DB      qrdc_{temp}
     134/409D : =0H                     qcnt            eval    qcnt-1
     134/409D : ="0"                    temp            eval    "\{qcnt}"
     134/409D : 46                                      DB      qrdc_{temp}
     135/409E : =409DH                  unk_409D:	equ	$-1
     136/409E : (MACRO)[51]             		dbr	"ZZZZZZZ"
     136/409E : =0H                     qcnt            eval    0
     136/409E : ="0"                    temp            eval    "\{qcnt}"
     136/409E : ='Z'                    qrdc_{temp}     eval    'Z'
     136/409E : =1H                     qcnt            eval    qcnt+1
     136/409E : ="1"                    temp            eval    "\{qcnt}"
     136/409E : ='Z'                    qrdc_{temp}     eval    'Z'
     136/409E : =2H                     qcnt            eval    qcnt+1
     136/409E : ="2"                    temp            eval    "\{qcnt}"
     136/409E : ='Z'                    qrdc_{temp}     eval    'Z'
     136/409E : =3H                     qcnt            eval    qcnt+1
     136/409E : ="3"                    temp            eval    "\{qcnt}"
     136/409E : ='Z'                    qrdc_{temp}     eval    'Z'
     136/409E : =4H                     qcnt            eval    qcnt+1
     136/409E : ="4"                    temp            eval    "\{qcnt}"
     136/409E : ='Z'                    qrdc_{temp}     eval    'Z'
     136/409E : =5H                     qcnt            eval    qcnt+1
     136/409E : ="5"                    temp            eval    "\{qcnt}"
     136/409E : ='Z'                    qrdc_{temp}     eval    'Z'
     136/409E : =6H                     qcnt            eval    qcnt+1
     136/409E : ="6"                    temp            eval    "\{qcnt}"
     136/409E : ='Z'                    qrdc_{temp}     eval    'Z'
     136/409E : =7H                     qcnt            eval    qcnt+1
     136/409E : =6H                     qcnt            eval    qcnt-1
     136/409E : ="6"                    temp            eval    "\{qcnt}"
 AS V1.42 Beta [Bld 297] - Source File edas4-as.asm - Page 8 - 3/30/2026 15:43:14


     136/409E : 5A                                      DB      qrdc_{temp}
     136/409F : =5H                     qcnt            eval    qcnt-1
     136/409F : ="5"                    temp            eval    "\{qcnt}"
     136/409F : 5A                                      DB      qrdc_{temp}
     136/40A0 : =4H                     qcnt            eval    qcnt-1
     136/40A0 : ="4"                    temp            eval    "\{qcnt}"
     136/40A0 : 5A                                      DB      qrdc_{temp}
     136/40A1 : =3H                     qcnt            eval    qcnt-1
     136/40A1 : ="3"                    temp            eval    "\{qcnt}"
     136/40A1 : 5A                                      DB      qrdc_{temp}
     136/40A2 : =2H                     qcnt            eval    qcnt-1
     136/40A2 : ="2"                    temp            eval    "\{qcnt}"
     136/40A2 : 5A                                      DB      qrdc_{temp}
     136/40A3 : =1H                     qcnt            eval    qcnt-1
     136/40A3 : ="1"                    temp            eval    "\{qcnt}"
     136/40A3 : 5A                                      DB      qrdc_{temp}
     136/40A4 : =0H                     qcnt            eval    qcnt-1
     136/40A4 : ="0"                    temp            eval    "\{qcnt}"
     136/40A4 : 5A                                      DB      qrdc_{temp}
     137/40A5 : =40A4H                  unk_40A4:	equ	$-1
     138/40A5 :                         ;
     139/40A5 : 20                      		db  20h
     140/40A6 : FF                      		db 0FFh
     141/40A7 : FF                      		db 0FFh
     142/40A8 :                         
     143/40A8 :                         ; Bereich unk_40A8..unk_42F4 entspricht unverändert ZEAP20
     144/40A8 :                         ;---------------------------------------
     145/40A8 :                         ;
     146/40A8 : 75                      unk_40A8:	db  75h
     147/40A9 : 00                      		db    0
     148/40AA :                         
     149/40AA :                         ; Parsebaum Mnemonics
     150/40AA :                         ; 1. Byte letze drei Bit Scanposition
     151/40AA :                         ; 	b7 special code
     152/40AA :                         ;	b4 prefix byte ed
     153/40AA :                         ;	b3 prefix byte cb
     154/40AA :                         ;	b2..b0 scan position
     155/40AA :                         ; zu scannende Token (Zeichen und Zeichenklassen)
     156/40AA :                         ; bis zu gesetztem Bit 8
     157/40AA :                         ; dann folgt 1 Byte Code
     158/40AA :                         ; Ende Baum mit 0
     159/40AA :                         
     160/40AA : 80                      unk_40AA:	db  80h
     161/40AB : 00                      		db    0
     162/40AC :                         		; L
     163/40AC : 01                      		db    1			; LD A,r
     164/40AD : 4C                      		db  4Ch	; L
     165/40AE : 44                      		db  44h	; D
     166/40AF : 60                      		db  60h	; reg A
     167/40B0 : 83                      		db  83h	; r
     168/40B1 : 78                      		db  78h	; code ld a,b
     169/40B2 :                         		;
     170/40B2 : 04                      		db    4	 		; LD A,n
     171/40B3 : F4                      		db 0F4h	; n
     172/40B4 : 3E                      		db  3Eh	; code ld a,n
     173/40B5 :                         		;
     174/40B5 : 04                      		db    4			; LD A,(BC)
     175/40B6 : B1                      		db 0B1h ; (BC)
     176/40B7 : 0A                      		db  0Ah	; code ld a,(bc)
     177/40B8 :                         		;
 AS V1.42 Beta [Bld 297] - Source File edas4-as.asm - Page 9 - 3/30/2026 15:43:14


     178/40B8 : 04                      		db    4			; LD A,(DE)
     179/40B9 : E5                      		db 0E5h	; (DE)
     180/40BA : 1A                      		db  1Ah	; code ld a,(de)
     181/40BB :                         		;
     182/40BB : 04                      		db    4			; LD A,(NN)
     183/40BC : F3                      		db 0F3h	; (nn)
     184/40BD : 3A                      		db  3Ah	; ld a,(nn)
     185/40BE :                         		;
     186/40BE : 14                      		db  14h ; ed,4 		; LD A,I
     187/40BF : EC                      		db 0ECh ; reg I
     188/40C0 : 57                      		db  57h ; code ld a,i ed 57
     189/40C1 :                         		;
     190/40C1 : 14                      		db  14h ; ed,4 		; LD A,R
     191/40C2 : EE                      		db 0EEh	; reg R
     192/40C3 : 5F                      		db  5Fh ; code ld a,r ed 5f
     193/40C4 :                         		;
     194/40C4 : 03                      		db    3 		; LD r,r'
     195/40C5 : 00                      		db    0	; r
     196/40C6 : 83                      		db  83h	; r'
     197/40C7 : 40                      		db  40h	; code LD B,B
     198/40C8 :                         		;
     199/40C8 : 04                      		db    4			; LD r,n
     200/40C9 : F4                      		db 0F4h ; n
     201/40CA : 06                      		db    6	; code ld b,n
     202/40CB :                         		;
     203/40CB : 03                      		db    3			; LD HL,addr
     204/40CC : 62                      		db  62h	; HL
     205/40CD : F2                      		db 0F2h	; addr
     206/40CE : 21                      		db  21h	; code ld hl,nn
     207/40CF :                         		;
     208/40CF : 04                      		db    4			; LD HL,(addr)
     209/40D0 : F3                      		db 0F3h	; (addr)
     210/40D1 : 2A                      		db  2Ah	; code ld hl,(nn)
     211/40D2 :                         		;
     212/40D2 : 03                      		db    3			; LD SP,addr
     213/40D3 : 6A                      		db  6Ah	; SP
     214/40D4 : F2                      		db 0F2h	; addr
     215/40D5 : 31                      		db  31h	; code ld sp,nn
     216/40D6 :                         		;
     217/40D6 : 04                      		db    4			; LD SP,HL
     218/40D7 : E2                      		db 0E2h	; HL
     219/40D8 : F9                      		db 0F9h	; code ld sp,hl
     220/40D9 :                         		;
     221/40D9 : 14                      		db  14h	; ed,4		; LD SP,(addr)
     222/40DA : F3                      		db 0F3h	; (addr)
     223/40DB : 7B                      		db  7Bh	; code ed 7b
     224/40DC :                         		;
     225/40DC : 03                      		db    3			; LD rr,addr
     226/40DD : 0C                      		db  0Ch	; rr
     227/40DE : F2                      		db 0F2h	; addr
     228/40DF : 01                      		db    1	; code ld bc,nn
     229/40E0 :                         		;
     230/40E0 : 14                      		db  14h	; ed,4		; LD rr,(addr)
     231/40E1 : F3                      		db 0F3h	; (addr)
     232/40E2 : 4B                      		db  4Bh	; code ed 4b ld bc,(nn)
     233/40E3 :                         		;
     234/40E3 : 03                      		db    3			; LD (addr),hl
     235/40E4 : 73                      		db  73h	; (addr)
     236/40E5 : E2                      		db 0E2h	; HL
     237/40E6 : 22                      		db  22h	; code ld (nn),hl
 AS V1.42 Beta [Bld 297] - Source File edas4-as.asm - Page 10 - 3/30/2026 15:43:14


     238/40E7 :                         		;
     239/40E7 : 14                      		db  14h	; ed,4		; LD (addr),rr
     240/40E8 : 8C                      		db  8Ch	; rr
     241/40E9 : 43                      		db  43h	; code ld (nn),bc ed 43
     242/40EA :                         		;
     243/40EA : 04                      		db    4			; LD (addr),A
     244/40EB : E0                      		db 0E0h	; A
     245/40EC : 32                      		db  32h	; code ld (nn),a
     246/40ED :                         		;
     247/40ED : 03                      		db    3			; LD (BC),A
     248/40EE : 31                      		db  31h	; (bc)
     249/40EF : E0                      		db 0E0h	; A
     250/40F0 : 02                      		db    2	; code ld (bc),a
     251/40F1 :                         		;
     252/40F1 : 03                      		db    3			; LD (DE),a
     253/40F2 : 65                      		db  65h	; (de)
     254/40F3 : E0                      		db 0E0h	; A
     255/40F4 : 12                      		db  12h	; code LD (DE),A
     256/40F5 :                         		;
     257/40F5 : 13                      		db  13h	; ed,3		; LDI
     258/40F6 : C9                      		db 0C9h	; I
     259/40F7 : A0                      		db 0A0h	; code ed a0
     260/40F8 :                         		;
     261/40F8 : 14                      		db  14h	; ed,4		; LDIR
     262/40F9 : D2                      		db 0D2h	; R
     263/40FA : B0                      		db 0B0h	; code ed b0
     264/40FB :                         		;
     265/40FB : 13                      		db  13h	; ed,3		; LDD
     266/40FC : C4                      		db 0C4h	; D
     267/40FD : A8                      		db 0A8h; code ed a8
     268/40FE :                         		;
     269/40FE : 14                      		db  14h	; ed,4		; LDDR
     270/40FF : D2                      		db 0D2h	; R
     271/4100 : B8                      		db 0B8h; code ed b8
     272/4101 :                         		;
     273/4101 : 13                      		db  13h	; ed,3		; LD I,A
     274/4102 : 6C                      		db  6Ch	; reg I
     275/4103 : E0                      		db 0E0h	; reg A
     276/4104 : 47                      		db  47h	; code ed 47
     277/4105 :                         		;
     278/4105 : 13                      		db  13h	; ed,3		; LD R,A
     279/4106 : 6E                      		db  6Eh	; reg R
     280/4107 : E0                      		db 0E0h	; reg A
     281/4108 : 4F                      		db  4Fh	; code ed 4f
     282/4109 :                         		; J
     283/4109 : 01                      		db    1			; JR ofs
     284/410A : 4A                      		db  4Ah	; J
     285/410B : 52                      		db  52h	; R
     286/410C : F8                      		db 0F8h	; ofs
     287/410D : 18                      		db  18h	; code jr
     288/410E :                         		;
     289/410E : 03                      		db    3			; JR flg,ofs
     290/410F : 09                      		db    9	; flag
     291/4110 : F8                      		db 0F8h	; ofs
     292/4111 : 20                      		db  20h	; code jr nz
     293/4112 :                         		;
     294/4112 : 02                      		db    2			; JP addr
     295/4113 : 50                      		db  50h	; P
     296/4114 : F2                      		db 0F2h ; addr
     297/4115 : C3                      		db 0C3h	; code jp
 AS V1.42 Beta [Bld 297] - Source File edas4-as.asm - Page 11 - 3/30/2026 15:43:14


     298/4116 :                         		;
     299/4116 : 03                      		db    3			; JP flg,addr
     300/4117 : 06                      		db    6	; flag
     301/4118 : F2                      		db 0F2h	; addr
     302/4119 : C2                      		db 0C2h	; code jp nz
     303/411A :                         		;
     304/411A : 43                      		db  43h	; ??,3		; JP (HL)
     305/411B : E3                      		db 0E3h	; (HL)
     306/411C : E9                      		db 0E9h	; code jp (hl)
     307/411D :                         		;P
     308/411D : 01                      		db    1			; PUSH rr
     309/411E : 50                      		db  50h	; P
     310/411F : 55                      		db  55h	; U
     311/4120 : 53                      		db  53h	; S
     312/4121 : 48                      		db  48h	; H
     313/4122 : 8F                      		db  8Fh	; rr
     314/4123 : C5                      		db 0C5h	; code push bc
     315/4124 :                         		;
     316/4124 : 02                      		db    2			; POP rr
     317/4125 : 4F                      		db  4Fh	; O
     318/4126 : 50                      		db  50h	; P
     319/4127 : 8F                      		db  8Fh ; rr
     320/4128 : C1                      		db 0C1h	; code pop bc
     321/4129 :                         		;C
     322/4129 : 01                      		db    1			; CALL nn
     323/412A : 43                      		db  43h	; C
     324/412B : 41                      		db  41h	; A
     325/412C : 4C                      		db  4Ch	; L
     326/412D : 4C                      		db  4Ch	; L
     327/412E : F2                      		db 0F2h	; nn
     328/412F : CD                      		db 0CDh	; code call
     329/4130 :                         		;
     330/4130 : 05                      		db    5			; CALL flg,addr
     331/4131 : 06                      		db    6	; flag
     332/4132 : F2                      		db 0F2h	; addr
     333/4133 : C4                      		db 0C4h	; code call nz
     334/4134 :                         		;
     335/4134 : 02                      		db    2			; CP r
     336/4135 : 50                      		db  50h	; P
     337/4136 : 83                      		db  83h ; r
     338/4137 : B8                      		db 0B8h	; code cp b
     339/4138 :                         		;
     340/4138 : 03                      		db    3			; CP n
     341/4139 : F4                      		db 0F4h	; n
     342/413A : FE                      		db 0FEh	; code cp n
     343/413B :                         		;
     344/413B : 03                      		db    3			; CPL
     345/413C : CC                      		db 0CCh	; L
     346/413D : 2F                      		db  2Fh	; code cpl
     347/413E :                         		;
     348/413E : 13                      		db  13h	; ed,3		; CPI
     349/413F : C9                      		db 0C9h	; I + 80h
     350/4140 : A1                      		db 0A1h	; code ed a1
     351/4141 :                         		;
     352/4141 : 14                      		db  14h	; ed,4		; CPIR
     353/4142 : D2                      		db 0D2h	; R + 80h
     354/4143 : B1                      		db 0B1h	; code ed b1
     355/4144 :                         		;
     356/4144 : 13                      		db  13h	; ed,3		; CPD
     357/4145 : C4                      		db 0C4h	; D + 80h
 AS V1.42 Beta [Bld 297] - Source File edas4-as.asm - Page 12 - 3/30/2026 15:43:14


     358/4146 : A9                      		db 0A9h	; code ed a9
     359/4147 :                         		;
     360/4147 : 14                      		db  14h	; ed,4		; CPDR
     361/4148 : D2                      		db 0D2h	; R + 80h
     362/4149 : B9                      		db 0B9h	; code ed b9
     363/414A :                         		;
     364/414A : 02                      		db    2			; CCF
     365/414B : 43                      		db  43h	; C
     366/414C : C6                      		db 0C6h	; F + 80h
     367/414D : 3F                      		db  3Fh	; code ccf
     368/414E :                         		; E
     369/414E : 81                      		db  81h	; special,1	; EQU
     370/414F : 45                      		db  45h	; E
     371/4150 : 51                      		db  51h	; Q
     372/4151 : D5                      		db 0D5h	; U + 80h
     373/4152 : 00                      		db    0	; special code 0
     374/4153 :                         		;
     375/4153 : 02                      		db    2			; EX AF,AF
     376/4154 : 58                      		db  58h	; X
     377/4155 : 68                      		db  68h	; AF
     378/4156 : E8                      		db 0E8h	; AF
     379/4157 : 08                      		db  08h	; code ex af,af'
     380/4158 :                         		;
     381/4158 : 03                      		db    3			; EX DE,HL
     382/4159 : 64                      		db  64h	; DE
     383/415A : E2                      		db 0E2h	; HL
     384/415B : EB                      		db 0EBh	; code ex de,hl
     385/415C : 03                      		db    3			; EX (SP),HL
     386/415D : 6B                      		db  6Bh	; (SP)
     387/415E : E2                      		db 0E2h	; HL
     388/415F : E3                      		db 0E3h	; code ex (sp),hl
     389/4160 : 03                      		db    3			; EXX
     390/4161 : D8                      		db 0D8h	; X
     391/4162 : D9                      		db 0D9h ; code exx
     392/4163 : 02                      		db    2			; EI
     393/4164 : C9                      		db 0C9h	; I
     394/4165 : FB                      		db 0FBh	; code ei
     395/4166 :                         		;
     396/4166 : 82                      		db  82h	; special,2	; ENT
     397/4167 : 4E                      		db  4Eh	; N
     398/4168 : D4                      		db 0D4h	; T + 80H
     399/4169 : 80                      		db  80h	; special code 80
     400/416A :                         		; I
     401/416A : 01                      		db    1			; INC r
     402/416B : 49                      		db  49h	; I
     403/416C : 4E                      		db  4Eh	; N
     404/416D : 43                      		db  43h	; C
     405/416E : 80                      		db  80h	; r
     406/416F : 04                      		db    4	; code inc b
     407/4170 :                         		;
     408/4170 : 04                      		db    4	 		; INC rr
     409/4171 : 8C                      		db  8Ch ; rr
     410/4172 : 03                      		db    3	; code inc bc
     411/4173 :                         		;
     412/4173 : 03                      		db    3			; IN A,(n)
     413/4174 : 60                      		db  60h	; reg A
     414/4175 : F5                      		db 0F5h ; (n)
     415/4176 : DB                      		db 0DBh	; code in a,(n) DB 56
     416/4177 :                         		;
     417/4177 : 14                      		db  14h	; ed,4		; IN A,(C)
 AS V1.42 Beta [Bld 297] - Source File edas4-as.asm - Page 13 - 3/30/2026 15:43:14


     418/4178 : E7                      		db 0E7h ; (c)
     419/4179 : 78                      		db  78h	; code ed 78
     420/417A :                         		;
     421/417A : 13                      		db  13h	; ed,3		; IN r,(C)
     422/417B : 00                      		db    0	; r
     423/417C : E7                      		db 0E7h	; (c)
     424/417D : 40                      		db  40h	; code in b,(c)
     425/417E :                         		;
     426/417E : 13                      		db  13h	; ed,3		; INI
     427/417F : C9                      		db 0C9h	; I + 80H
     428/4180 : A2                      		db 0A2h	; code ed a2
     429/4181 :                         		;
     430/4181 : 14                      		db  14h	; ed,4		; INIR
     431/4182 : D2                      		db 0D2h	; R + 80H
     432/4183 : B2                      		db 0B2h	; code ed b2
     433/4184 :                         		;
     434/4184 : 13                      		db  13h	; ed,3		; IND
     435/4185 : C4                      		db 0C4h	; D + 80H
     436/4186 : AA                      		db 0AAh	; code ed aa
     437/4187 :                         		;
     438/4187 : 14                      		db  14h	; ed,4		; INDR
     439/4188 : D2                      		db 0D2h	; R + 80H
     440/4189 : BA                      		db 0BAh	; code ed ba
     441/418A :                         		;
     442/418A : 12                      		db  12h	; ed,2		; IM n
     443/418B : 4D                      		db  4Dh	; M
     444/418C : FE                      		db 0FEh	; 0..2 (IM-Mode)
     445/418D : 46                      		db  46h	; code im 0
     446/418E :                         		; D
     447/418E : 81                      		db  81h	; special,1	; DEFB
     448/418F : 44                      		db  44h	; D
     449/4190 : 45                      		db  45h	; E
     450/4191 : 46                      		db  46h	; F
     451/4192 : C2                      		db 0C2h	; B
     452/4193 : 04                      		db    4	; special code 4
     453/4194 :                         		;
     454/4194 : 84                      		db  84h	; special,4	; DEFW
     455/4195 : D7                      		db 0D7h	; W + 80H
     456/4196 : 05                      		db    5	; special code 5
     457/4197 :                         		;
     458/4197 : 84                      		db  84h	; special,4	; DEFM
     459/4198 : CD                      		db 0CDh	; M + 80H
     460/4199 : 03                      		db    3	; special code 3
     461/419A :                         		;
     462/419A : 84                      		db  84h	; special,4	; DEFS
     463/419B : D3                      		db 0D3h	; S + 80H
     464/419C : 02                      		db    2	; special code 2
     465/419D :                         		;
     466/419D : 03                      		db    3			; DEC r
     467/419E : 43                      		db  43h	; C
     468/419F : 80                      		db  80h ; r
     469/41A0 : 05                      		db  05h	; code dec B
     470/41A1 :                         		;
     471/41A1 : 04                      		db    4			; DEC rr
     472/41A2 : 8C                      		db  8Ch ; rr
     473/41A3 : 0B                      		db  0Bh	; code dec BC
     474/41A4 :                         		;
     475/41A4 : 02                      		db    2			; DJNZ ofs
     476/41A5 : 4A                      		db  4Ah	; J
     477/41A6 : 4E                      		db  4Eh	; N
 AS V1.42 Beta [Bld 297] - Source File edas4-as.asm - Page 14 - 3/30/2026 15:43:14


     478/41A7 : 5A                      		db  5Ah	; Z
     479/41A8 : F8                      		db 0F8h	; ofs
     480/41A9 : 10                      		db  10h	; code 10 xx
     481/41AA :                         		;
     482/41AA : 02                      		db    2			; DAA
     483/41AB : 41                      		db  41h	; A
     484/41AC : C1                      		db 0C1h	; A
     485/41AD : 27                      		db  27h	; code daa
     486/41AE :                         		;
     487/41AE : 02                      		db    2			; DI
     488/41AF : C9                      		db 0C9h	; I + 80H
     489/41B0 : F3                      		db 0F3h	; code di
     490/41B1 :                         		; S
     491/41B1 : 11                      		db  11h	; ed,1		; SBC HL,rr
     492/41B2 : 53                      		db  53h	; S
     493/41B3 : 42                      		db  42h	; B
     494/41B4 : 43                      		db  43h	; C
     495/41B5 : 62                      		db  62h	; HL
     496/41B6 : 8C                      		db  8Ch	; rr
     497/41B7 : 42                      		db  42h	; code sbc hl,bc ed 42
     498/41B8 :                         		;
     499/41B8 : 04                      		db    4			; SBC r
     500/41B9 : 60                      		db  60h
     501/41BA : 83                      		db  83h ; r
     502/41BB : 98                      		db  98h	; code sbc b
     503/41BC :                         		;
     504/41BC : 05                      		db    5			; SBC A,n
     505/41BD : F4                      		db 0F4h	; n
     506/41BE : DE                      		db 0DEh ; code DE 56 sbc a,n
     507/41BF :                         		;
     508/41BF : 02                      		db    2			; SUB r
     509/41C0 : 55                      		db  55h	; U
     510/41C1 : 42                      		db  42h	; B
     511/41C2 : 83                      		db  83h	; r
     512/41C3 : 90                      		db  90h	; code sub b
     513/41C4 :                         		;
     514/41C4 : 04                      		db    4			; SUB n
     515/41C5 : F4                      		db 0F4h	; n
     516/41C6 : D6                      		db 0D6h	; code sub n
     517/41C7 :                         		;
     518/41C7 : 82                      		db  82h	; special,4	; SKIP
     519/41C8 : 4B                      		db  4Bh	; K
     520/41C9 : 49                      		db  49h	; I
     521/41CA : D0                      		db 0D0h	; P
     522/41CB : 81                      		db  81h ; special code 81
     523/41CC :                         		;
     524/41CC : 0A                      		db  0Ah	; cb,2		; SLA r
     525/41CD : 4C                      		db  4Ch	; L
     526/41CE : 41                      		db  41h	; A
     527/41CF : 83                      		db  83h ; r
     528/41D0 : 20                      		db  20h ; code sla b cb 20
     529/41D1 :                         		;
     530/41D1 : 0A                      		db  0Ah	; cb,2		; SRA r
     531/41D2 : 52                      		db  52h	; R
     532/41D3 : 41                      		db  41h	; A
     533/41D4 : 83                      		db  83h	; r
     534/41D5 : 28                      		db  28h	; code sra b cb 28
     535/41D6 :                         		;
     536/41D6 : 0B                      		db  0Bh	; cb,3		; SRL r
     537/41D7 : 4C                      		db  4Ch	; L
 AS V1.42 Beta [Bld 297] - Source File edas4-as.asm - Page 15 - 3/30/2026 15:43:14


     538/41D8 : 83                      		db  83h ; r
     539/41D9 : 38                      		db  38h	; code srl b
     540/41DA :                         		;
     541/41DA : 0A                      		db  0Ah	; cb,2		; SET bit,r
     542/41DB : 45                      		db  45h	; E
     543/41DC : 54                      		db  54h	; T
     544/41DD : 7A                      		db  7Ah ; bit
     545/41DE : 83                      		db  83h ; r
     546/41DF : C0                      		db 0C0h	; code set 0,b
     547/41E0 :                         		;
     548/41E0 : 02                      		db    2			; SCF
     549/41E1 : 43                      		db  43h	; C
     550/41E2 : C6                      		db 0C6h	; F + 80H
     551/41E3 : 37                      		db  37h	; code 37
     552/41E4 :                         		;
     553/41E4 : 03                      		db    3			; SCAL n
     554/41E5 : 41                      		db  41h	; A
     555/41E6 : 4C                      		db  4Ch	; L
     556/41E7 : F4                      		db 0F4h	; n
     557/41E8 : DF                      		db 0DFh	; code rst 18h n
     558/41E9 :                         		; R
     559/41E9 : 01                      		db    1			; RET
     560/41EA : 52                      		db  52h	; R
     561/41EB : 45                      		db  45h	; E
     562/41EC : D4                      		db 0D4h	; T + 80h
     563/41ED : C9                      		db 0C9h	; code ret
     564/41EE :                         		;
     565/41EE : 04                      		db    4			; RET flg
     566/41EF : 86                      		db  86h	; flag
     567/41F0 : C0                      		db 0C0h	; code ret nc
     568/41F1 :                         		;
     569/41F1 : 14                      		db  14h	; ed,4		; RETI
     570/41F2 : C9                      		db 0C9h	; I + 80H
     571/41F3 : 4D                      		db  4Dh	; code ed 4d
     572/41F4 :                         		;
     573/41F4 : 14                      		db  14h	; ed,4		; RETN
     574/41F5 : CE                      		db 0CEh	; N + 80H
     575/41F6 : 45                      		db  45h	; code ed 45
     576/41F7 :                         		;
     577/41F7 : 0B                      		db  0Bh	; cb,3		; RES bit,r
     578/41F8 : 53                      		db  53h	; S
     579/41F9 : 7A                      		db  7Ah	; bit
     580/41FA : 83                      		db  83h	; r
     581/41FB : 80                      		db  80h	; code res
     582/41FC :                         		;
     583/41FC : 02                      		db    2			; RCAL ofs
     584/41FD : 43                      		db  43h	; C
     585/41FE : 41                      		db  41h	; A
     586/41FF : 4C                      		db  4Ch	; L
     587/4200 : F8                      		db 0F8h	; ofs
     588/4201 : D7                      		db 0D7h	; code rst 10h nn
     589/4202 :                         		;
     590/4202 : 0A                      		db  0Ah	; cb,1		; RLC r
     591/4203 : 4C                      		db  4Ch	; L
     592/4204 : 43                      		db  43h	; C
     593/4205 : 83                      		db  83h	; r
     594/4206 : 00                      		db    0	; code rlc b
     595/4207 :                         		;
     596/4207 : 04                      		db    4			; RLCA
     597/4208 : C1                      		db 0C1h	; A + 80H
 AS V1.42 Beta [Bld 297] - Source File edas4-as.asm - Page 16 - 3/30/2026 15:43:14


     598/4209 : 07                      		db    7	; code 07
     599/420A :                         		;
     600/420A : 0B                      		db  0Bh	; cb,2		; RL r
     601/420B : 83                      		db  83h	; r
     602/420C : 10                      		db  10h	; code rl b
     603/420D :                         		;
     604/420D : 03                      		db    3			; RLA
     605/420E : C1                      		db 0C1h	; A + 80H
     606/420F : 17                      		db  17h	; code 17
     607/4210 :                         		;
     608/4210 : 13                      		db  13h	; ed,3		; RLD
     609/4211 : C4                      		db 0C4h	; D + 80H
     610/4212 : 6F                      		db  6Fh	; code ed 6f
     611/4213 :                         		;
     612/4213 : 0A                      		db  0Ah	; cb,1		; RRC r
     613/4214 : 52                      		db  52h	; R
     614/4215 : 43                      		db  43h	; C
     615/4216 : 83                      		db  83h ; r
     616/4217 : 08                      		db  08h	; code rrc b
     617/4218 :                         		;
     618/4218 : 04                      		db    4			; RRCA
     619/4219 : C1                      		db 0C1h	; A + 80H
     620/421A : 0F                      		db  0Fh	; code 0f
     621/421B :                         		;
     622/421B : 0B                      		db  0Bh	; cb,2		; RR r
     623/421C : 83                      		db  83h	; r
     624/421D : 18                      		db  18h ; code rr b cb 18
     625/421E :                         		;
     626/421E : 03                      		db    3			; RRA
     627/421F : C1                      		db 0C1h	; A + 80H
     628/4220 : 1F                      		db  1Fh	; code 1f
     629/4221 :                         		;
     630/4221 : 13                      		db  13h	; ed,3		; RRD
     631/4222 : C4                      		db 0C4h	; D + 80H
     632/4223 : 67                      		db  67h	; code ed 67
     633/4224 :                         		;
     634/4224 : 02                      		db    2			; RST rst
     635/4225 : 53                      		db  53h	; S
     636/4226 : 54                      		db  54h	; T
     637/4227 : FC                      		db 0FCh ; rst
     638/4228 : C7                      		db 0C7h	; code rst 0
     639/4229 :                         		; O
     640/4229 : 01                      		db    1			; OR r
     641/422A : 4F                      		db  4Fh	; O
     642/422B : 52                      		db  52h	; R
     643/422C : 83                      		db  83h	; r
     644/422D : B0                      		db 0B0h	; code or b
     645/422E :                         		;
     646/422E : 03                      		db    3			; OR n
     647/422F : F4                      		db 0F4h	; n
     648/4230 : F6                      		db 0F6h	; code or n
     649/4231 :                         		;
     650/4231 : 83                      		db  83h	; special,3	; ORG
     651/4232 : C7                      		db 0C7h	; G + 80H
     652/4233 : 01                      		db    1 ; special code 1
     653/4234 :                         		;
     654/4234 : 02                      		db    2			; OUT (n),A
     655/4235 : 55                      		db  55h	; U
     656/4236 : 54                      		db  54h	; T
     657/4237 : 75                      		db  75h	; (n)
 AS V1.42 Beta [Bld 297] - Source File edas4-as.asm - Page 17 - 3/30/2026 15:43:14


     658/4238 : E0                      		db 0E0h	; A
     659/4239 : D3                      		db 0D3h	; code d3 56 out (n),A
     660/423A :                         		;
     661/423A : 14                      		db  14h	; ed,4		; OUT (C),r
     662/423B : 67                      		db  67h	; (C)
     663/423C : 80                      		db  80h	; r
     664/423D : 41                      		db  41h	; code out (c),b
     665/423E :                         		;
     666/423E : 14                      		db  14h	; ed,4		; OUTI
     667/423F : C9                      		db 0C9h	; I + 80H
     668/4240 : A3                      		db 0A3h	; code ed a2
     669/4241 :                         		;
     670/4241 : 14                      		db  14h	; ed,4		; OUTD
     671/4242 : C4                      		db 0C4h	; D + 80H
     672/4243 : AB                      		db 0ABh	; code ed ab
     673/4244 :                         		;
     674/4244 : 12                      		db  12h	; ed,2		; OTIR
     675/4245 : 54                      		db  54h	; T
     676/4246 : 49                      		db  49h	; I
     677/4247 : D2                      		db 0D2h	; R + 80H
     678/4248 : B3                      		db 0B3h	; code ed b3
     679/4249 :                         		;
     680/4249 : 13                      		db  13h	; ed,3		; OTDR
     681/424A : 44                      		db  44h	; D
     682/424B : D2                      		db 0D2h	; R + 80H
     683/424C : BB                      		db 0BBh	; code ed bb
     684/424D :                         		; A
     685/424D : 01                      		db    1			; ADD A,r
     686/424E : 41                      		db  41h	; A
     687/424F : 44                      		db  44h	; D
     688/4250 : 44                      		db  44h	; D
     689/4251 : 60                      		db  60h	; reg A
     690/4252 : 83                      		db  83h	; r
     691/4253 : 80                      		db  80h	; code add a,b
     692/4254 :                         		;
     693/4254 : 05                      		db    5			; ADD A,n
     694/4255 : F4                      		db 0F4h	; n
     695/4256 : C6                      		db 0C6h ; code add a,n c6 n
     696/4257 :                         		;
     697/4257 : 04                      		db    4			; ADD HL,rr
     698/4258 : 62                      		db  62h	; HL
     699/4259 : 8C                      		db  8Ch	; rr
     700/425A : 09                      		db    9	; code add hl,bc
     701/425B :                         		;
     702/425B : 03                      		db    3			; ADC A,r
     703/425C : 43                      		db  43h	; C
     704/425D : 60                      		db  60h	; reg A
     705/425E : 83                      		db  83h	; r
     706/425F : 88                      		db  88h	; code adc a,b
     707/4260 :                         		;
     708/4260 : 05                      		db    5			; ADC A,n
     709/4261 : F4                      		db 0F4h	; n
     710/4262 : CE                      		db 0CEh	; code add a,n ce 56
     711/4263 :                         		;
     712/4263 : 14                      		db  14h	; ed,4		; ADC HL,rr
     713/4264 : 62                      		db  62h ; reg HL
     714/4265 : 8C                      		db  8Ch ; rr
     715/4266 : 4A                      		db  4Ah	; code adc hl,bc
     716/4267 :                         		;
     717/4267 : 02                      		db    2			; AND r
 AS V1.42 Beta [Bld 297] - Source File edas4-as.asm - Page 18 - 3/30/2026 15:43:14


     718/4268 : 4E                      		db  4Eh	; N
     719/4269 : 44                      		db  44h	; D
     720/426A : 83                      		db  83h	; r
     721/426B : A0                      		db 0A0h	; code and b
     722/426C :                         		;
     723/426C : 04                      		db    4			; AND n
     724/426D : F4                      		db 0F4h	; n
     725/426E : E6                      		db 0E6h	; code and n
     726/426F :                         		; X
     727/426F : 01                      		db    1			; XOR r
     728/4270 : 58                      		db  58h	; X
     729/4271 : 4F                      		db  4Fh	; O
     730/4272 : 52                      		db  52h	; R
     731/4273 : 83                      		db  83h	; r
     732/4274 : A8                      		db 0A8h	; code xor b
     733/4275 :                         		;
     734/4275 : 04                      		db    4			; XOR n
     735/4276 : F4                      		db 0F4h	; n
     736/4277 : EE                      		db 0EEh	; code xor n
     737/4278 :                         		; B
     738/4278 : 09                      		db    9			; BIT n,r
     739/4279 : 42                      		db  42h	; B
     740/427A : 49                      		db  49h	; I
     741/427B : 54                      		db  54h	; T
     742/427C : 7A                      		db  7Ah	; bit
     743/427D : 83                      		db  83h	; r
     744/427E : 40                      		db  40h	; code bit
     745/427F :                         		; N
     746/427F : 11                      		db  11h	; ed,1		; NEG
     747/4280 : 4E                      		db  4Eh	; N
     748/4281 : 45                      		db  45h	; E
     749/4282 : C7                      		db 0C7h	; G
     750/4283 : 44                      		db  44h	; code ed 44
     751/4284 :                         		;
     752/4284 : 02                      		db    2			; NOP
     753/4285 : 4F                      		db  4Fh	; O
     754/4286 : D0                      		db 0D0h	; P
     755/4287 : 00                      		db    0	; code 00
     756/4288 :                         		; H
     757/4288 : 01                      		db    1			; HALT
     758/4289 : 48                      		db  48h	; H
     759/428A : 41                      		db  41h	; A
     760/428B : 4C                      		db  4Ch	; L
     761/428C : D4                      		db 0D4h	; T
     762/428D : 76                      		db  76h	; code 76
     763/428E :                         		;
     764/428E : 00                      		db    0			; ENDE
     765/428F :                         
     766/428F :                         ; Parsebaum Register
     767/428F : 80                      unk_428F:	db  80h
     768/4290 : 00                      		db    0
     769/4291 :                         		;
     770/4291 : 01                      		db    1			; H
     771/4292 : C8                      		db 0C8h	; H + 80h
     772/4293 : 26                      		db  26h ; token
     773/4294 :                         		;
     774/4294 : 02                      		db    2			; HL
     775/4295 : CC                      		db 0CCh	; L + 80h
     776/4296 : 62                      		db  62h
     777/4297 :                         		;
 AS V1.42 Beta [Bld 297] - Source File edas4-as.asm - Page 19 - 3/30/2026 15:43:14


     778/4297 : 01                      		db    1			; A
     779/4298 : C1                      		db 0C1h	; A + 80h
     780/4299 : 60                      		db  60h
     781/429A :                         		;
     782/429A : 02                      		db    2			; AF
     783/429B : C6                      		db 0C6h	; F + 80h
     784/429C : 68                      		db  68h
     785/429D :                         		;
     786/429D : 01                      		db    1			; D
     787/429E : C4                      		db 0C4h	; D + 80h
     788/429F : 22                      		db  22h
     789/42A0 :                         		;
     790/42A0 : 02                      		db    2			; DE
     791/42A1 : C5                      		db 0C5h	; E + 80h
     792/42A2 : 64                      		db  64h
     793/42A3 :                         		;
     794/42A3 : 01                      		db    1			; B
     795/42A4 : C2                      		db 0C2h	; B + 80h
     796/42A5 : 20                      		db  20h
     797/42A6 :                         		;
     798/42A6 : 02                      		db    2			; BC
     799/42A7 : C3                      		db 0C3h	; C + 80h
     800/42A8 : 30                      		db  30h
     801/42A9 :                         		;
     802/42A9 : 01                      		db    1			; Z
     803/42AA : DA                      		db 0DAh	; Z + 80h
     804/42AB : 2C                      		db  2Ch
     805/42AC :                         		;
     806/42AC : 01                      		db    1			; C
     807/42AD : C3                      		db 0C3h	; C + 80h
     808/42AE : 66                      		db  66h
     809/42AF :                         		;
     810/42AF : 01                      		db    1			; NZ
     811/42B0 : 4E                      		db  4Eh	; N
     812/42B1 : DA                      		db 0DAh	; Z + 80h
     813/42B2 : 2A                      		db  2Ah
     814/42B3 :                         		;
     815/42B3 : 02                      		db    2			; NC
     816/42B4 : C3                      		db 0C3h	; C + 80h
     817/42B5 : 2E                      		db  2Eh
     818/42B6 :                         		;
     819/42B6 : 01                      		db    1			; SP
     820/42B7 : 53                      		db  53h	; S
     821/42B8 : D0                      		db 0D0h	; P + 80h
     822/42B9 : 6A                      		db  6Ah
     823/42BA :                         		;
     824/42BA : 81                      		db  81h	; special,1	; $
     825/42BB : A4                      		db 0A4h	; '$' + 80h
     826/42BC : 00                      		db    0
     827/42BD :                         		;
     828/42BD : 01                      		db    1			; E
     829/42BE : C5                      		db 0C5h	; E + 80h
     830/42BF : 24                      		db  24h
     831/42C0 :                         		;
     832/42C0 : 01                      		db    1			; L
     833/42C1 : CC                      		db 0CCh	; L + 80h
     834/42C2 : 28                      		db  28h
     835/42C3 :                         		;
     836/42C3 : 01                      		db    1			; I
     837/42C4 : C9                      		db 0C9h	; I + 80h
 AS V1.42 Beta [Bld 297] - Source File edas4-as.asm - Page 20 - 3/30/2026 15:43:14


     838/42C5 : 6C                      		db  6Ch
     839/42C6 :                         		;
     840/42C6 : 12                      		db  12h	; dd,2		; IX
     841/42C7 : D8                      		db 0D8h	; X + 80h
     842/42C8 : 62                      		db  62h
     843/42C9 :                         		;
     844/42C9 : 32                      		db  32h	; fd,2		; IY
     845/42CA : D9                      		db 0D9h	; Y + 80h
     846/42CB : 62                      		db  62h
     847/42CC :                         		;
     848/42CC : 01                      		db    1			; M
     849/42CD : CD                      		db 0CDh	; M + 80h
     850/42CE : 38                      		db  38h
     851/42CF :                         		;
     852/42CF : 01                      		db    1			; P
     853/42D0 : D0                      		db 0D0h	; P + 80h
     854/42D1 : 36                      		db  36h
     855/42D2 :                         		;
     856/42D2 : 02                      		db    2			; PE
     857/42D3 : C5                      		db 0C5h	; E + 80h
     858/42D4 : 34                      		db  34h
     859/42D5 :                         		;
     860/42D5 : 02                      		db    2			; PO
     861/42D6 : CF                      		db 0CFh	; O + 80h
     862/42D7 : 32                      		db  32h
     863/42D8 :                         		;
     864/42D8 : 01                      		db    1			; R
     865/42D9 : D2                      		db 0D2h	; R + 80h
     866/42DA : 6E                      		db  6Eh
     867/42DB :                         		;
     868/42DB : 00                      		db    0	; ENDE
     869/42DC :                         
     870/42DC :                         ; bit modifier == pos in list (down)
     871/42DC :                         ; r 8-Bit-Register
     872/42DC : 60                      unk_42DC:	db  60h	; A	111
     873/42DD : 63                      		db  63h	; (HL)	110
     874/42DE : 28                      		db  28h	; L	101
     875/42DF : 26                      		db  26h	; H	100
     876/42E0 : 24                      		db  24h	; E	011
     877/42E1 : 22                      		db  22h	; D	010
     878/42E2 : 66                      		db  66h	; C	001
     879/42E3 : 20                      		db  20h	; B	000
     880/42E4 :                         
     881/42E4 :                         ; Sprungbedingung 1
     882/42E4 : 38                      unk_42E4:	db  38h ; M	111
     883/42E5 : 36                      		db  36h ; P	110
     884/42E6 : 34                      		db  34h ; PE	101
     885/42E7 : 32                      		db  32h ; PO	100
     886/42E8 :                         ; Sprungbedingung 2
     887/42E8 : 66                      unk_42E8:	db  66h	; C	011
     888/42E9 : 2E                      		db  2Eh ; NC	010
     889/42EA : 2C                      		db  2Ch ; Z	001
     890/42EB : 2A                      		db  2Ah ; NZ	000
     891/42EC :                         
     892/42EC :                         ; dd 16-Bit-Register
     893/42EC : 6A                      unk_42EC:	db  6Ah	; SP	11
     894/42ED : 62                      		db  62h	; HL	10
     895/42EE : 64                      		db  64h	; DE	01
     896/42EF : 30                      		db  30h	; BC	00
     897/42F0 :                         
 AS V1.42 Beta [Bld 297] - Source File edas4-as.asm - Page 21 - 3/30/2026 15:43:14


     898/42F0 :                         ; qq  16-Bit-Register
     899/42F0 : 68                      unk_42F0:	db  68h	; AF	11
     900/42F1 : 62                      		db  62h	; HL	10
     901/42F2 : 64                      		db  64h	; DE	01
     902/42F3 : 30                      		db  30h	; BC	00
     903/42F4 :                         
     904/42F4 :                         ;---------------------------------------
     905/42F4 :                         ;Tokenklassen Register,Flags
     906/42F4 : 38                      unk_42F4:	db  38h 	; Bitpos,Anzahl
     907/42F5 : DC 42                   		dw unk_42DC	; r 8-Bit-Register
     908/42F7 : 08                      		db  08h
     909/42F8 : DC 42                   		dw unk_42DC	; r' 8-Bit-Register
     910/42FA : 38                      		db  38h	; 
     911/42FB : E4 42                   		dw unk_42E4	; Sprungbedingung 1+2
     912/42FD : 34                      		db  34h	; 
     913/42FE : E8 42                   		dw unk_42E8	; Sprungbedingung 2
     914/4300 : 44                      		db  44h	; 
     915/4301 : EC 42                   		dw unk_42EC	; dd 16-Bit-Register
     916/4303 : 44                      		db  44h	; 
     917/4304 : F0 42                   		dw unk_42F0	; qq 16-Bit-Register
     918/4306 :                         
     919/4306 :                         ;---------------------------------------
     920/4306 :                         ; Abarbeitung nächstes Token
     921/4306 : D9                      sub_4306:	exx
     922/4307 : E1                      		pop	hl
     923/4308 : D1                      		pop	de
     924/4309 : E3                      		ex	(sp), hl	; Parse-Tree (z.B. 40AA)
     925/430A : 47                      		ld	b, a
     926/430B : 14                      		inc	d		; next pos (?)
     927/430C : CB 7E                   		bit	7, (hl)		; Befehlsende?
     928/430E : 20 77                   		jr	nz, loc_4387	; ja
     929/4310 :                         		; Tokenvergleich
     930/4310 : 23                      loc_4310:	inc	hl		; nächstes Token aus Baum
     931/4311 : 7E                      		ld	a, (hl)		; holen
     932/4312 : E6 7F                   		and	7Fh 		; strip hi bit
     933/4314 : FE 70                   		cp	70h 		; codeklasse?
     934/4316 : 38 32                   		jr	c, loc_434A	; nein
     935/4318 :                         		; codeklassen Token 72..7E
     936/4318 : 4F                      		ld	c, a		; Token merken
     937/4319 : A8                      		xor	b		; 70 (?)
     938/431A : 0F                      		rrca
     939/431B : FE 08                   		cp	8
     940/431D : 30 62                   		jr	nc, loc_4381
     941/431F : FE 05                   		cp	5
     942/4321 : 38 73                   		jr	c, loc_4396	; <5, d.h. 72..78
     943/4323 :                         		; 7A..7E  (5..7)
     944/4323 : 08                      		ex	af, af'	;'
     945/4324 : FD 7E F5                		ld	a, (iy-0Bh)	; 55F3
     946/4327 : B7                      		or	a
     947/4328 : 20 1B                   		jr	nz, loc_4345
     948/432A : 08                      		ex	af, af'	;'
     949/432B : FE 06                   		cp	6		; 
     950/432D : FD 7E F4                		ld	a, (iy-0Ch)	; 55F2
     951/4330 : 38 0B                   		jr	c, loc_433D	; wenn < 6 (7A bit)
     952/4332 : 28 0C                   		jr	z, loc_4340	; wenn = 6 (7C rst)
     953/4334 : FE 03                   		cp	3
     954/4336 : 3D                      		dec	a
     955/4337 : 30 0C                   		jr	nc, loc_4345	;
     956/4339 : 3C                      		inc	a
     957/433A : 28 01                   		jr	z, loc_433D
 AS V1.42 Beta [Bld 297] - Source File edas4-as.asm - Page 22 - 3/30/2026 15:43:14


     958/433C : 3C                      		inc	a
     959/433D :                         loc_433D:	; bei bit-Befehlen pos auf bitpos 3 schieben
     960/433D : 07                      		rlca
     961/433E : 07                      		rlca
     962/433F : 07                      		rlca
     963/4340 :                         loc_4340:	; bei rst wert direkt einfuegen
     964/4340 : FD 77 F3                		ld	(iy-0Dh), a	; 55F1 byte modifier
     965/4343 : E6 C7                   		and	0C7h
     966/4345 : C4 B5 43                loc_4345:	call	nz, sub_43B5
     967/4348 : 18 4F                   		jr	loc_4399	; -> Ende
     968/434A :                         
     969/434A :                         		; einfaches Token oder register o. flag
     970/434A : FE 20                   loc_434A:	cp	20h 		; indiv Register o. Flag?
     971/434C : 30 30                   		jr	nc, loc_437E	; nein
     972/434E :                         		; register o. flag
     973/434E : E5                      		push	hl
     974/434F : 2A 1B 55                		ld	hl, (word_551B)	; unk_42F4 TokenklassenTab
     975/4352 : 85                      		add	a, l	; HL + A
     976/4353 : 6F                      		ld	l, a
     977/4354 : 30 01                   		jr	nc, loc_4357
     978/4356 : 24                      		inc	h
     979/4357 : 78                      loc_4357:	ld	a, b
     980/4358 : 08                      		ex	af, af'	;'
     981/4359 : 7E                      		ld	a, (hl)		; Bitpos+Anzahl
     982/435A : E6 0F                   		and	0Fh		; nur Anzahl
     983/435C : 4F                      		ld	c, a		; merken
     984/435D : 7E                      		ld	a, (hl)
     985/435E : 08                      		ex	af, af'	;'
     986/435F : 23                      		inc	hl
     987/4360 : 46                      		ld	b, (hl)
     988/4361 : 23                      		inc	hl
     989/4362 : 66                      		ld	h, (hl)
     990/4363 : 68                      		ld	l, b		; HL=Zeiger auf Liste
     991/4364 : 06 00                   		ld	b, 0		; C=Anzahl
     992/4366 : ED B1                   		cpir			; suche A in Liste
     993/4368 : E1                      		pop	hl	
     994/4369 : 47                      		ld	b, a
     995/436A : 20 15                   		jr	nz, loc_4381	; wenn Token nicht in Liste
     996/436C :                         		; in Liste gefunden
     997/436C : 08                      		ex	af, af'	;'
     998/436D : CB 21                   loc_436D:	sla	c		; c=Pos
     999/436F : D6 10                   		sub	10h		; verschieben auf Ziel Bitpos.
    1000/4371 : 30 FA                   		jr	nc, loc_436D
    1001/4373 : CB 39                   		srl	c		; eins zurück; fertig
    1002/4375 : FD 7E F3                		ld	a, (iy-0Dh)	; byte modifier
    1003/4378 : B1                      		or	c		; modify
    1004/4379 : FD 77 F3                		ld	(iy-0Dh), a	; write back
    1005/437C : 18 1B                   		jr	loc_4399	; Ende
    1006/437E :                         
    1007/437E :                         ; einfaches Token
    1008/437E : B8                      loc_437E:	cp	b		; nächstes Zeichen gleich?
    1009/437F : 28 18                   		jr	z, loc_4399	; ja -> Ende
    1010/4381 :                         ; 
    1011/4381 : CB 7E                   loc_4381:	bit	7, (hl)		; Befehlsende?
    1012/4383 : 23                      		inc	hl		; weiter im Baum 
    1013/4384 : 28 FB                   		jr	z, loc_4381	; nein, weiter suchen
    1014/4386 : 2B                      		dec	hl		; hl=befehlsende
    1015/4387 :                         ; Befehlsende erreicht		
    1016/4387 : 23                      loc_4387:	inc	hl		; hl=codebyte
    1017/4388 : 23                      		inc	hl		; hl=nächster Eintrag im Baum
 AS V1.42 Beta [Bld 297] - Source File edas4-as.asm - Page 23 - 3/30/2026 15:43:14


    1018/4389 : 7E                      		ld	a, (hl)		; Anzahl (und Modifier)
    1019/438A : 5F                      		ld	e, a		; merken
    1020/438B : E6 07                   		and	7		; gilt ab Pos (SollPos)
    1021/438D : BA                      		cp	d		; vergleichen mit aktueller Pos
    1022/438E : CA 10 43                		jp	z, loc_4310	; Pos passt
    1023/4391 : 23                      		inc	hl		; weiter im Baum
    1024/4392 : 30 ED                   		jr	nc, loc_4381	; wenn akt. Pos > SollPos
    1025/4394 :                         					; dann weitersuchen
    1026/4394 : D9                      		exx
    1027/4395 : C9                      		ret
    1028/4396 :                         
    1029/4396 :                         ; Tokenklasse 72..78 (1..4)
    1030/4396 : FD 77 F2                loc_4396:	ld	(iy-0Eh), a	; sichern
    1031/4399 :                         ; Ende Abarbeitung nächstes Token
    1032/4399 : E3                      loc_4399:	ex	(sp), hl
    1033/439A : D5                      		push	de
    1034/439B : E5                      		push	hl
    1035/439C : D9                      		exx
    1036/439D : B7                      		or	a		; set flags
    1037/439E : C9                      		ret
    1038/439F :                         
    1039/439F :                         ;---------------------------------------
    1040/439F :                         ;
    1041/439F : D9                      sub_439F:	exx
    1042/43A0 : E1                      		pop	hl
    1043/43A1 : D1                      		pop	de
    1044/43A2 : E3                      		ex	(sp), hl
    1045/43A3 : 7E                      		ld	a, (hl)
    1046/43A4 : FE 80                   		cp	80h ; 'Ç'
    1047/43A6 : 23                      		inc	hl
    1048/43A7 : 56                      		ld	d, (hl)
    1049/43A8 : D5                      		push	de
    1050/43A9 : D9                      		exx
    1051/43AA : D1                      		pop	de
    1052/43AB : 7A                      		ld	a, d
    1053/43AC : C9                      		ret
    1054/43AD :                         
    1055/43AD :                         
    1056/43AD :                         ;---------------------------------------
    1057/43AD :                         ;
    1058/43AD : 7A                      sub_43AD:	ld	a, d
    1059/43AE : F6 7F                   		or	7Fh ; ''
    1060/43B0 : A3                      		and	e
    1061/43B1 :                         
    1062/43B1 : 07                      sub_43B1:	rlca
    1063/43B2 : 9F                      		sbc	a, a
    1064/43B3 : 92                      		sub	d
    1065/43B4 : C8                      		ret	z
    1066/43B5 :                         ;
    1067/43B5 : FD CB 00 4E             sub_43B5:	bit	1, (iy+0)
    1068/43B9 : C8                      		ret	z
    1069/43BA : FD CB F6 F6             		set	6, (iy-0Ah)
    1070/43BE : C9                      		ret
    1071/43BF :                         
    1072/43BF :                         ;---------------------------------------
    1073/43BF :                         ;orig nas_outch (3 Byte)
    1074/43BF : C3 2E 4B                		jp	loc_4B2E	; error 99 illegal command
    1075/43C2 :                         
    1076/43C2 :                         ;---------------------------------------
    1077/43C2 :                         ;
 AS V1.42 Beta [Bld 297] - Source File edas4-as.asm - Page 24 - 3/30/2026 15:43:14


    1078/43C2 : 44                      sub_43C2:	ld	b, h
    1079/43C3 : 4D                      		ld	c, l
    1080/43C4 : 2A 85 55                		ld	hl, (word_5585)
    1081/43C7 : B7                      		or	a
    1082/43C8 : ED 52                   		sbc	hl, de
    1083/43CA : 19                      		add	hl, de
    1084/43CB : 38 0B                   		jr	c, loc_43D8
    1085/43CD : ED 42                   		sbc	hl, bc
    1086/43CF : 30 03                   		jr	nc, loc_43D4
    1087/43D1 : B7                      		or	a
    1088/43D2 : ED 62                   		sbc	hl, hl
    1089/43D4 : 19                      loc_43D4:	add	hl, de
    1090/43D5 : 22 85 55                		ld	(word_5585), hl
    1091/43D8 : EB                      loc_43D8:	ex	de, hl
    1092/43D9 : CD 35 44                		call	sub_4435	; Textende ermitteln
    1093/43DC : EB                      		ex	de, hl
    1094/43DD : B7                      		or	a
    1095/43DE : ED 42                   		sbc	hl, bc
    1096/43E0 : C5                      		push	bc
    1097/43E1 : E3                      		ex	(sp), hl
    1098/43E2 : C1                      		pop	bc
    1099/43E3 : C5                      		push	bc
    1100/43E4 : ED B0                   		ldir
    1101/43E6 : CD 42 44                		call	sub_4442
    1102/43E9 : C1                      		pop	bc
    1103/43EA : C9                      		ret
    1104/43EB :                         
    1105/43EB :                         ;---------------------------------------
    1106/43EB :                         ; DE (BWS) dez ascii -> hex num HL
    1107/43EB : 21 00 00                sub_43EB:	ld	hl, 0
    1108/43EE : 1A                      loc_43EE:	ld	a, (de)
    1109/43EF : D6 30                   		sub	30h ; '0'
    1110/43F1 : D8                      		ret	c		; Ende,	wenn keine Dezimalziffer
    1111/43F2 : FE 0A                   		cp	0Ah ; .. '9'
    1112/43F4 : D0                      		ret	nc		; Ende,	wenn keine Dezimalziffer
    1113/43F5 : D5                      		push	de
    1114/43F6 : 54                      		ld	d, h	; HL*10
    1115/43F7 : 5D                      		ld	e, l
    1116/43F8 : 29                      		add	hl, hl
    1117/43F9 : 29                      		add	hl, hl
    1118/43FA : 19                      		add	hl, de
    1119/43FB : 29                      		add	hl, hl
    1120/43FC : 16 00                   		ld	d, 0
    1121/43FE : 5F                      		ld	e, a
    1122/43FF : 19                      		add	hl, de
    1123/4400 : D1                      		pop	de
    1124/4401 : 1B                      		dec	de		; nächste Stelle (BWS), deshalb AC1 dec
    1125/4402 : 18 EA                   		jr	loc_43EE
    1126/4404 :                         
    1127/4404 :                         ;---------------------------------------
    1128/4404 :                         ; Parameter f. RENUM und INUM, Defaults 10
    1129/4404 : 2A 5B 18                sub_4404:	ld	hl, (ARG1)	; erste Zeile
    1130/4407 : 3A 9F 55                		ld	a, (byte_559F)	; Anzahl Kdo.Argumente
    1131/440A : FE 02                   		cp	2
    1132/440C : 3E 10                   		ld	a, 10h		; Defaultwert Schrittweite 10
    1133/440E : 20 03                   		jr	nz, loc_4413
    1134/4410 : 3A 5D 18                		ld	a, (ARG2)
    1135/4413 : 32 84 55                loc_4413:	ld	(byte_5584), a	; Schrittweite
    1136/4416 : B7                      		or	a		; Schrittweite=0 ?
    1137/4417 : 3E 06                   		ld	a, 6		; Error 06 - Inkrement ist 0
 AS V1.42 Beta [Bld 297] - Source File edas4-as.asm - Page 25 - 3/30/2026 15:43:14


    1138/4419 : CA 30 4B                		jp	z, loc_4B30	; Fehler ausgeben
    1139/441C : 7C                      		ld	a, h
    1140/441D : B5                      		or	l		; erste Zeile <> 0?
    1141/441E : C0                      		ret	nz		; dann raus hier
    1142/441F :                         ; Nächste Zeilennummer berechnen (BCD)
    1143/441F : 3A 84 55                sub_441F:	ld	a, (byte_5584)	; Schrittweite
    1144/4422 : 85                      		add	a, l		; + Zeilennummer
    1145/4423 : 27                      		daa
    1146/4424 : 6F                      		ld	l, a
    1147/4425 : 7C                      		ld	a, h
    1148/4426 : CE 00                   		adc	a, 0
    1149/4428 : 27                      		daa
    1150/4429 : 67                      		ld	h, a
    1151/442A : C9                      		ret			; Cy=1 Nummer > 9999
    1152/442B :                         
    1153/442B :                         ;---------------------------------------
    1154/442B :                         ; Suche nächste Zeile
    1155/442B :                         ; suche ab HL+2 Zeilenendebyte 00. Folgt FF, dann Z=1
    1156/442B : 23                      sub_442B:	inc	hl
    1157/442C :                         
    1158/442C :                         ; f. RENUM, Suche nächste Zeile
    1159/442C :                         ; suche ab HL+1 Zeilenendebyte 00. Folgt FF, dann Z=1
    1160/442C : 23                      loc_442C:	inc	hl
    1161/442D :                         ;
    1162/442D : AF                      loc_442D:	xor	a		; 00 Zeilenende
    1163/442E : 47                      		ld	b, a
    1164/442F : 4F                      		ld	c, a
    1165/4430 : ED B1                   		cpir			; DE = Anf. neue Zeile
    1166/4432 : 3D                      		dec	a		; FF Textende
    1167/4433 : BE                      		cp	(hl)
    1168/4434 : C9                      		ret
    1169/4435 :                         
    1170/4435 :                         ;---------------------------------------
    1171/4435 :                         ; Textende ermitteln
    1172/4435 :                         ; ret DE=Anfangsdresse+Textlänge
    1173/4435 : E5                      sub_4435:	push	hl
    1174/4436 : 2A 00 55                		ld	hl, (BUFBEG)	; Anfangsdresse
    1175/4439 : 5E                      		ld	e, (hl)		; Textlänge
    1176/443A : 23                      		inc	hl
    1177/443B : 56                      		ld	d, (hl)
    1178/443C : 2B                      		dec	hl
    1179/443D : EB                      		ex	de, hl
    1180/443E : 19                      		add	hl, de
    1181/443F : EB                      		ex	de, hl
    1182/4440 : E1                      		pop	hl
    1183/4441 : C9                      		ret
    1184/4442 :                         
    1185/4442 :                         ;---------------------------------------
    1186/4442 :                         ;
    1187/4442 : E5                      sub_4442:	push	hl
    1188/4443 : D5                      		push	de
    1189/4444 : 2A 00 55                		ld	hl, (BUFBEG)	; Anfangsdresse
    1190/4447 : EB                      		ex	de, hl
    1191/4448 : B7                      		or	a
    1192/4449 : ED 52                   		sbc	hl, de
    1193/444B : EB                      		ex	de, hl
    1194/444C : 18 12                   		jr	loc_4460
    1195/444E :                         
    1196/444E :                         ;---------------------------------------
    1197/444E :                         ; freier Speicher am Ende
 AS V1.42 Beta [Bld 297] - Source File edas4-as.asm - Page 26 - 3/30/2026 15:43:14


    1198/444E : E5                      sub_444E:	push	hl
    1199/444F : 2A 00 55                		ld	hl, (BUFBEG)	; Anfangsdresse
    1200/4452 : 23                      		inc	hl		; Textlänge übergehen
    1201/4453 : 23                      		inc	hl
    1202/4454 : 5E                      		ld	e, (hl)		; freier Speicher am Ende
    1203/4455 : 23                      		inc	hl
    1204/4456 : 56                      		ld	d, (hl)
    1205/4457 : E1                      		pop	hl
    1206/4458 : C9                      		ret
    1207/4459 :                         
    1208/4459 :                         ;---------------------------------------
    1209/4459 :                         ;
    1210/4459 : E5                      sub_4459:	push	hl
    1211/445A : D5                      		push	de
    1212/445B : 2A 00 55                		ld	hl, (BUFBEG)	; Anfangsdresse
    1213/445E : 23                      		inc	hl
    1214/445F : 23                      		inc	hl
    1215/4460 : 73                      loc_4460:	ld	(hl), e
    1216/4461 : 23                      		inc	hl
    1217/4462 : 72                      		ld	(hl), d
    1218/4463 : D1                      		pop	de
    1219/4464 : E1                      		pop	hl
    1220/4465 : C9                      		ret
    1221/4466 :                         
    1222/4466 :                         ;---------------------------------------
    1223/4466 :                         ; Bufferende berechnen
    1224/4466 : CD 35 44                sub_4466:	call	sub_4435	; Textende ermitteln
    1225/4469 : EB                      		ex	de, hl
    1226/446A : CD 4E 44                		call	sub_444E	; freier Speicher am Ende
    1227/446D : 19                      		add	hl, de
    1228/446E : C9                      		ret
    1229/446F :                         ; Ende orig ZEAP20
    1230/446F :                         ;---------------------------------------
    1231/446F :                         
    1232/446F : 00                      		db    0
    1233/4470 : 00                      		db    0
    1234/4471 : 3E                      		db  3Eh	; >
    1235/4472 : FF                      		db 0FFh
    1236/4473 :                         
    1237/4473 : B7                      sub_4473:	or	a
    1238/4474 : C8                      		ret	z
    1239/4475 : C5                      		push	bc
    1240/4476 : 47                      		ld	b, a
    1241/4477 : AF                      loc_4477:	xor	a
    1242/4478 : E7                      		rst	20h		; MS30
    1243/4479 : CD 22 4D                		call	sub_4D22	; ggf. Abbruch bei Stop
    1244/447C : 10 F9                   		djnz	loc_4477
    1245/447E : C1                      		pop	bc
    1246/447F : C9                      		ret
    1247/4480 :                         
    1248/4480 : 3E 0D                   sub_4480:	ld	a, 0Dh
    1249/4482 : CD 34 4D                		call	sub_4D34
    1250/4485 : 3A 08 55                		ld	a, (byte_5508)	; Ausgabeverzögerung Druck
    1251/4488 : 18 E9                   		jr	sub_4473
    1252/448A : 00                      		db    0
    1253/448B : 00                      		db    0
    1254/448C :                         
    1255/448C :                         ;---------------------------------------
    1256/448C : C3 22 51                loc_448C:	jp	QUIT
    1257/448F :                         
 AS V1.42 Beta [Bld 297] - Source File edas4-as.asm - Page 27 - 3/30/2026 15:43:14


    1258/448F :                         ;---------------------------------------
    1259/448F :                         ; Prüfsumme über Programm
    1260/448F :                         ; Schutz vor versehenlichen Überschreiben
    1261/448F : 21 0D 40                chksum:		ld	hl, unk_400D
    1262/4492 : 11 3F 54                		ld	de, unk_543F
    1263/4495 : AF                      		xor	a
    1264/4496 : AE                      chksum1:	xor	(hl)
    1265/4497 : 23                      		inc	hl
    1266/4498 : ED 52                   		sbc	hl, de
    1267/449A : 19                      		add	hl, de
    1268/449B : 38 F9                   		jr	c, chksum1
    1269/449D : AE                      		xor	(hl)
    1270/449E : C8                      		ret	z
    1271/449F : 3E 90                   		ld	a, 90h 		; checksum error
    1272/44A1 : CD 85 48                		call	error		; Ausgabe "Error "
    1273/44A4 : 18 E6                   		jr	loc_448C
    1274/44A6 :                         
    1275/44A6 :                         ;---------------------------------------
    1276/44A6 :                         ;
    1277/44A6 : 3E 20                   sub_44A6:	ld	a, 20h ; ' '
    1278/44A8 : 36 A0                   		ld	(hl), 0A0h ; 'á'
    1279/44AA : 23                      		inc	hl
    1280/44AB : AE                      		xor	(hl)
    1281/44AC : E6 7F                   		and	7Fh ; ''
    1282/44AE : 28 F6                   		jr	z, sub_44A6
    1283/44B0 : E5                      		push	hl
    1284/44B1 : AF                      loc_44B1:	xor	a
    1285/44B2 : 23                      		inc	hl
    1286/44B3 : AE                      		xor	(hl)
    1287/44B4 : 28 09                   		jr	z, loc_44BF
    1288/44B6 : 3E A0                   		ld	a, 0A0h	; 'á'
    1289/44B8 : AE                      		xor	(hl)
    1290/44B9 : 20 F6                   		jr	nz, loc_44B1
    1291/44BB : 36 20                   		ld	(hl), 20h ; ' '
    1292/44BD : 18 F2                   		jr	loc_44B1
    1293/44BF : E1                      loc_44BF:	pop	hl
    1294/44C0 : C9                      		ret
    1295/44C1 :                         
    1296/44C1 :                         ;---------------------------------------
    1297/44C1 :                         ; Ausgabe "AC1 U880 Assembler"
    1298/44C1 : DF                      loc_44C1:	rst	18h		; ed_prnst
    1299/44C2 : 41 43 31 20 55 38 38 30 		db "AC1 U880 Assembler -",0A0h
         44CA : 20 41 73 73 65 6D 62 6C
         44D2 : 65 72 20 2D A0         
    1300/44D7 : 00                      		nop
    1301/44D8 : C9                      		ret
    1302/44D9 :                         
    1303/44D9 :                         ;---------------------------------------
    1304/44D9 :                         ;
    1305/44D9 : C5                      sub_44D9:	push	bc
    1306/44DA : 23                      		inc	hl
    1307/44DB : E5                      loc_44DB:	push	hl
    1308/44DC : ED 5B 19 55             		ld	de, (word_5519)	; unk_428F Parse Tree Register
    1309/44E0 : D5                      		push	de
    1310/44E1 : 16 00                   		ld	d, 0
    1311/44E3 : D5                      		push	de
    1312/44E4 : CD BE 48                loc_44E4:	call	sub_48BE	; nächstes Zeichen
    1313/44E7 : CB 71                   		bit	6, c
    1314/44E9 : 28 0D                   		jr	z, loc_44F8
    1315/44EB : CD 06 43                		call	sub_4306	; Abarbeitung nächstes Token
 AS V1.42 Beta [Bld 297] - Source File edas4-as.asm - Page 28 - 3/30/2026 15:43:14


    1316/44EE : 30 F4                   		jr	nc, loc_44E4
    1317/44F0 : CD 35 44                loc_44F0:	call	sub_4435	; Textende ermitteln
    1318/44F3 : 2A 89 55                		ld	hl, (word_5589)
    1319/44F6 : 18 1C                   		jr	loc_4514
    1320/44F8 :                         ;		
    1321/44F8 : CD 9F 43                loc_44F8:	call	sub_439F
    1322/44FB : 38 F3                   		jr	c, loc_44F0
    1323/44FD : CB 7B                   		bit	7, e
    1324/44FF : 28 39                   		jr	z, loc_453A
    1325/4501 : ED 5B 0C 55             loc_4501:	ld	de, (word_550C)	; MC-Adr.
    1326/4505 : 18 33                   		jr	loc_453A
    1327/4507 : CD 6C 45                loc_4507:	call	sub_456C
    1328/450A : 38 0D                   		jr	c, loc_4519
    1329/450C : 13                      		inc	de
    1330/450D : 13                      		inc	de
    1331/450E : CD 3D 45                		call	sub_453D
    1332/4511 : 28 19                   		jr	z, loc_452C
    1333/4513 : C1                      		pop	bc
    1334/4514 : C1                      loc_4514:	pop	bc
    1335/4515 : C5                      		push	bc
    1336/4516 : C5                      		push	bc
    1337/4517 : 18 EE                   		jr	loc_4507
    1338/4519 :                         ;		
    1339/4519 : E1                      loc_4519:	pop	hl
    1340/451A : CD BE 48                loc_451A:	call	sub_48BE
    1341/451D : CB 71                   		bit	6, c
    1342/451F : 20 F9                   		jr	nz, loc_451A
    1343/4521 : 11 00 00                		ld	de, 0
    1344/4524 : FD CB F6 DE             		set	3, (iy-0Ah)	; 55F4 ??
    1345/4528 : 37                      		scf
    1346/4529 : 9F                      		sbc	a, a
    1347/452A : 18 0E                   		jr	loc_453A
    1348/452C :                         ;		
    1349/452C : DD E5                   loc_452C:	push	ix
    1350/452E : E3                      		ex	(sp), hl
    1351/452F : 23                      		inc	hl
    1352/4530 : B7                      		or	a
    1353/4531 : ED 52                   		sbc	hl, de
    1354/4533 : E1                      		pop	hl
    1355/4534 : EB                      		ex	de, hl
    1356/4535 : 2B                      		dec	hl
    1357/4536 : 56                      		ld	d, (hl)
    1358/4537 : 2B                      		dec	hl
    1359/4538 : 5E                      		ld	e, (hl)
    1360/4539 : E1                      		pop	hl
    1361/453A :                         loc_453A:					; sub_48B1-3ACj ...
    1362/453A : C1                      		pop	bc
    1363/453B : C1                      		pop	bc
    1364/453C : C9                      		ret
    1365/453D :                         
    1366/453D : 44                      sub_453D:	ld	b, h
    1367/453E : 4D                      		ld	c, l
    1368/453F : E1                      		pop	hl
    1369/4540 : E3                      		ex	(sp), hl
    1370/4541 : C5                      		push	bc
    1371/4542 : E3                      		ex	(sp), hl
    1372/4543 : E3                      loc_4543:	ex	(sp), hl
    1373/4544 : CD BE 48                		call	sub_48BE
    1374/4547 : E3                      		ex	(sp), hl
    1375/4548 : CB 71                   		bit	6, c
 AS V1.42 Beta [Bld 297] - Source File edas4-as.asm - Page 29 - 3/30/2026 15:43:14


    1376/454A : 28 10                   		jr	z, loc_455C
    1377/454C : 23                      		inc	hl
    1378/454D : BE                      		cp	(hl)
    1379/454E : 28 F3                   		jr	z, loc_4543
    1380/4550 : F5                      		push	af
    1381/4551 : CD 64 46                		call	loc_4664	; Zeichenklasse ermitteln
    1382/4554 : F1                      		pop	af
    1383/4555 : CB 71                   		bit	6, c
    1384/4557 : 20 0C                   		jr	nz, loc_4565
    1385/4559 : B1                      		or	c
    1386/455A : 18 09                   		jr	loc_4565
    1387/455C : CD BE 48                loc_455C:	call	sub_48BE
    1388/455F : AF                      		xor	a
    1389/4560 : CB 71                   		bit	6, c
    1390/4562 : 28 01                   		jr	z, loc_4565
    1391/4564 : 91                      		sub	c
    1392/4565 : E3                      loc_4565:	ex	(sp), hl
    1393/4566 : C1                      		pop	bc
    1394/4567 : E3                      		ex	(sp), hl
    1395/4568 : E5                      		push	hl
    1396/4569 : 60                      		ld	h, b
    1397/456A : 69                      		ld	l, c
    1398/456B : C9                      		ret
    1399/456C :                         sub_456C:					; sub_456C+Dj ...
    1400/456C : CD 2D 44                		call	loc_442D		; Suche nächste Zeile
    1401/456F : D5                      		push	de
    1402/4570 : CD 4F 46                		call	sub_464F		; Zeilennummer holen
    1403/4573 : D1                      		pop	de
    1404/4574 : D8                      		ret	c			; wenn Bereichsüberschreitung
    1405/4575 : 23                      		inc	hl
    1406/4576 : CD BE 48                		call	sub_48BE
    1407/4579 : 30 F1                   		jr	nc, sub_456C
    1408/457B : 2B                      		dec	hl
    1409/457C : B7                      		or	a
    1410/457D : C9                      		ret
    1411/457E :                         
    1412/457E :                         ;---------------------------------------
    1413/457E :                         ; Ausgabe Symboltabelle
    1414/457E : CD B6 4C                loc_457E:	call	sub_4CB6
    1415/4581 : CD C1 44                		call	loc_44C1	; Ausgabe "AC1 U880 Assembler"
    1416/4584 : DF                      		rst	18h		; ed_prnst
    1417/4585 : 53 79 6D 62 6F 6C 20 54 		db "Symbol Tabl",0E5h
         458D : 61 62 6C E5            
    1418/4591 : 00                      		nop
    1419/4592 : CD B6 4C                		call	sub_4CB6
    1420/4595 : CD B6 4C                		call	sub_4CB6
    1421/4598 : 11 A4 40                		ld	de, unk_40A4	; Text "ZZZZZZ"
    1422/459B : 21 9D 40                loc_459B:	ld	hl, unk_409D	; Text "FREE: END: SEC:"
    1423/459E : E5                      		push	hl
    1424/459F : E5                      		push	hl
    1425/45A0 : 2A 89 55                		ld	hl, (word_5589)
    1426/45A3 : CD 6C 45                loc_45A3:	call	sub_456C
    1427/45A6 : 38 18                   		jr	c, loc_45C0
    1428/45A8 : E5                      		push	hl
    1429/45A9 : D5                      		push	de
    1430/45AA : CD 3D 45                		call	sub_453D
    1431/45AD : C1                      		pop	bc
    1432/45AE : C1                      		pop	bc
    1433/45AF : 30 F2                   		jr	nc, loc_45A3
    1434/45B1 : E1                      		pop	hl
 AS V1.42 Beta [Bld 297] - Source File edas4-as.asm - Page 30 - 3/30/2026 15:43:14


    1435/45B2 : E5                      		push	hl
    1436/45B3 : C5                      		push	bc
    1437/45B4 : C5                      		push	bc
    1438/45B5 : CD 3D 45                		call	sub_453D
    1439/45B8 : E1                      		pop	hl
    1440/45B9 : C1                      		pop	bc
    1441/45BA : 30 E7                   		jr	nc, loc_45A3
    1442/45BC : F1                      		pop	af
    1443/45BD : C5                      		push	bc
    1444/45BE : 18 E3                   		jr	loc_45A3
    1445/45C0 : E1                      loc_45C0:		pop	hl
    1446/45C1 : C1                      		pop	bc
    1447/45C2 : B7                      		or	a
    1448/45C3 : ED 42                   		sbc	hl, bc
    1449/45C5 : 09                      		add	hl, bc
    1450/45C6 : CA B6 4C                		jp	z, sub_4CB6
    1451/45C9 : E5                      		push	hl
    1452/45CA : E5                      		push	hl
    1453/45CB : 23                      		inc	hl
    1454/45CC : CD B1 48                		call	sub_48B1
    1455/45CF : E1                      		pop	hl
    1456/45D0 : 28 20                   		jr	z, loc_45F2
    1457/45D2 : E5                      		push	hl
    1458/45D3 : EB                      		ex	de, hl
    1459/45D4 : EF                      		rst	28h		; ed_outhls
    1460/45D5 : 00                      		nop
    1461/45D6 : DF                      		rst	18h		; ed_prnst
    1462/45D7 : 08 48 A0                		db 8,'H',0A0h
    1463/45DA : 00                      		nop
    1464/45DB : E1                      		pop	hl
    1465/45DC : 2B                      		dec	hl
    1466/45DD : CD 23 46                		call	sub_4623	; Ausgabe Zeilennummer
    1467/45E0 : 06 07                   loc_45E0:		ld	b, 7
    1468/45E2 : CD 99 46                		call	sub_4699
    1469/45E5 : 21 D9 EF                		ld	hl, -1027h
    1470/45E8 : 19                      		add	hl, de
    1471/45E9 : 11 27 10                		ld	de, 1027h
    1472/45EC : DC 38 46                		call	c, setcu	; set cursor
    1473/45EF : D4 B6 4C                		call	nc, sub_4CB6
    1474/45F2 : D1                      loc_45F2:	pop	de
    1475/45F3 : 18 A6                   		jr	loc_459B
    1476/45F5 :                         
    1477/45F5 :                         
    1478/45F5 :                         ;---------------------------------------
    1479/45F5 :                         ; suche Zeile ARG1
    1480/45F5 :                         ; ret HL = Zeilenanfang
    1481/45F5 : 2A 00 55                sub_45F5:	ld	hl, (BUFBEG)	; Anfangsdresse
    1482/45F8 : 23                      loc_45F8:	inc	hl
    1483/45F9 : 23                      		inc	hl
    1484/45FA : CD 2B 44                loc_45FA:	call	sub_442B	; Suche nächste Zeile
    1485/45FD : C8                      		ret	z		; Textende erreicht
    1486/45FE : 5E                      		ld	e, (hl)
    1487/45FF : 23                      		inc	hl
    1488/4600 : 56                      		ld	d, (hl)		; DE=Zeilennummer
    1489/4601 : 2B                      		dec	hl
    1490/4602 : E5                      		push	hl		; Zeilenanfang
    1491/4603 : 00                      		nop
    1492/4604 : 00                      		nop
    1493/4605 : 00                      		nop
    1494/4606 : 00                      		nop
 AS V1.42 Beta [Bld 297] - Source File edas4-as.asm - Page 31 - 3/30/2026 15:43:14


    1495/4607 : 00                      		nop
    1496/4608 : 00                      		nop
    1497/4609 : 00                      		nop
    1498/460A : 00                      		nop
    1499/460B : 2A 5B 18                		ld	hl, (ARG1)	; wird ARG1 überschritten?
    1500/460E : B7                      		or	a
    1501/460F : ED 52                   		sbc	hl, de
    1502/4611 : E1                      		pop	hl
    1503/4612 : 3F                      		ccf
    1504/4613 : D0                      		ret	nc		; schon größer
    1505/4614 : C8                      		ret	z		; gefunden
    1506/4615 : 18 E3                   		jr	loc_45FA
    1507/4617 :                         
    1508/4617 :                         ;---------------------------------------
    1509/4617 :                         ; Patch zu loc_4664 Zeichenklasse ermitteln
    1510/4617 :                         ; komprimierte Leerzeichen
    1511/4617 : B7                      loc_4617:	or	a		; 00?
    1512/4618 : 28 62                   		jr	z, loc_467C
    1513/461A : FE 20                   		cp	' '		; komprimierte Leerzeichen?
    1514/461C : 30 5E                   		jr	nc, loc_467C	; nein
    1515/461E : 3E 20                   		ld	a, ' '		; ja, als Leerzeichen auswerten
    1516/4620 : 18 5A                   		jr	loc_467C
    1517/4622 : 00                      		db    0
    1518/4623 :                         
    1519/4623 :                         ;---------------------------------------
    1520/4623 :                         ; Ausgabe Zeilennummer
    1521/4623 : CD 4F 46                sub_4623:	call	sub_464F	; ret DE=Zeilennummer
    1522/4626 : D8                      		ret	c		; wenn Bereichsüberschreitung
    1523/4627 : E5                      		push	hl		; Zeilenanfang
    1524/4628 : EB                      		ex	de, hl		; HL=Zeilennummer
    1525/4629 : EF                      		rst	28h		; ed_outhls Ausgabe HL
    1526/462A : 00                      		nop
    1527/462B : 22 12 55                		ld	(word_5512), hl	; Zeilennummer merken
    1528/462E : E1                      		pop	hl		; Zeilenanfang
    1529/462F : 23                      		inc	hl
    1530/4630 : CD BE 48                		call	sub_48BE
    1531/4633 : CB 7F                   		bit	7, a
    1532/4635 :                         ; set cursor bws(31,0)
    1533/4635 : 11 3F 10                sub_4635:	ld	de, bws(31,0)
    1534/4638 :                         ;---------------------------------------
    1535/4638 :                         ; set cursor
    1536/4638 :                         ; ret de=alte Cursorposition
    1537/4638 : E5                      setcu:		push	hl
    1538/4639 : 2A 00 18                		ld	hl, (cupos)
    1539/463C : EB                      		ex	de, hl
    1540/463D : 22 00 18                		ld	(cupos), hl
    1541/4640 : E1                      		pop	hl
    1542/4641 : C9                      		ret
    1543/4642 :                         
    1544/4642 :                         ;---------------------------------------
    1545/4642 :                         ;die letzten beiden BWS-Zeilen leeren
    1546/4642 : 11 00 10                sub_4642:	ld	de, 1000h
    1547/4645 : 06 7F                   		ld	b, 7Fh
    1548/4647 :                         ; ab DE Bx Leerzeichen
    1549/4647 : 3E 20                   sub_4647:	ld	a, ' '
    1550/4649 : 13                      loc_4649:	inc	de
    1551/464A : 12                      		ld	(de), a
    1552/464B : 10 FC                   		djnz	loc_4649
    1553/464D : 18 E9                   		jr	setcu		; set cursor
    1554/464F :                         
 AS V1.42 Beta [Bld 297] - Source File edas4-as.asm - Page 32 - 3/30/2026 15:43:14


    1555/464F :                         ; Zeilennummer holen
    1556/464F :                         ; ret DE=Nummer, Cy=1 bei Ende oder Bereichsüberschreitung
    1557/464F : 7E                      sub_464F:	ld	a, (hl)		; Test auf FF
    1558/4650 : C6 01                   		add	a, 1		; wenn A=FF war, dann Cy=1
    1559/4652 : 9F                      		sbc	a, a		;
    1560/4653 : D8                      		ret	c		; bei FF
    1561/4654 : 5E                      		ld	e, (hl)
    1562/4655 : 23                      		inc	hl
    1563/4656 : 56                      		ld	d, (hl)		; DE=Zeilennummer
    1564/4657 : 2B                      		dec	hl
    1565/4658 : E5                      		push	hl		; HL=Zeilenanfang
    1566/4659 : 2A 5D 18                		ld	hl, (ARG2)	; FFFF
    1567/465C : ED 52                   		sbc	hl, de
    1568/465E : E1                      		pop	hl
    1569/465F : C9                      		ret
    1570/4660 :                         
    1571/4660 :                         ;---------------------------------------
    1572/4660 :                         ; Zeichen (HL) ausgeben
    1573/4660 : 7E                      sub_4660:	ld	a, (hl)
    1574/4661 :                         ; Zeichen (A) ausgeben
    1575/4661 : 12                      sub_4661:	ld	(de), a		; schreiben in BWS
    1576/4662 : 1B                      		dec	de		; Cursor weiter
    1577/4663 :                         ;
    1578/4663 : 23                      sub_4663:	inc	hl
    1579/4664 :                         ;---------------------------------------
    1580/4664 :                         ;ret: C = Zeichenklasse
    1581/4664 :                         ;	C0: A..Z
    1582/4664 :                         ;	E0: 0..9
    1583/4664 :                         ;	98: 0A0h ; Ende-Marker
    1584/4664 :                         ;	Spezialzeichen s. unk_551D
    1585/4664 :                         ; 	bit 6=1 bei ..
    1586/4664 :                         ; 	bit 4=1 bei Kommentar, Zeilenende oder Ende-Marker
    1587/4664 :                         ;	bit 0=1 bei Trenner (Leerzeichen, Komma)
    1588/4664 : 7E                      loc_4664:	ld	a, (hl)
    1589/4665 : FE 30                   		cp	30h ; '0'
    1590/4667 : 38 AE                   		jr	c, loc_4617	; < 30h
    1591/4669 : FE 41                   		cp	41h ; 'A'
    1592/466B : 38 0A                   		jr	c, loc_4677	; '0'..'@'
    1593/466D : 0E C0                   		ld	c, 0C0h
    1594/466F : FE 5B                   		cp	5Bh ; '['	; 'A'..'Z'
    1595/4671 : D8                      		ret	c
    1596/4672 : 0E 98                   		ld	c, 98h
    1597/4674 : FE A0                   		cp	0A0h 		; Ende-Marker
    1598/4676 : C8                      		ret	z
    1599/4677 : 0E E0                   loc_4677:	ld	c, 0E0h
    1600/4679 : FE 3A                   		cp	3Ah ; ':'	; '0'..'9'
    1601/467B : D8                      		ret	c
    1602/467C :                         
    1603/467C :                         ;---------------------------------------
    1604/467C :                         ;
    1605/467C : E5                      loc_467C:	push	hl
    1606/467D : E6 7F                   		and	7Fh
    1607/467F : 32 2D 55                		ld	(unk_552D), a	; Zeichen auch in Tabelle eintragen
    1608/4682 :                         					; damit die Fkt. determiniert
    1609/4682 : 21 1D 55                		ld	hl, unk_551D	; Tabelle Zeichenklassen Spezialzeichen
    1610/4685 : 4E                      loc_4685:	ld	c, (hl)		; Zeichenklasse
    1611/4686 : 23                      loc_4686:	inc	hl
    1612/4687 : CB 7E                   		bit	7, (hl)
    1613/4689 : 20 FA                   		jr	nz, loc_4685
    1614/468B : BE                      		cp	(hl)		; Vgl. Zeichen
 AS V1.42 Beta [Bld 297] - Source File edas4-as.asm - Page 33 - 3/30/2026 15:43:14


    1615/468C : 20 F8                   		jr	nz, loc_4686
    1616/468E : E1                      		pop	hl
    1617/468F : CB 61                   		bit	4, c		; bei Kommentar, Zeilenende oder Ende-Marker
    1618/4691 : C0                      		ret	nz
    1619/4692 : 37                      		scf			; Cy=1,wenn Bit4=0
    1620/4693 : C9                      		ret
    1621/4694 :                         
    1622/4694 :                         ;---------------------------------------
    1623/4694 :                         ;
    1624/4694 : CB 59                   sub_4694:	bit	3, c
    1625/4696 : C0                      		ret	nz
    1626/4697 : 06 05                   		ld	b, 5
    1627/4699 :                         ;
    1628/4699 :                         ; in B = Anz. Zeichen
    1629/4699 : CB 61                   sub_4699:	bit	4, c		; Kommentar, Zeilenende oder Ende-Marker?
    1630/469B : 20 07                   		jr	nz, loc_46A4	; ja
    1631/469D : CD 60 46                		call	sub_4660	; Zeichen (HL) ausgeben
    1632/46A0 : 10 F7                   		djnz	sub_4699
    1633/46A2 : 04                      		inc	b		; B=1
    1634/46A3 : C9                      		ret
    1635/46A4 : 1B                      loc_46A4:	dec	de		; cupos
    1636/46A5 : 10 FD                   		djnz	loc_46A4
    1637/46A7 : CD 64 46                		call	loc_4664	; Zeichenklasse ermitteln
    1638/46AA : CB 41                   loc_46AA:	bit	0, c		; Trenner (Leerzeichen, Komma) ?
    1639/46AC : C8                      		ret	z		; nein
    1640/46AD : CD BE 48                		call	sub_48BE
    1641/46B0 : 18 F8                   		jr	loc_46AA
    1642/46B2 :                         
    1643/46B2 :                         ;---------------------------------------
    1644/46B2 :                         ; Ausgabe HL, wenn <> FFFF
    1645/46B2 :                         ; in DE=cupos
    1646/46B2 : 7C                      sub_46B2:	ld	a, h
    1647/46B3 : A5                      		and	l
    1648/46B4 : 3C                      		inc	a
    1649/46B5 : C8                      		ret	z
    1650/46B6 : CD 38 46                		call	setcu		; set cursor
    1651/46B9 : EF                      		rst	28h		; ed_outhls
    1652/46BA : 00                      		nop
    1653/46BB : C9                      		ret
    1654/46BC :                         
    1655/46BC :                         ;---------------------------------------
    1656/46BC :                         ;in HL Ende erster Parameter (in BWS)
    1657/46BC : 06 00                   sub_46BC:	ld	b, 0
    1658/46BE : E5                      sub_46BE:	push	hl
    1659/46BF : FD 66 F6                		ld	h, (iy-0Ah)
    1660/46C2 : 2E 70                   		ld	l, 70h ; 'p'
    1661/46C4 : E3                      		ex	(sp), hl	; Wert auf Stack, HL restaurieren
    1662/46C5 : 11 00 00                		ld	de, 0
    1663/46C8 : CD 64 46                		call	loc_4664	; Zeichenklasse ermitteln
    1664/46CB : FE 28                   		cp	28h ; '('
    1665/46CD : 20 2E                   		jr	nz, loc_46FD
    1666/46CF : E3                      		ex	(sp), hl
    1667/46D0 : CB 54                   		bit	2, h
    1668/46D2 : 20 78                   		jr	nz, loc_474C
    1669/46D4 : CB D4                   		set	2, h
    1670/46D6 : 2C                      		inc	l
    1671/46D7 :                         ; nächsten Parameter bearbeiten
    1672/46D7 : CB 98                   loc_46D7:	res	3, b
    1673/46D9 : E3                      loc_46D9:	ex	(sp), hl
    1674/46DA : CD BE 48                		call	sub_48BE
 AS V1.42 Beta [Bld 297] - Source File edas4-as.asm - Page 34 - 3/30/2026 15:43:14


    1675/46DD : 38 1E                   		jr	c, loc_46FD
    1676/46DF : E3                      		ex	(sp), hl
    1677/46E0 : FD 74 F6                		ld	(iy-0Ah), h
    1678/46E3 : CB 60                   		bit	4, b
    1679/46E5 : 20 0A                   		jr	nz, loc_46F1
    1680/46E7 : CB 48                   		bit	1, b
    1681/46E9 : 20 0D                   		jr	nz, loc_46F8
    1682/46EB : ED 53 F2 55             		ld	(word_55F2), de
    1683/46EF : 18 07                   		jr	loc_46F8
    1684/46F1 : 7B                      loc_46F1:	ld	a, e
    1685/46F2 : CD B1 43                		call	sub_43B1
    1686/46F5 : FD 73 F7                		ld	(iy-9), e
    1687/46F8 : 45                      loc_46F8:	ld	b, l
    1688/46F9 : E1                      		pop	hl
    1689/46FA : C3 DE 48                		jp	loc_48DE
    1690/46FD :                         ;
    1691/46FD : ED 53 82 55             loc_46FD:	ld	(word_5582), de
    1692/4701 : CB 69                   		bit	5, c		; Zeichenklasse
    1693/4703 : 28 38                   		jr	z, loc_473D
    1694/4705 : FE 22                   		cp	22h ; '"'
    1695/4707 : 20 0F                   		jr	nz, loc_4718
    1696/4709 : CD BE 48                		call	sub_48BE
    1697/470C : 16 00                   		ld	d, 0
    1698/470E : 5F                      		ld	e, a
    1699/470F : FE A0                   		cp	0A0h ; 'á'
    1700/4711 : 20 27                   		jr	nz, loc_473A
    1701/4713 : 1E 20                   		ld	e, 20h ; ' '
    1702/4715 : 23                      		inc	hl
    1703/4716 : 18 22                   		jr	loc_473A
    1704/4718 : EB                      loc_4718:	ex	de, hl
    1705/4719 : FE 23                   		cp	23h ; '#'
    1706/471B : 28 15                   		jr	z, loc_4732
    1707/471D : D5                      		push	de
    1708/471E : F7                      		rst	30h		; ed_konvx
    1709/471F : 00                      		nop
    1710/4720 : 1A                      		ld	a, (de)		; Zeichen nach Ziffern
    1711/4721 : FE 48                   		cp	'H'		; folgt suffix 'H'?
    1712/4723 : 20 07                   		jr	nz, loc_472C	; nein, dezimal
    1713/4725 : E1                      		pop	hl
    1714/4726 : 2A 59 18                		ld	hl, (data+1)	; Wert
    1715/4729 : 1B                      		dec	de		; nächstes Zeichen (BWS)
    1716/472A : 18 0C                   		jr	loc_4738
    1717/472C : D1                      loc_472C:	pop	de
    1718/472D : CD EB 43                		call	sub_43EB	; Ascii Dez -> Hex
    1719/4730 : 18 06                   		jr	loc_4738
    1720/4732 : 1B                      loc_4732:	dec	de
    1721/4733 : F7                      		rst	30h		; ed_konvx
    1722/4734 : 00                      		nop
    1723/4735 : 2A 59 18                		ld	hl, (data+1)
    1724/4738 : EB                      loc_4738:	ex	de, hl		; DE=num. Parameter
    1725/4739 : 23                      		inc	hl		; vorheriges Zeichen (BWS)
    1726/473A : E3                      loc_473A:	ex	(sp), hl
    1727/473B : 18 58                   		jr	loc_4795
    1728/473D : CB 71                   loc_473D:	bit	6, c
    1729/473F : 28 74                   		jr	z, loc_47B5
    1730/4741 : CD D9 44                		call	sub_44D9
    1731/4744 : 23                      		inc	hl
    1732/4745 : E3                      		ex	(sp), hl
    1733/4746 : 20 3E                   		jr	nz, loc_4786
    1734/4748 : CB 48                   		bit	1, b
 AS V1.42 Beta [Bld 297] - Source File edas4-as.asm - Page 35 - 3/30/2026 15:43:14


    1735/474A : 3E 24                   		ld	a, 24h 		; Error 24 - zu viele Register
    1736/474C : 20 75                   loc_474C:	jr	nz, loc_47C3	; Fehler ausgeben
    1737/474E : CB 50                   		bit	2, b
    1738/4750 : 20 71                   		jr	nz, loc_47C3	; Fehler ausgeben
    1739/4752 : CB C8                   		set	1, b
    1740/4754 : 7A                      		ld	a, d
    1741/4755 : FE 62                   		cp	62h ; 'b'
    1742/4757 : 20 21                   		jr	nz, loc_477A
    1743/4759 : 7B                      		ld	a, e
    1744/475A : E6 30                   		and	30h ; '0'
    1745/475C : F5                      		push	af
    1746/475D : B0                      		or	b
    1747/475E : 47                      		ld	b, a
    1748/475F : 0F                      		rrca
    1749/4760 : 0F                      		rrca
    1750/4761 : 0F                      		rrca
    1751/4762 : 0F                      		rrca
    1752/4763 : A5                      		and	l
    1753/4764 : E6 01                   		and	1
    1754/4766 : B4                      		or	h
    1755/4767 : 67                      		ld	h, a
    1756/4768 : F1                      		pop	af
    1757/4769 : CB 7C                   		bit	7, h
    1758/476B : 20 06                   		jr	nz, loc_4773
    1759/476D : CB FC                   		set	7, h
    1760/476F : B4                      		or	h
    1761/4770 : 67                      		ld	h, a
    1762/4771 : 18 07                   		jr	loc_477A
    1763/4773 : AC                      loc_4773:	xor	h
    1764/4774 : E6 30                   		and	30h ; '0'
    1765/4776 : 3E 25                   		ld	a, 25h 		; Error 25 - unzulässige Operandenkombination
    1766/4778 : 20 49                   		jr	nz, loc_47C3	; Fehler ausgeben
    1767/477A : 7D                      loc_477A:	ld	a, l
    1768/477B : E6 01                   		and	1
    1769/477D : B2                      		or	d
    1770/477E : 6F                      		ld	l, a
    1771/477F : ED 5B 82 55             		ld	de, (word_5582)
    1772/4783 : C3 D7 46                loc_4783:	jp	loc_46D7
    1773/4786 :                         ;
    1774/4786 : 30 0D                   loc_4786:	jr	nc, loc_4795
    1775/4788 : FD 7E F6                		ld	a, (iy-0Ah)
    1776/478B : E6 08                   		and	8
    1777/478D : B4                      		or	h
    1778/478E : 67                      		ld	h, a
    1779/478F : CB 40                   		bit	0, b
    1780/4791 : 3E 41                   		ld	a, 41h 		; Error 41 - illegale Vorwärtsreferenz
    1781/4793 : 20 2E                   		jr	nz, loc_47C3	; Fehler ausgeben
    1782/4795 :                         loc_4795:
    1783/4795 : E5                      		push	hl
    1784/4796 : CB 58                   		bit	3, b
    1785/4798 : 2A 82 55                		ld	hl, (word_5582)
    1786/479B : 20 03                   		jr	nz, loc_47A0
    1787/479D : 19                      		add	hl, de
    1788/479E : 18 03                   		jr	loc_47A3
    1789/47A0 : B7                      loc_47A0:	or	a
    1790/47A1 : ED 52                   		sbc	hl, de
    1791/47A3 : EB                      loc_47A3:	ex	de, hl
    1792/47A4 : E1                      		pop	hl
    1793/47A5 : CB 48                   		bit	1, b
    1794/47A7 : 28 DA                   		jr	z, loc_4783
 AS V1.42 Beta [Bld 297] - Source File edas4-as.asm - Page 36 - 3/30/2026 15:43:14


    1795/47A9 : CB 60                   		bit	4, b
    1796/47AB : 3E 27                   		ld	a, 27h 		; Error 27 - illegaler Operand
    1797/47AD : 28 14                   		jr	z, loc_47C3	; Fehler ausgeben
    1798/47AF : CB 45                   		bit	0, l
    1799/47B1 : 28 10                   		jr	z, loc_47C3	; Fehler ausgeben
    1800/47B3 : 18 CE                   		jr	loc_4783
    1801/47B5 : CB D8                   loc_47B5:	set	3, b
    1802/47B7 : E3                      		ex	(sp), hl
    1803/47B8 : FE 2D                   		cp	2Dh ; '-'
    1804/47BA : CA D9 46                		jp	z, loc_46D9
    1805/47BD : CB 49                   		bit	1, c
    1806/47BF : 20 C2                   		jr	nz, loc_4783
    1807/47C1 : 3E 26                   		ld	a, 26h 		; Error 26 - illegales Zeichen
    1808/47C3 :                         ; Fehler ausgeben (fwd)
    1809/47C3 : C3 30 4B                loc_47C3:	jp	loc_4B30	; Fehler ausgeben
    1810/47C6 :                         
    1811/47C6 :                         ;---------------------------------------
    1812/47C6 :                         ; Ausgabe MC
    1813/47C6 : D9                      sub_47C6:	exx
    1814/47C7 : 2A 0C 55                		ld	hl, (word_550C)	; MC-Adr.
    1815/47CA : FD CB 00 4E             		bit	1, (iy+0)	;
    1816/47CE : CA 64 48                		jp	z, loc_4864	; Byte eintragen
    1817/47D1 : FD CB 01 5E             		bit	3, (iy+1)	; Assembleroptionen
    1818/47D5 : 18 32                   		jr	loc_4809	; ..weiter
    1819/47D7 :                         
    1820/47D7 :                         ;---------------------------------------
    1821/47D7 :                         ; rst30
    1822/47D7 :                         ; fuehrende Leerzeichen ueberlesen,
    1823/47D7 :                         ; letzen vier Zeichen als Hexzahl konvertieren
    1824/47D7 :                         ; und in data ablegen
    1825/47D7 :                         ; entspricht Routine im Monitor
    1826/47D7 :                         ; ret HL = data, data = Anz. Stellen; data+1=word
    1827/47D7 : 1A                      konvx:		ld	a, (de)
    1828/47D8 : FE 20                   		cp	' '
    1829/47DA : 1B                      		dec	de
    1830/47DB : 28 FA                   		jr	z, konvx
    1831/47DD : 13                      		inc	de
    1832/47DE : AF                      		xor	a
    1833/47DF : 21 58 18                konvx1:		ld	hl, data	; Puffer, im Monitor
    1834/47E2 : 77                      		ld	(hl), a
    1835/47E3 : 23                      		inc	hl
    1836/47E4 : 77                      		ld	(hl), a
    1837/47E5 : 23                      		inc	hl
    1838/47E6 : 77                      		ld	(hl), a
    1839/47E7 : 1A                      konvx2:		ld	a, (de)
    1840/47E8 : 2B                      		dec	hl
    1841/47E9 : 2B                      		dec	hl
    1842/47EA : D6 30                   		sub	30h ; '0'
    1843/47EC : F8                      		ret	m
    1844/47ED : FE 0A                   		cp	0Ah
    1845/47EF : 38 08                   		jr	c, konvx3
    1846/47F1 : D6 07                   		sub	7
    1847/47F3 : FE 0A                   		cp	0Ah
    1848/47F5 : F8                      		ret	m
    1849/47F6 : FE 10                   		cp	10h
    1850/47F8 : F0                      		ret	p
    1851/47F9 : 1B                      konvx3:		dec	de
    1852/47FA : 34                      		inc	(hl)
    1853/47FB : 23                      		inc	hl
    1854/47FC : ED 6F                   		rld
 AS V1.42 Beta [Bld 297] - Source File edas4-as.asm - Page 37 - 3/30/2026 15:43:14


    1855/47FE : 23                      		inc	hl
    1856/47FF : ED 6F                   		rld
    1857/4801 : 18 E4                   		jr	konvx2
    1858/4803 :                         
    1859/4803 :                         ;---------------------------------------
    1860/4803 :                         ; UP zu SWAP
    1861/4803 : CD 69 51                loc_4803:	call	sub_5169
    1862/4806 : C3 E6 4B                		jp	loc_4BE6
    1863/4809 :                         
    1864/4809 :                         ;---------------------------------------
    1865/4809 :                         ; UP zu sub_47C6
    1866/4809 : 2A 0C 55                loc_4809:	ld	hl, (word_550C)	; MC-Adr.
    1867/480C : E5                      		push	hl
    1868/480D : FD CB 01 4E             		bit	1, (iy+1)	; Assembleroptionen
    1869/4811 :                         					; "MC in Speicher laden"
    1870/4811 : 28 2B                   		jr	z, loc_483E	; nein
    1871/4813 : ED 5B 0A 55             		ld	de, (mc_ofs)	; offset for code generation
    1872/4817 : 19                      		add	hl, de
    1873/4818 : FD CB 00 76             		bit	6, (iy+0)
    1874/481C : 20 20                   		jr	nz, loc_483E
    1875/481E : 01 00 54                		ld	bc, loc_5400	; Bereich loc_5400..unk_5600
    1876/4821 : 11 00 56                		ld	de, unk_5600
    1877/4824 : CD F5 48                		call	sub_48F5	; testen
    1878/4827 : 01 00 40                		ld	bc, loc_4000	; Bereich loc_4000..loc_53FC+3
    1879/482A : 11 FF 53                		ld	de, loc_53FC+3
    1880/482D : CD F5 48                		call	sub_48F5	; testen
    1881/4830 : ED 4B 00 55             		ld	bc, (BUFBEG)	; Anfangsdresse
    1882/4834 : E5                      		push	hl
    1883/4835 : CD 66 44                		call	sub_4466	; Bufferende
    1884/4838 : EB                      		ex	de, hl
    1885/4839 : E1                      		pop	hl
    1886/483A : CD F5 48                		call	sub_48F5	; testen
    1887/483D : 77                      		ld	(hl), a		; Code in Speicher schreiben
    1888/483E : FD CB 00 46             loc_483E:	bit	0, (iy+0)
    1889/4842 : 20 1F                   		jr	nz, loc_4863
    1890/4844 : 2A 00 18                		ld	hl, (cupos)
    1891/4847 : C3 C8 48                		jp	loc_48C8
    1892/484A : 00                      		db    0
    1893/484B :                         
    1894/484B :                         
    1895/484B :                         ;
    1896/484B : 30 13                   loc_484B:	jr	nc, loc_4860
    1897/484D : F5                      		push	af
    1898/484E : CD B6 4C                		call	sub_4CB6
    1899/4851 : 11 39 10                		ld	de, bws(31,6)	; 1039h
    1900/4854 : 06 46                   		ld	b, 46h ; 'F'
    1901/4856 : CD 47 46                		call	sub_4647
    1902/4859 : 11 7A 10                		ld	de, bws(30,5)	; 107Ah
    1903/485C : CD 38 46                		call	setcu		; set cursor
    1904/485F : F1                      		pop	af
    1905/4860 : CD EE 07                loc_4860:	call	OUTHEX
    1906/4863 : E1                      loc_4863:	pop	hl
    1907/4864 :                         ; Byte eintragen
    1908/4864 : 23                      loc_4864:	inc	hl
    1909/4865 : 22 0C 55                		ld	(word_550C), hl	; MC-Adr.
    1910/4868 : D9                      		exx
    1911/4869 : C9                      		ret
    1912/486A :                         
    1913/486A :                         ; Fehlerzähler rücksetzen
    1914/486A : 21 B2 55                sub_486A:	ld	hl, errcnt		; Fehlerzähler
 AS V1.42 Beta [Bld 297] - Source File edas4-as.asm - Page 38 - 3/30/2026 15:43:14


    1915/486D : AF                      		xor	a
    1916/486E : 77                      		ld	(hl), a
    1917/486F : 23                      		inc	hl
    1918/4870 : 77                      		ld	(hl), a
    1919/4871 : 21 09 09                		ld	hl, 909h		; Defaultwert f. word_557C
    1920/4874 : C9                      		ret
    1921/4875 :                         
    1922/4875 :                         ; Fehlerzähler um 1 erhöhen (BCD)
    1923/4875 : 2A B2 55                sub_4875:	ld	hl, (errcnt)		; Fehlerzähler
    1924/4878 : B7                      		or	a
    1925/4879 : 7D                      		ld	a, l
    1926/487A : 3C                      		inc	a
    1927/487B : 27                      		daa
    1928/487C : 20 02                   		jr	nz, loc_4880
    1929/487E : AF                      		xor	a
    1930/487F : 24                      		inc	h
    1931/4880 : 6F                      loc_4880:	ld	l, a
    1932/4881 : 22 B2 55                		ld	(errcnt), hl		; Fehlerzähler
    1933/4884 : C9                      		ret
    1934/4885 :                         
    1935/4885 :                         ;---------------------------------------
    1936/4885 :                         ; Ausgabe "Error "
    1937/4885 : DF                      error:		rst	18h		; ed_prnst
    1938/4886 : 45 72 72 6F 72 A0       		db "Error",0A0h
    1939/488C : C9                      		ret
    1940/488D :                         
    1941/488D :                         ;---------------------------------------
    1942/488D :                         ; Ausgabe Anz. Fehler
    1943/488D : 2A B2 55                loc_488D:	ld	hl, (errcnt)	; Fehlerzähler
    1944/4890 : D5                      		push	de
    1945/4891 : CD B6 4C                		call	sub_4CB6
    1946/4894 : 11 77 10                		ld	de, bws(30,8)
    1947/4897 : CD 38 46                		call	setcu		; set cursor
    1948/489A : D1                      		pop	de
    1949/489B : CD B6 48                		call	sub_48B6	; Ausgabe "******"
    1950/489E : EF                      		rst	28h		; ed_outhls
    1951/489F :                         					; Ausgabe Fehlerzähler
    1952/489F : CD 85 48                		call	error		; Ausgabe "Error "
    1953/48A2 : 2B                      		dec	hl
    1954/48A3 : 7D                      		ld	a, l
    1955/48A4 : B4                      		or	h		; Fehlerzähler = 1?
    1956/48A5 : 28 04                   		jr	z, loc_48AB	; ja
    1957/48A7 : DF                      		rst	18h		; ed_prnst
    1958/48A8 : 08 73 A0                		db 8,'s',0A0h		; sonst Plural "Errors "
    1959/48AB : CD B6 48                loc_48AB:	call	sub_48B6	; Ausgabe "******"
    1960/48AE : C3 B6 4C                		jp	sub_4CB6
    1961/48B1 :                         
    1962/48B1 :                         ;---------------------------------------
    1963/48B1 :                         ; Patch zu
    1964/48B1 : C5                      sub_48B1:	push	bc
    1965/48B2 : 2B                      		dec	hl
    1966/48B3 : C3 DB 44                		jp	loc_44DB
    1967/48B6 :                         
    1968/48B6 :                         ;---------------------------------------
    1969/48B6 :                         ; Ausgabe "******"
    1970/48B6 : DF                      sub_48B6:	rst	18h		; ed_prnst
    1971/48B7 : 2A 2A 2A 2A 2A A0       		db "*****",0A0h
    1972/48BD : C9                      		ret
    1973/48BE :                         
    1974/48BE :                         ;---------------------------------------
 AS V1.42 Beta [Bld 297] - Source File edas4-as.asm - Page 39 - 3/30/2026 15:43:14


    1975/48BE :                         ; nächstes Zeichen
    1976/48BE :                         sub_48BE:	; test auf BWS Ende
    1977/48BE : 3E 17                   		ld	a, 17h		; BWS
    1978/48C0 : 94                      		sub	h		; HL=cupos
    1979/48C1 : DA 63 46                		jp	c, sub_4663	; wenn BWS unterschritten
    1980/48C4 :                         					; dann ein Zeichen zurück
    1981/48C4 :                         					; und Zeichenklasse ermitteln
    1982/48C4 : 2B                      sub_48C4:	dec	hl		; sonst ein Zeichen vor
    1983/48C5 : C3 64 46                		jp	loc_4664	; und Zeichenklasse ermitteln
    1984/48C8 :                         
    1985/48C8 :                         ;---------------------------------------
    1986/48C8 :                         ;
    1987/48C8 : 11 74 10                loc_48C8:	ld	de, 1074h	; bws(30,11)
    1988/48CB : B7                      		or	a
    1989/48CC : ED 52                   		sbc	hl, de
    1990/48CE : C3 4B 48                		jp	loc_484B
    1991/48D1 :                         ;
    1992/48D1 : F5                      sub_48D1:	push	af
    1993/48D2 : 7E                      loc_48D2:	ld	a, (hl)
    1994/48D3 : 12                      		ld	(de), a
    1995/48D4 : 23                      		inc	hl
    1996/48D5 : 1B                      		dec	de
    1997/48D6 : 0D                      		dec	c
    1998/48D7 : 20 F9                   		jr	nz, loc_48D2
    1999/48D9 : F1                      		pop	af
    2000/48DA : 21 5A 18                		ld	hl, data+2
    2001/48DD : C9                      		ret
    2002/48DE :                         
    2003/48DE :                         ;
    2004/48DE : CD 64 46                loc_48DE:	call	loc_4664	; Zeichenklasse ermitteln
    2005/48E1 : CB 41                   sub_48E1:	bit	0, c		; Trenner (Leerzeichen, Komma) ?
    2006/48E3 : C8                      		ret	z		; nein
    2007/48E4 : CD BE 48                		call	sub_48BE
    2008/48E7 : 18 F8                   		jr	sub_48E1
    2009/48E9 :                         
    2010/48E9 :                         ;---------------------------------------
    2011/48E9 : E3                      prnst0:		ex	(sp), hl
    2012/48EA : 7E                      prnst1:		ld	a, (hl)
    2013/48EB : 23                      		inc	hl
    2014/48EC : D7                      		rst	10h		; ed_outch0
    2015/48ED : CB 7F                   		bit	7, a
    2016/48EF : 28 F9                   		jr	z, prnst1
    2017/48F1 : E3                      		ex	(sp), hl
    2018/48F2 : C9                      		ret
    2019/48F3 :                         
    2020/48F3 :                         ;---------------------------------------
    2021/48F3 : 00                      		db    0
    2022/48F4 : FF                      		db 0FFh
    2023/48F5 :                         
    2024/48F5 :                         ;---------------------------------------
    2025/48F5 :                         ; Bereichstest HL between BC and DE
    2026/48F5 : E5                      sub_48F5:	push	hl
    2027/48F6 : B7                      		or	a
    2028/48F7 : ED 52                   		sbc	hl, de
    2029/48F9 : E1                      		pop	hl
    2030/48FA : D0                      		ret	nc
    2031/48FB : E5                      		push	hl
    2032/48FC : B7                      		or	a
    2033/48FD : ED 42                   		sbc	hl, bc
    2034/48FF : E1                      		pop	hl
 AS V1.42 Beta [Bld 297] - Source File edas4-as.asm - Page 40 - 3/30/2026 15:43:14


    2035/4900 : D8                      		ret	c
    2036/4901 :                         		; Fehlerfall
    2037/4901 : FD CB 00 F6             		set	6, (iy+0)
    2038/4905 : 3E 60                   		ld	a, 60h 		; Error 60 - memory object code overwriting
    2039/4907 : C3 30 4B                		jp	loc_4B30	; Fehler ausgeben
    2040/490A :                         
    2041/490A :                         ;---------------------------------------
    2042/490A :                         ; Reaktivieren eines vorhandenen Quelltextes
    2043/490A :                         ; Y - Reaktivieren des Editierpuffers. Hiermit kann ein im Speicher vorhandener
    2044/490A :                         ; Quelltext nach einem Kaltstart von EDAS*4 wieder aktiviert werden. Das ist
    2045/490A :                         ; notwendig, wenn eine Quelle von Kassette geladen wurde oder wenn nach einem
    2046/490A :                         ; eventuellen Systemabsturz die Quelle noch erhalten geblieben ist. Ein
    2047/490A :                         ; Reaktivieren ist jedoch nur so lange möglich, wie noch keine Quellzeile
    2048/490A :                         ; eingegeben wurde. Außerdem muß natürlich der Anfang des vereinbarten
    2049/490A :                         ; Editierpuffers mit dem Anfang des Quelltextes übereinstimmen.
    2050/490A :                         
    2051/490A : 2A 00 55                REUSE:		ld	hl, (BUFBEG)	; Anfangsdresse
    2052/490D : 23                      		inc	hl
    2053/490E : 23                      		inc	hl		; Länge
    2054/490F : 23                      		inc	hl
    2055/4910 : 23                      		inc	hl		; Offs
    2056/4911 : 23                      		inc	hl		; Trenner
    2057/4912 : 7E                      		ld	a, (hl)		; 1. Zeilennummer bzw. FF
    2058/4913 : FE FF                   		cp	0FFh		; bei leerem Puffer
    2059/4915 : 3E 05                   		ld	a, 5		; Error 05 - Reaktivieren des Puffers nicht möglich
    2060/4917 : C2 34 4B                		jp	nz, sub_4B34	; Fehler ausgeben, wenn nicht FF
    2061/491A : 2A 75 55                		ld	hl, (p_BUFBEG)	; Parameter ARG2 Anfangsadresse
    2062/491D : 22 00 55                		ld	(BUFBEG), hl	; Anfangsdresse
    2063/4920 : 11 6F 55                		ld	de, unk_556F	; Buffersicherung
    2064/4923 : 01 06 00                		ld	bc, 6		; Länge
    2065/4926 : EB                      		ex	de, hl
    2066/4927 : ED B0                   		ldir			; rückschreiben
    2067/4929 : C9                      		ret
    2068/492A :                         ;---------------------------------------
    2069/492A :                         ; Assembleroptionen setzen/rücksetzen
    2070/492A :                         ; +x - Ergänze Option (nur bitweise).
    2071/492A :                         
    2072/492A : 7D                      SETOPT:		ld	a, l
    2073/492B : FD B6 01                		or	(iy+1)		; Assembleroptionen
    2074/492E : 18 08                   		jr	loc_4938
    2075/4930 :                         
    2076/4930 :                         ;---------------------------------------
    2077/4930 :                         ; Assembleroptionen setzen/rücksetzen
    2078/4930 :                         ; -x - Streiche Option (nur bitweise).
    2079/4930 :                         
    2080/4930 : 7D                      RESOPT:		ld	a, l
    2081/4931 : 2F                      		cpl
    2082/4932 : FD A6 01                		and	(iy+1)		; Assembleroptionen
    2083/4935 : 18 01                   		jr	loc_4938
    2084/4937 :                         
    2085/4937 :                         ;---------------------------------------
    2086/4937 :                         ; Assembleroptionen setzen/rücksetzen
    2087/4937 :                         ; O x - Setze Assembler-Option mit Maske (1 Byte).
    2088/4937 :                         ; Bit 0 +01 - Unterdrücke Assemblerlisting; fehlerhafte Zeilen werden trotzdem
    2089/4937 :                         ; ausgegeben.
    2090/4937 :                         ; Bit 1 +02 - Maschinenkode in Speicher laden; nur wenn dieses Bit gesetzt ist,
    2091/4937 :                         ; wird der Maschinenkode im zugehörenden Speicher abgelegt.
    2092/4937 :                         ; Bit 2 +04 - Assemblerlisting zur Druckerschnittstelle; das Assemblerlisting wird
    2093/4937 :                         ; zeichenweise der Druckerschnittstelle übergeben.
    2094/4937 :                         ; Bit 4 + 10 - Erzwinge 2. Lauf bei Fehlern im 1. Lauf; im Normalfall wird bei
 AS V1.42 Beta [Bld 297] - Source File edas4-as.asm - Page 41 - 3/30/2026 15:43:14


    2095/4937 :                         ; Fehlern im Lauf 1 an dessen Ende der Assembler abgebrochen.
    2096/4937 :                         ; Bit 5 +20 - Relative Sprungdistanzen sind absolut angegeben; hiermit kann z.B.
    2097/4937 :                         ; der Sprungangabe bei SYPS K 1520 entsprochen werden (z.B. JR marke-$).
    2098/4937 :                         ; Bit 7 + 80 - Ausgabe einer Symboltabelle; im Anschluß an den zweiten
    2099/4937 :                         ; Assemblerlauf wird eine alphabetisch geordnete Liste aller verwendeten Symbole
    2100/4937 :                         ; erzeugt, die auch deren Werte und die Zeilen, in denen sie definiert wurden,
    2101/4937 :                         ; enthält.
    2102/4937 :                         
    2103/4937 : 7D                      OPTIONS:	ld	a, l
    2104/4938 : E6 B7                   loc_4938:	and	0B7h
    2105/493A : FD 77 01                		ld	(iy+1),	a	; Assembleroptionen
    2106/493D : 32 07 55                		ld	(byte_5507), a	; Assembleroptionen
    2107/4940 : C9                      		ret
    2108/4941 : 00                      		nop
    2109/4942 : 00                      		nop
    2110/4943 :                         
    2111/4943 :                         ;---------------------------------------
    2112/4943 :                         ; Seitengröße auf Bildschirm einstellen
    2113/4943 :                         ; H h - Setzen der Seitengröße auf h (hex.).
    2114/4943 :                         ; H - Setzen der Seitengröße auf 25 Zeilen.
    2115/4943 :                         ; H 0 - Setzen auf kontinuierliche Ausgabe.
    2116/4943 :                         ; Nach der Ausgabe von h Zeilen auf dem Bildschirm wird die Ausgabe unterbrochen
    2117/4943 :                         ; und nach dem Drücken einer Taste um jeweils eine weitere Seitengröße
    2118/4943 :                         ; fortgesetzt. Nach dem Start ist die Seitengröße auf 25 Zeilen festgelegt.
    2119/4943 :                         
    2120/4943 : 7D                      HEIGHT:		ld	a, l		; in HL=1.Parameter Hex
    2121/4944 : 20 02                   		jr	nz, loc_4948
    2122/4946 : 3E 19                   		ld	a, 25
    2123/4948 : 32 14 55                loc_4948:	ld	(byte_5514), a
    2124/494B : C9                      		ret
    2125/494C :                         
    2126/494C :                         ;---------------------------------------
    2127/494C :                         ; Ansprung des assemblierten Programms
    2128/494C :                         ; G - direkter Ansprung des assemblierten Programms zur Adresse, die mit ENT
    2129/494C :                         ; markiert wurde. Voraussetzung zur Ausführung dieses Kommandos sind ein
    2130/494C :                         ; Assemblerlauf mit gesetztem Bit 1 und eine ENT-Anweisung im Quelltext. Vor
    2131/494C :                         ; Ausführung dieses Kommandos empfiehlt es sich, die aktuelle Quelle auf Kassette
    2132/494C :                         ; zu sichern, da man nie sicher ist, ob sich nicht doch ein Fehler im Programm
    2133/494C :                         ; befindet.
    2134/494C :                         
    2135/494C : 2A 0A 55                GO:		ld	hl, (mc_ofs)	; offset for code generation
    2136/494F : 7C                      		ld	a, h
    2137/4950 : B5                      		or	l
    2138/4951 : 20 10                   		jr	nz, loc_4963	; bei offs kein Go
    2139/4953 : FD CB 01 4E             		bit	1, (iy+1)	; Assembleroptionen
    2140/4957 : 28 0A                   		jr	z, loc_4963	; no code, no Go
    2141/4959 : 2A 0E 55                		ld	hl, (word_550E)	; ENT-Adresse
    2142/495C : 23                      		inc	hl
    2143/495D : 7C                      		ld	a, h
    2144/495E : B5                      		or	l
    2145/495F : 28 02                   		jr	z, loc_4963	; no ENT Adr.
    2146/4961 : 18 17                   		jr	loc_497A
    2147/4963 : 3E 04                   loc_4963:	ld	a, 4		; Error 04 -- illegal GO
    2148/4965 : C3 30 4B                		jp	loc_4B30	; Fehler ausgeben
    2149/4968 :                         
    2150/4968 :                         ;---------------------------------------
    2151/4968 :                         ; Ausgabeverzögerung setzen
    2152/4968 :                         ; J h - Setzen einer Schirmausgabeverzögerung (h 1..FF).
    2153/4968 :                         ; J 0 - Rücksetzen der Verzögerung.
    2154/4968 :                         
 AS V1.42 Beta [Bld 297] - Source File edas4-as.asm - Page 42 - 3/30/2026 15:43:14


    2155/4968 : 7D                      DELAY:		ld	a, l		; in HL=1.Parameter Hex
    2156/4969 : 32 09 55                		ld	(byte_5509), a	; Ausgabeverzögerung BWS
    2157/496C : C9                      		ret
    2158/496D :                         
    2159/496D :                         ;---------------------------------------
    2160/496D :                         ; K h - Wie J, aber nur bei Druckerausgabe.
    2161/496D :                         ; Mit dem "J"- bzw. "K"-Kommando läßt sich die Geschwindigkeit der Bildschirm bzw.
    2162/496D :                         ; Druckerausgabe steuern, in dem entsprechend dem Argument h nach jedem cr
    2163/496D :                         ; gewartet wird. Nach dem Start sind beide Verzögerungen ausgeschaltet.
    2164/496D :                         
    2165/496D : 7D                      PDELAY:		ld	a, l		; in HL=1.Parameter Hex
    2166/496E : 32 08 55                		ld	(byte_5508), a	; Ausgabeverzögerung Druck
    2167/4971 : C9                      		ret
    2168/4972 :                         
    2169/4972 :                         ;???
    2170/4972 : 22 08 55                		ld	(byte_5508), hl	; Ausgabeverzögerung Druck
    2171/4975 : C9                      		ret
    2172/4976 :                         
    2173/4976 :                         ;---------------------------------------
    2174/4976 :                         ; Maschinenkode um Hexwert verschoben im Speicher ablegen
    2175/4976 :                         ; P hhhh - Der vom Assembler erzeugte Maschinenkode wird auf den vorgesehenen
    2176/4976 :                         ; Speicherplatz + hhhh (Offset-Hex) geladen.
    2177/4976 :                         ; Dieses Kommando muß vor dem entsprechenden Assemblerlauf gegeben werden. Hiermit
    2178/4976 :                         ; kann man auch Programme assemblieren, die sonst reservierte Speicherbereiche von
    2179/4976 :                         ; EDAS*4 zerstören würden. Mit dem "T"-Befehl des Monitors sind sie dann auf den
    2180/4976 :                         ; Speicherplatz zu bringen, auf dem sie laut Listing lauffähig sind.
    2181/4976 :                         
    2182/4976 : 22 0A 55                PUT:		ld	(mc_ofs), hl	; in HL=1.Parameter Hex
    2183/4979 :                         					; offset for code generation
    2184/4979 : C9                      		ret
    2185/497A :                         
    2186/497A :                         ;
    2187/497A : E5                      loc_497A:	push	hl
    2188/497B : CD 16 51                		call	sv_restore	; orig.	Sprungverteiler	wiederherstellen
    2189/497E : E1                      		pop	hl
    2190/497F : 2B                      		dec	hl
    2191/4980 : E9                      		jp	(hl)
    2192/4981 :                         
    2193/4981 : 00                      		db    0
    2194/4982 : 00                      		db    0
    2195/4983 : 00                      		db    0
    2196/4984 : 00                      		db    0
    2197/4985 : 00                      		db    0
    2198/4986 : 00                      		db    0
    2199/4987 :                         
    2200/4987 :                         ;---------------------------------------
    2201/4987 :                         ; Anzeige des Quelltextes auf dem Schirm
    2202/4987 :                         ; V - Anzeige des gesamten Quelltextes.
    2203/4987 :                         ; V a - Anzeige ab Zeile a bis zum Ende.
    2204/4987 :                         ; V a e - Anzeige ab Zeile a bis Zeile e.
    2205/4987 :                         ; Hiermit kann man den Quelltext ganz oder teilweise auf dem Schirm ausgeben.
    2206/4987 :                         
    2207/4987 : CD F5 45                VIEW:		call	sub_45F5	; suche Zeile ARG1 (a)
    2208/498A : CD AD 4C                loc_498A:	call	sub_4CAD	; Anzeige Zeile
    2209/498D : 18 FB                   		jr	loc_498A
    2210/498F :                         
    2211/498F :                         ;---------------------------------------
    2212/498F :                         ; Neunumerierung der gesamten Quelle
    2213/498F :                         ; R - 1. Zeile 10 Schrittweite 10.
    2214/498F :                         ; R a - Zeile a Schrittweite 10.
 AS V1.42 Beta [Bld 297] - Source File edas4-as.asm - Page 43 - 3/30/2026 15:43:14


    2215/498F :                         ; R a s - Zeile a Schrittweite S.
    2216/498F :                         ; Zur Verbesserung der Form bzw. zum Platzschaffen für Einfügungen kann hiermit
    2217/498F :                         ; die gesamte Quelle mit neuen Zeilennummern versehen werden.
    2218/498F :                         
    2219/498F : CD 04 44                RENUM:		call	sub_4404	; Parameter f. RENUM und INUM, Defaults 10
    2220/4992 : EB                      		ex	de, hl		; DE = nächste neue Zeilennummer
    2221/4993 : 2A 00 55                loc_4993:	ld	hl, (BUFBEG)	; Anfangsdresse
    2222/4996 : 23                      		inc	hl
    2223/4997 : 23                      		inc	hl		; size übergehen
    2224/4998 : 23                      		inc	hl
    2225/4999 : CD 2C 44                loc_4999:	call	loc_442C	; Suche nächste Zeile
    2226/499C : C8                      		ret	z		; Textende
    2227/499D : 73                      		ld	(hl), e		; neue Nummer eintragen
    2228/499E : 23                      		inc	hl
    2229/499F : 72                      		ld	(hl), d
    2230/49A0 : EB                      		ex	de, hl
    2231/49A1 : CD 1F 44                		call	sub_441F	; Nächste Zeilennummer berechnen (BCD)
    2232/49A4 : EB                      		ex	de, hl
    2233/49A5 : 30 F2                   		jr	nc, loc_4999	; solange Zeilnnummer < 9999
    2234/49A7 :                         		;
    2235/49A7 : 3E 01                   		ld	a, 1		; Error 01 - Zeilennummerüberlauf
    2236/49A9 : 32 84 55                		ld	(byte_5584), a	; und Schrittweite auf 1 rücksetzen
    2237/49AC : CD 34 4B                		call	sub_4B34	; Fehler ausgeben
    2238/49AF : 11 01 00                		ld	de, 1		; Zeilennummer auf 1 rücksetzen
    2239/49B2 : 18 DF                   		jr	loc_4993	; weitermachen
    2240/49B4 :                         
    2241/49B4 :                         ;---------------------------------------
    2242/49B4 :                         ; Zeichenkettensuche
    2243/49B4 :                         ; /STRING/ - Eingabe der zu suchenden Zeichenkette.
    2244/49B4 :                         
    2245/49B4 : 2A 00 18                SEARCH:		ld	hl, (cupos)	; =  103F bws(31,0) Anfang letzte Zeile
    2246/49B7 : 11 80 00                		ld	de, 80h	; 2 Zeilen (2x COLS)
    2247/49BA : 19                      		add	hl, de		; = 10BF bws(29,0) Suchzeichenkette
    2248/49BB : 7E                      		ld	a, (hl)		; '/'
    2249/49BC : EB                      		ex	de, hl
    2250/49BD : 21 BF FF                		ld	hl, 0FFBFh	; -41H, -65
    2251/49C0 : 19                      		add	hl, de		; = bws(30,1)
    2252/49C1 : 01 43 00                		ld	bc, 43h		; 63
    2253/49C4 : ED B1                   		cpir			; suche Ende-Marker '/'
    2254/49C6 : EB                      		ex	de, hl
    2255/49C7 : 11 6E 55                		ld	de, unk_556E	; kopieren in Buffer Suchzeichenkette
    2256/49CA : ED B8                   		lddr			; incl. der Trennzeichen '/'
    2257/49CC :                         					; Ablage revers!
    2258/49CC : 13                      		inc	de
    2259/49CD : 3E A0                   		ld	a, 0A0h		; ' '+80h
    2260/49CF : 12                      		ld	(de), a		; Endekennzeichen ersetzen durch 0A0h
    2261/49D0 : C9                      		ret
    2262/49D1 :                         
    2263/49D1 : 00                      		db    0
    2264/49D2 :                         
    2265/49D2 :                         ;---------------------------------------
    2266/49D2 :                         ; F a - Listen der Zeilen, in denen die zuvor in Schrägstriche gestellte und
    2267/49D2 :                         ; eingegebene Zeichenkette enthalten ist.
    2268/49D2 :                         ; Damit lassen sich z.B. bestimmte Befehle, Marken und ähnliches im gesamten
    2269/49D2 :                         ; Quelltext suchen.
    2270/49D2 :                         
    2271/49D2 : CD F5 45                FIND:		call	sub_45F5	; suche Zeile ARG1 a
    2272/49D5 : 22 85 55                loc_49D5:	ld	(word_5585), hl	; Zeile merken
    2273/49D8 : 7E                      		ld	a, (hl)
    2274/49D9 : 3C                      		inc	a		; Textende FF?
 AS V1.42 Beta [Bld 297] - Source File edas4-as.asm - Page 44 - 3/30/2026 15:43:14


    2275/49DA : C8                      		ret	z		; dann raus hier
    2276/49DB : 23                      		inc	hl		; Zeilennummer
    2277/49DC : 23                      		inc	hl		; übergehen
    2278/49DD : E5                      loc_49DD:	push	hl		; Position merken
    2279/49DE : 11 6D 55                		ld	de, unk_556E-1	; Buffer Suchzeichenkette
    2280/49E1 : 1A                      loc_49E1:	ld	a, (de)
    2281/49E2 : 1B                      		dec	de		; nächstes Zeichen
    2282/49E3 : FE A0                   		cp	0A0h		; Textende?
    2283/49E5 : 28 0C                   		jr	z, loc_49F3	; ja, Suche erfolgreich
    2284/49E7 : BE                      		cp	(hl)
    2285/49E8 : 23                      		inc	hl		; nächstes Zeichen
    2286/49E9 : 28 F6                   		jr	z, loc_49E1	; solange matcht
    2287/49EB :                         		;nächste Zeile erreicht?
    2288/49EB : E1                      		pop	hl		; Position
    2289/49EC : 7E                      		ld	a, (hl)		;
    2290/49ED : 23                      		inc	hl		;
    2291/49EE : B7                      		or	a		; 00?
    2292/49EF : 20 EC                   		jr	nz, loc_49DD	; nein
    2293/49F1 : 18 E2                   		jr	loc_49D5	; ja Zeilendende erreicht
    2294/49F3 :                         		;Suchpufferende erreicht -> gefunden
    2295/49F3 : E1                      loc_49F3:	pop	hl		;
    2296/49F4 : CD 2D 44                		call	loc_442D	; Suche Zeilenende
    2297/49F7 : EB                      		ex	de, hl		; DE=Anfang nächste Zeile
    2298/49F8 : 2A 85 55                		ld	hl, (word_5585)	; HL=Anfang aktuelle Zeile
    2299/49FB : ED 53 85 55             		ld	(word_5585), de	; nächste Zeile zur Suche merken
    2300/49FF : CD AD 4C                		call	sub_4CAD	; Anzeige Zeile
    2301/4A02 : 18 D1                   		jr	loc_49D5	; und weitersuchen
    2302/4A04 :                         
    2303/4A04 : 00                      		db    0
    2304/4A05 : 00                      		db    0
    2305/4A06 : 00                      		db    0
    2306/4A07 : 00                      		db    0
    2307/4A08 : 00                      		db    0
    2308/4A09 : 00                      		db    0
    2309/4A0A : 00                      		db    0
    2310/4A0B : 00                      		db    0
    2311/4A0C : 00                      		db    0
    2312/4A0D : 00                      		db    0
    2313/4A0E : 00                      		db    0
    2314/4A0F : 00                      		db    0
    2315/4A10 : 00                      		db    0
    2316/4A11 :                         
    2317/4A11 :                         ;---------------------------------------
    2318/4A11 :                         ; Ändern einer Quellzeile
    2319/4A11 :                         ; Z - Korrigiere in zuletzt eingegebener Zeile.
    2320/4A11 :                         ; Z x - Korrigiere in Zeile x.
    2321/4A11 :                         
    2322/4A11 : 20 06                   CORRECT:	jr	nz, loc_4A19	; Z=keine Param.
    2323/4A13 : 2A 10 55                		ld	hl, (word_5510)	; letzte Zeilennummer
    2324/4A16 : 22 5B 18                		ld	(ARG1),	hl
    2325/4A19 : CD F5 45                loc_4A19:	call	sub_45F5	; suche Zeile ARG1
    2326/4A1C : 3E 03                   		ld	a, 3		; Error 03 - nicht existierende Zeile
    2327/4A1E : D2 30 4B                		jp	nc, loc_4B30	; Fehler ausgeben
    2328/4A21 : CD AD 4C                		call	sub_4CAD	; Anzeige Zeile
    2329/4A24 : AF                      		xor	a
    2330/4A25 : 32 FE 55                		ld	(byte_55FE), a
    2331/4A28 : DF                      		rst	18h		; ed_prnst
    2332/4A29 : 0B 09 09 09 09 89       		db 0Bh,9,9,9,9,89h
    2333/4A2F : CD C0 4F                		call	sub_4FC0	; Eingabe Textzeile
    2334/4A32 : C3 53 4A                		jp	loc_4A53	; Auswerten als Quelltext
 AS V1.42 Beta [Bld 297] - Source File edas4-as.asm - Page 45 - 3/30/2026 15:43:14


    2335/4A35 :                         
    2336/4A35 :                         ;---------------------------------------
    2337/4A35 :                         ; Löschen von Quelltextzeilen
    2338/4A35 :                         ; X a e - Streichen der Zeilen ab a bis e einschließlich.
    2339/4A35 :                         ; Mit diesem Kommando können eingegebene Quelltextzeilen wieder gelöscht werden.
    2340/4A35 :                         ; Dieses Kommando wird nur dann ausgeführt, wenn beide Argumente angegeben sind,
    2341/4A35 :                         ; sonst erfolgt eine Fehlermeldung.
    2342/4A35 :                         
    2343/4A35 : FE 02                   KILL:		cp	2		; in A=Anz. Parameter
    2344/4A37 : C2 2E 4B                		jp	nz, loc_4B2E	; error 99 illegal command
    2345/4A3A : CD F5 45                sub_4A3A:	call	sub_45F5	; suche Zeile ARG1 (a)
    2346/4A3D : E5                      		push	hl
    2347/4A3E : 2B                      		dec	hl
    2348/4A3F : CD 4E 44                		call	sub_444E
    2349/4A42 : CD 6C 45                loc_4A42:	call	sub_456C
    2350/4A45 : 38 05                   		jr	c, loc_4A4C
    2351/4A47 : 1B                      		dec	de
    2352/4A48 : 1B                      		dec	de
    2353/4A49 : 23                      		inc	hl
    2354/4A4A : 18 F6                   		jr	loc_4A42
    2355/4A4C : CD 59 44                loc_4A4C:	call	sub_4459
    2356/4A4F : D1                      		pop	de
    2357/4A50 : C3 C2 43                		jp	sub_43C2
    2358/4A53 :                         
    2359/4A53 :                         ;---------------------------------------
    2360/4A53 :                         ; Eingabe Quelltext
    2361/4A53 : 1A                      loc_4A53:	ld	a, (de)		; in DE=10BF bws(29,0)
    2362/4A54 : FE 20                   		cp	' '
    2363/4A56 : CA 2E 4B                		jp	z, loc_4B2E	; error 99 illegal command
    2364/4A59 : D5                      		push	de
    2365/4A5A : CD EB 43                		call	sub_43EB	; Ascii Dez -> Hex
    2366/4A5D :                         					; hier Übergehen der Marke
    2367/4A5D : C6 10                   		add	a, 10h		; Zeichen hinter Zeilennummer-30h+10h
    2368/4A5F :                         					; = 20? also Leerzeichen?
    2369/4A5F : C2 2E 4B                		jp	nz, loc_4B2E	; nein -> error 99 illegal command
    2370/4A62 : E1                      		pop	hl
    2371/4A63 : E5                      		push	hl
    2372/4A64 : B7                      		or	a
    2373/4A65 : ED 52                   		sbc	hl, de
    2374/4A67 : 01 FB FF                		ld	bc, 0FFFBh	; -5
    2375/4A6A : 09                      		add	hl, bc		; Zeilennummer mehr als 4 Zeichen?
    2376/4A6B : D1                      		pop	de
    2377/4A6C : DA 2E 4B                		jp	c, loc_4B2E	; dann error 99 illegal command
    2378/4A6F : F7                      		rst	30h		; ed_konvx
    2379/4A70 : 2A 59 18                		ld	hl, (data+1)
    2380/4A73 : 7C                      		ld	a, h		; Zeilennummer 0000?
    2381/4A74 : B5                      		or	l
    2382/4A75 : CA 2E 4B                		jp	z, loc_4B2E	; dann error 99 illegal command
    2383/4A78 : 22 5B 18                		ld	(ARG1),	hl	; Zeilennummer merken
    2384/4A7B : 22 10 55                		ld	(word_5510), hl	; Zeilennummer merken
    2385/4A7E :                         		;
    2386/4A7E : 21 80 10                		ld	hl, 1080h	; bws(29,63)
    2387/4A81 : 36 00                   		ld	(hl), 0		; markieren
    2388/4A83 : 23                      		inc	hl		; bws(29,62)
    2389/4A84 : 00                      		nop
    2390/4A85 : 00                      		nop
    2391/4A86 : 00                      		nop
    2392/4A87 : 00                      		nop
    2393/4A88 : 00                      		nop
    2394/4A89 : CD 80 51                		call	sub_5180
 AS V1.42 Beta [Bld 297] - Source File edas4-as.asm - Page 46 - 3/30/2026 15:43:14


    2395/4A8C : E5                      loc_4A8C:	push	hl
    2396/4A8D : B7                      		or	a
    2397/4A8E : D5                      		push	de
    2398/4A8F : EB                      		ex	de, hl
    2399/4A90 : ED 52                   		sbc	hl, de
    2400/4A92 : D1                      		pop	de
    2401/4A93 : E5                      		push	hl
    2402/4A94 : 23                      		inc	hl
    2403/4A95 : 38 02                   		jr	c, loc_4A99
    2404/4A97 : 23                      		inc	hl
    2405/4A98 : 23                      		inc	hl
    2406/4A99 : E5                      loc_4A99:	push	hl
    2407/4A9A : F5                      		push	af
    2408/4A9B : E5                      		push	hl
    2409/4A9C : EB                      		ex	de, hl
    2410/4A9D : CD C4 48                		call	sub_48C4
    2411/4AA0 : CD 4E 44                		call	sub_444E
    2412/4AA3 : 30 02                   		jr	nc, loc_4AA7
    2413/4AA5 : 13                      		inc	de
    2414/4AA6 : 13                      		inc	de
    2415/4AA7 : D5                      loc_4AA7:	push	de
    2416/4AA8 : CD F5 45                		call	sub_45F5	; suche Zeile ARG1
    2417/4AAB : D1                      		pop	de
    2418/4AAC : 30 0B                   		jr	nc, loc_4AB9
    2419/4AAE : E5                      		push	hl
    2420/4AAF : 23                      		inc	hl
    2421/4AB0 : CD 63 46                		call	sub_4663
    2422/4AB3 : 30 02                   		jr	nc, loc_4AB7
    2423/4AB5 : 1B                      		dec	de
    2424/4AB6 : 1B                      		dec	de
    2425/4AB7 : E1                      loc_4AB7:	pop	hl
    2426/4AB8 : 37                      		scf
    2427/4AB9 : D5                      loc_4AB9:	push	de
    2428/4ABA : 54                      		ld	d, h
    2429/4ABB : 5D                      		ld	e, l
    2430/4ABC : DC 2B 44                		call	c, sub_442B	; Suche nächste Zeile
    2431/4ABF : C1                      		pop	bc
    2432/4AC0 : E3                      		ex	(sp), hl
    2433/4AC1 : 09                      		add	hl, bc
    2434/4AC2 : 19                      		add	hl, de
    2435/4AC3 : E3                      		ex	(sp), hl
    2436/4AC4 : EB                      		ex	de, hl
    2437/4AC5 : E3                      		ex	(sp), hl
    2438/4AC6 : ED 52                   		sbc	hl, de
    2439/4AC8 : D5                      		push	de
    2440/4AC9 : CD 35 44                		call	sub_4435	; Textende ermitteln
    2441/4ACC : 19                      		add	hl, de
    2442/4ACD : EB                      		ex	de, hl
    2443/4ACE : 2A 02 55                		ld	hl, (BUFEND)
    2444/4AD1 : AF                      		xor	a		; Cy=0, A=0
    2445/4AD2 : ED 52                   		sbc	hl, de
    2446/4AD4 : DA 30 4B                		jp	c, loc_4B30	; Fehler ausgeben
    2447/4AD7 :                         					; Error 00 - Speicherüberlauf
    2448/4AD7 : 50                      		ld	d, b
    2449/4AD8 : 59                      		ld	e, c
    2450/4AD9 : CD 59 44                		call	sub_4459
    2451/4ADC : E1                      		pop	hl
    2452/4ADD : D1                      		pop	de
    2453/4ADE : CD C2 43                		call	sub_43C2
    2454/4AE1 : F1                      		pop	af
 AS V1.42 Beta [Bld 297] - Source File edas4-as.asm - Page 47 - 3/30/2026 15:43:14


    2455/4AE2 : 38 27                   		jr	c, loc_4B0B
    2456/4AE4 : E1                      		pop	hl
    2457/4AE5 : E5                      		push	hl
    2458/4AE6 : 19                      		add	hl, de
    2459/4AE7 : EB                      		ex	de, hl
    2460/4AE8 : CD 42 44                		call	sub_4442
    2461/4AEB : 03                      		inc	bc
    2462/4AEC : ED B8                   		lddr
    2463/4AEE : AF                      		xor	a
    2464/4AEF : 12                      		ld	(de), a
    2465/4AF0 : 1B                      		dec	de
    2466/4AF1 : E1                      		pop	hl
    2467/4AF2 : C1                      		pop	bc
    2468/4AF3 : E3                      		ex	(sp), hl
    2469/4AF4 : CD D1 48                		call	sub_48D1
    2470/4AF7 : 00                      		nop
    2471/4AF8 : 00                      		nop
    2472/4AF9 : ED A8                   		ldd
    2473/4AFB : ED A8                   		ldd
    2474/4AFD : C1                      		pop	bc
    2475/4AFE : 2A 85 55                		ld	hl, (word_5585)
    2476/4B01 : B7                      		or	a
    2477/4B02 : ED 52                   		sbc	hl, de
    2478/4B04 : 19                      		add	hl, de
    2479/4B05 : 38 04                   		jr	c, loc_4B0B
    2480/4B07 : 09                      		add	hl, bc
    2481/4B08 : 22 85 55                		ld	(word_5585), hl
    2482/4B0B :                         loc_4B0B:					; sub_4D26-221j
    2483/4B0B : FD CB 00 66             		bit	4, (iy+0)
    2484/4B0F : 28 0E                   		jr	z, loc_4B1F
    2485/4B11 : 2A 5B 18                		ld	hl, (ARG1)
    2486/4B14 : CD 1F 44                		call	sub_441F	; Nächste Zeilennummer berechnen (BCD)
    2487/4B17 : 3E 02                   		ld	a, 2		; Error 02 - Überlauf im I-Mode
    2488/4B19 : DA 30 4B                		jp	c, loc_4B30	; Fehler ausgeben
    2489/4B1C : 22 87 55                		ld	(word_5587), hl
    2490/4B1F : C3 C4 53                loc_4B1F:	jp	loc_53C4
    2491/4B22 :                         
    2492/4B22 :                         ;---------------------------------------
    2493/4B22 :                         ; Automatische Zeilennummerierung
    2494/4B22 :                         ; I - ab Zeile 10 Schrittweite 10.
    2495/4B22 :                         ; I a - ab Zeile a Schrittweite 10.
    2496/4B22 :                         ; I a s - ab Zeile a Schrittweite s.
    2497/4B22 :                         ; Wie in BASIC-Interpretern der Auto-Befehl, gestattet das "I"-Kommando eine
    2498/4B22 :                         ; Eingabe mit automatischer Zeilennummernerzeugung. Der Kursor befindet sich bei
    2499/4B22 :                         ; der Zeileneröffnung immer auf der ersten Markenposition. Beendet wird dieses
    2500/4B22 :                         ; Kommando, in dem die letzte Zeilennummer wieder gelöscht wird, z.B. mit CTRL-R.
    2501/4B22 :                         
    2502/4B22 : CD 04 44                INUM:		call	sub_4404	; Parameter f. RENUM und INUM, Defaults 10
    2503/4B25 : 22 87 55                		ld	(word_5587), hl
    2504/4B28 : FD CB 00 E6             		set	4, (iy+0)
    2505/4B2C : 18 F1                   		jr	loc_4B1F
    2506/4B2E :                         
    2507/4B2E :                         ; Error 99
    2508/4B2E : 3E 99                   loc_4B2E:	ld	a, 99h 		; Error 99 - illegales Kommando
    2509/4B30 :                         
    2510/4B30 :                         ; Fehler ausgeben
    2511/4B30 : 2A 78 55                loc_4B30:	ld	hl, (word_5578)	; Adr. Ret-Funktion nach Fehler
    2512/4B33 : E5                      		push	hl		; auf Stack
    2513/4B34 : 11 7F 10                sub_4B34:	ld	de, bws(30,0)
    2514/4B37 : CD 38 46                		call	setcu		; set cursor
 AS V1.42 Beta [Bld 297] - Source File edas4-as.asm - Page 48 - 3/30/2026 15:43:14


    2515/4B3A : 5F                      		ld	e, a		; Fehlernummer merken
    2516/4B3B : CD 75 48                		call	sub_4875	; Fehlerzähler erhöhen
    2517/4B3E : CD 85 48                		call	error		; Ausgabe "Error "
    2518/4B41 : 00                      		nop
    2519/4B42 : 7B                      		ld	a, e		; Fehlernummer
    2520/4B43 : CD EE 07                		call	OUTHEX		; ausgeben
    2521/4B46 : FD CB 00 FE             		set	7, (iy+0)
    2522/4B4A : C3 B6 4C                		jp	sub_4CB6
    2523/4B4D :                         
    2524/4B4D :                         ;---------------------------------------
    2525/4B4D :                         ; Kaltstart
    2526/4B4D : 2A 5D 18                cold1:		ld	hl, (ARG2)	; BUFBEG
    2527/4B50 :                         		; Sicherung f. REUSE
    2528/4B50 : 22 75 55                		ld	(p_BUFBEG), hl	; Sicherung BUFBEG f. REUSE
    2529/4B53 : 11 6F 55                		ld	de, unk_556F	; Kopf sichern f. REUSE
    2530/4B56 : 01 06 00                		ld	bc, 6
    2531/4B59 : ED B0                   		ldir
    2532/4B5B :                         		; Defaultwerte setzen
    2533/4B5B : 21 06 40                		ld	hl, off_4006	; defaultwerte kopieren
    2534/4B5E : 11 00 55                		ld	de, BUFBEG	; Anfangsdresse
    2535/4B61 : 01 30 00                		ld	bc, 30h
    2536/4B64 : ED B0                   		ldir
    2537/4B66 :                         		; ARG2 BUFBEG
    2538/4B66 : 2A 5D 18                		ld	hl, (ARG2)	; BUFBEG=0 ?
    2539/4B69 : 7C                      		ld	a, h
    2540/4B6A : B5                      		or	l
    2541/4B6B : 28 03                   		jr	z, loc_4B70	; nein -> Wert merken
    2542/4B6D : 22 00 55                		ld	(BUFBEG), hl	; Anfangsdresse
    2543/4B70 :                         		; ARG3 BUFEND
    2544/4B70 : 2A 5F 18                loc_4B70:	ld	hl, (ARG3)	; BUFEND
    2545/4B73 : 7C                      		ld	a, h		; BUFEND=0 ?
    2546/4B74 : B5                      		or	l
    2547/4B75 : 28 03                   		jr	z, loc_4B7A	; nein -> Wert merken
    2548/4B77 : 22 02 55                		ld	(BUFEND), hl
    2549/4B7A :                         		; Textspeicher init
    2550/4B7A : 2A 00 55                loc_4B7A:	ld	hl, (BUFBEG)	; Anfangsdresse
    2551/4B7D : 00                      		nop
    2552/4B7E : 36 06                   		ld	(hl), 6		; Länge 0006 Bytes
    2553/4B80 : 23                      		inc	hl
    2554/4B81 : AF                      		xor	a
    2555/4B82 : 77                      		ld	(hl), a
    2556/4B83 : 23                      		inc	hl
    2557/4B84 : 77                      		ld	(hl), a		; Overhead 0000 Bytes
    2558/4B85 : 23                      		inc	hl
    2559/4B86 : 77                      		ld	(hl), a
    2560/4B87 : 23                      		inc	hl
    2561/4B88 : 77                      		ld	(hl), a		; 00
    2562/4B89 : 23                      		inc	hl
    2563/4B8A : 3D                      		dec	a		; FF = leer
    2564/4B8B : 77                      		ld	(hl), a		; Textende setzen
    2565/4B8C : 22 85 55                		ld	(word_5585), hl
    2566/4B8F :                         		;
    2567/4B8F :                         ;---------------------------------------
    2568/4B8F :                         ; Warmstart
    2569/4B8F : 31 FE 55                warm1:		ld	sp, byte_55FE
    2570/4B92 : 11 7F 10                		ld	de, bws(30,0)
    2571/4B95 : CD 38 46                		call	setcu		; set cursor
    2572/4B98 : DF                      		rst	18h		; ed_prnst
    2573/4B99 : 0C 20 41 43 31 20 2D 20 		db 0Ch," AC1 - EDITOR/ASSEMBLER",8Dh
         4BA1 : 45 44 49 54 4F 52 2F 41
 AS V1.42 Beta [Bld 297] - Source File edas4-as.asm - Page 49 - 3/30/2026 15:43:14


         4BA9 : 53 53 45 4D 42 4C 45 52
         4BB1 : 8D                     
    2574/4BB2 : 21 BF 17                		ld	hl, 17BFh
    2575/4BB5 : 06 40                   		ld	b, 40h 		; Länge Bildzeile
    2576/4BB7 : 36 2D                   loc_4BB7:	ld	(hl), '-'	; unterstreichen
    2577/4BB9 : 2B                      		dec	hl
    2578/4BBA : 10 FB                   		djnz	loc_4BB7
    2579/4BBC :                         
    2580/4BBC :                         ;---------------------------------------
    2581/4BBC :                         ; main: Kommandoschleife
    2582/4BBC :                         
    2583/4BBC :                         ; Ret.Adr. nach Kdo-Ausführung
    2584/4BBC : AF                      loc_4BBC:	xor	a
    2585/4BBD : 32 FE 55                		ld	(byte_55FE), a
    2586/4BC0 : DF                      		rst	18h		; ed_prnst
    2587/4BC1 : 8D                      		db 8Dh
    2588/4BC2 : 00                      		nop
    2589/4BC3 : 3A 14 55                		ld	a, (byte_5514)	; Seitengröße auf Bildschirm
    2590/4BC6 : 32 77 55                		ld	(unk_5577), a
    2591/4BC9 : FD 21 FE 55             		ld	iy, byte_55FE
    2592/4BCD : FD F9                   		ld	sp, iy
    2593/4BCF : 21 A8 40                		ld	hl, unk_40A8	; ZEAS: new output table
    2594/4BD2 : 00                      		nop			; ZEAS rst 18h
    2595/4BD3 : 00                      		nop			; ZEAS db 71h  NOM Set new output table
    2596/4BD4 : 21 0E 4D                		ld	hl, loc_4D0E	; Ausgabe Enter+ggf. Abbruch bei Strg-C
    2597/4BD7 : 22 9B 55                		ld	(unk_559B), hl
    2598/4BDA : 21 BC 4B                		ld	hl, loc_4BBC	; Adr. Kommandoschleife
    2599/4BDD : 22 7A 55                		ld	(unk_557A), hl
    2600/4BE0 : 22 78 55                		ld	(word_5578), hl	; Adr. Ret-Funktion nach Fehler
    2601/4BE3 : CD 8F 44                		call	chksum		; Test EDAS-Integrität
    2602/4BE6 :                         ;
    2603/4BE6 : 3A 07 55                loc_4BE6:	ld	a, (byte_5507)	; Assembleroptionen
    2604/4BE9 : 32 FF 55                		ld	(unk_55FF), a	; Assembleroptionen (IY+1)
    2605/4BEC : FD F9                   		ld	sp, iy		; setze Stack
    2606/4BEE : AF                      		xor	a
    2607/4BEF : 67                      		ld	h, a
    2608/4BF0 : 6F                      		ld	l, a
    2609/4BF1 : 22 5B 18                		ld	(ARG1),	hl	; Defaultwert 0000
    2610/4BF4 : 2B                      		dec	hl
    2611/4BF5 : 22 5D 18                		ld	(ARG2),	hl	; Defaultwert FFFF
    2612/4BF8 : 21 9D 40                		ld	hl, unk_409D	; Text "FREE: END: SEC:"
    2613/4BFB : 11 E5 17                		ld	de, bws(0,26)
    2614/4BFE : 01 19 00                		ld	bc, 19h
    2615/4C01 : ED B8                   		lddr			; anzeigen
    2616/4C03 : 21 A2 4C                		ld	hl, loc_4CA2	; Ausgabe in Speicher (ARG3)
    2617/4C06 : 22 9B 55                		ld	(unk_559B), hl
    2618/4C09 :                         		;
    2619/4C09 : CD 66 44                		call	sub_4466	; Bufferende ermitteln
    2620/4C0C : 11 E0 17                		ld	de, bws(0,31)
    2621/4C0F : CD B2 46                		call	sub_46B2	; Anzeige FREE
    2622/4C12 :                         		;
    2623/4C12 : 2A 0C 55                		ld	hl, (word_550C)	; MC-Adr.
    2624/4C15 : 11 D6 17                		ld	de, bws(0,41)
    2625/4C18 : CD B2 46                		call	sub_46B2	; Anzeige END
    2626/4C1B :                         		;
    2627/4C1B : 2A B8 54                		ld	hl, (word_54B8)	; Adresse Anfang Sekundärquelle (SEC)
    2628/4C1E : 11 CC 17                		ld	de, bws(0,51)
    2629/4C21 : CD B2 46                		call	sub_46B2	; Anzeige SEC
    2630/4C24 :                         		;
    2631/4C24 : 21 0E 4D                		ld	hl, loc_4D0E	; Ausgabe Enter+ggf. Abbruch bei Strg-C
 AS V1.42 Beta [Bld 297] - Source File edas4-as.asm - Page 50 - 3/30/2026 15:43:14


    2632/4C27 : 22 9B 55                		ld	(unk_559B), hl
    2633/4C2A : 11 7F 10                		ld	de, bws(30,0)
    2634/4C2D : CD 38 46                		call	setcu		; set cursor
    2635/4C30 : FD CB 00 66             		bit	4, (iy+0)
    2636/4C34 : 28 04                   		jr	z, loc_4C3A
    2637/4C36 : 2A 87 55                		ld	hl, (word_5587)
    2638/4C39 : EF                      		rst	28h		; ed_outhls
    2639/4C3A :                         		;
    2640/4C3A : CD C0 4F                loc_4C3A:	call	sub_4FC0	; Eingabe Textzeile
    2641/4C3D : D5                      		push	de		; Beginn Kdo-Zeile auf Stack
    2642/4C3E : 1A                      		ld	a, (de)		; 1. Zeichen == Kommando
    2643/4C3F : 01 9E 55                		ld	bc, unk_559E	; Kdo-Buchstabe
    2644/4C42 : FE 20                   		cp	' '		; Leeres Kdo?
    2645/4C44 : 20 06                   		jr	nz, loc_4C4C	; nein - Kopieren
    2646/4C46 : 0A                      		ld	a, (bc)		; ja - war letztes Kommando FIND?
    2647/4C47 : FE 46                   		cp	'F'		;
    2648/4C49 : C2 BC 4B                		jp	nz, loc_4BBC	; nein, dann zurück zur Kommandoschleife
    2649/4C4C : 02                      loc_4C4C:	ld	(bc), a		; Kdo
    2650/4C4D : 1B                      		dec	de
    2651/4C4E : 03                      		inc	bc		; BC=byte_559F ; Anzahl Kdo.Argumente
    2652/4C4F : AF                      		xor	a		; Anz. Param mit 00 init
    2653/4C50 : 02                      		ld	(bc), a
    2654/4C51 :                         ; Verarbeitung Parameter
    2655/4C51 : 01 5A 18                		ld	bc, data+2
    2656/4C54 : F7                      loc_4C54:	rst	30h		; ed_konvx
    2657/4C55 : 00                      		nop
    2658/4C56 : 7E                      		ld	a, (hl)		; data=Anz. Stellen
    2659/4C57 : B7                      		or	a		; 0 ?
    2660/4C58 : 28 11                   		jr	z, loc_4C6B	; dann Ende Param.
    2661/4C5A : 03                      		inc	bc		; hinter data folgen ARG1..3
    2662/4C5B : 23                      		inc	hl
    2663/4C5C : 7E                      		ld	a, (hl)		; lo-Byte Param
    2664/4C5D : 02                      		ld	(bc), a
    2665/4C5E : 03                      		inc	bc
    2666/4C5F : 23                      		inc	hl
    2667/4C60 : 7E                      		ld	a, (hl)		; hi-Byte Param
    2668/4C61 : 02                      		ld	(bc), a
    2669/4C62 : 21 9F 55                		ld	hl, byte_559F	; Anzahl Kdo.Argumente
    2670/4C65 : 34                      		inc	(hl)		; erhoehen
    2671/4C66 : 7E                      		ld	a, (hl)
    2672/4C67 : FE 03                   		cp	3		; max 3 Argumente
    2673/4C69 : 20 E9                   		jr	nz, loc_4C54	; weitere Parameter
    2674/4C6B :                         ; suche Kdo
    2675/4C6B : ED 4B 9E 55             loc_4C6B:	ld	bc, (unk_559E)	; C=Kdo-Buchstabe
    2676/4C6F :                         					; B=Anz. Param
    2677/4C6F : 2A 15 55                		ld	hl, (unk_5515)	; kdotab
    2678/4C72 : D1                      		pop	de		; Adr. Textzeile von Stack
    2679/4C73 : 7E                      loc_4C73:	ld	a, (hl)
    2680/4C74 : B7                      		or	a		; Ende kdotab erreicht (00)?
    2681/4C75 : CA 53 4A                		jp	z, loc_4A53	; dann vllt. Eingabe Quelltext
    2682/4C78 : 23                      		inc	hl
    2683/4C79 : B9                      		cp	c		; vgl. Kdo
    2684/4C7A : 28 04                   		jr	z, loc_4C80	; gefunden
    2685/4C7C : 23                      		inc	hl		; sonst Adr. überspringen
    2686/4C7D : 23                      		inc	hl
    2687/4C7E : 18 F3                   		jr	loc_4C73	; weitersuchen
    2688/4C80 :                         ; Kdo gefunden
    2689/4C80 : 11 3F 10                loc_4C80:	ld	de, bws(31,0)	; 103F
    2690/4C83 : CD 38 46                		call	setcu		; set cursor
    2691/4C86 : 5E                      		ld	e, (hl)
 AS V1.42 Beta [Bld 297] - Source File edas4-as.asm - Page 51 - 3/30/2026 15:43:14


    2692/4C87 : 23                      		inc	hl
    2693/4C88 : 56                      		ld	d, (hl)		; de=Adr. Kdo.
    2694/4C89 : 21 BC 4B                		ld	hl, loc_4BBC	; Ret.Adr. Kommandoschleife
    2695/4C8C : E5                      		push	hl		; auf Stack
    2696/4C8D : D5                      		push	de		; Kdo.Adr auf Stack
    2697/4C8E :                         		;
    2698/4C8E : 2A 00 18                		ld	hl, (cupos)	; 103F bws(31,0)
    2699/4C91 : 11 3F 00                		ld	de, 3Fh
    2700/4C94 : 19                      		add	hl, de		; 107E bws(30,1) ???
    2701/4C95 : EB                      		ex	de, hl
    2702/4C96 : CD EB 43                		call	sub_43EB	; Ascii Dez -> Hex
    2703/4C99 :                         		; Kdo. Register setzen und starten
    2704/4C99 : EB                      		ex	de, hl		; DE=BCD
    2705/4C9A : 2A 5B 18                		ld	hl, (ARG1)	; HL=1.Parameter Hex
    2706/4C9D : 3A 9F 55                		ld	a, (byte_559F)	; A=Anzahl Kdo.Argumente
    2707/4CA0 : B7                      		or	a		; Z=keine Param.
    2708/4CA1 : C9                      		ret			; Start Kdo.
    2709/4CA2 :                         
    2710/4CA2 :                         ;---------------------------------------
    2711/4CA2 :                         ; Ausgabe in Speicher (ARG3)
    2712/4CA2 : E5                      loc_4CA2:	push	hl
    2713/4CA3 : 2A 5F 18                		ld	hl, (ARG3)
    2714/4CA6 : 77                      		ld	(hl), a
    2715/4CA7 : 23                      		inc	hl
    2716/4CA8 : 22 5F 18                		ld	(ARG3),	hl
    2717/4CAB : E1                      		pop	hl
    2718/4CAC : C9                      		ret
    2719/4CAD :                         
    2720/4CAD :                         ;---------------------------------------
    2721/4CAD :                         ; Anzeige Zeile
    2722/4CAD : CD 23 46                sub_4CAD:	call	sub_4623	; Ausgabe Zeilennummer
    2723/4CB0 : C2 BC 4B                		jp	nz, loc_4BBC	; bei Fehler zurück zur Kommandoschleife
    2724/4CB3 : CD BD 51                		call	sub_51BD	; Ausgabe Zeileninhalt
    2725/4CB6 :                         ;
    2726/4CB6 : FD CB 00 56             sub_4CB6:	bit	2, (iy+0)
    2727/4CBA : 28 26                   		jr	z, loc_4CE2
    2728/4CBC : C3 CF 53                		jp	loc_53CF
    2729/4CBF : 00                      		db    0
    2730/4CC0 :                         
    2731/4CC0 :                         ;---------------------------------------
    2732/4CC0 :                         ; UP zu loc_53CF
    2733/4CC0 : FD CB 00 4E             loc_4CC0:	bit	1, (iy+0)
    2734/4CC4 : 28 03                   		jr	z, loc_4CC9
    2735/4CC6 : 21 40 10                		ld	hl, 1040h	; bws(30,63)
    2736/4CC9 : CD A6 44                loc_4CC9:	call	sub_44A6
    2737/4CCC : EB                      		ex	de, hl
    2738/4CCD : CD 35 46                		call	sub_4635 	; set cursor bws(31,0)
    2739/4CD0 : 11 7F 10                		ld	de, bws(30,0)
    2740/4CD3 : 1A                      		ld	a, (de)
    2741/4CD4 : CD 34 4D                loc_4CD4:	call	sub_4D34
    2742/4CD7 : 1B                      		dec	de
    2743/4CD8 : 1A                      		ld	a, (de)
    2744/4CD9 : B7                      		or	a
    2745/4CDA : F2 D4 4C                		jp	p, loc_4CD4
    2746/4CDD : CD 80 44                		call	sub_4480
    2747/4CE0 : 18 1F                   		jr	loc_4D01
    2748/4CE2 :                         
    2749/4CE2 :                         ;---------------------------------------
    2750/4CE2 :                         ;
    2751/4CE2 : FD 7E 00                loc_4CE2:	ld	a, (iy+0)
 AS V1.42 Beta [Bld 297] - Source File edas4-as.asm - Page 52 - 3/30/2026 15:43:14


    2752/4CE5 : E6 03                   		and	3
    2753/4CE7 : FE 01                   		cp	1
    2754/4CE9 : 3A 09 55                		ld	a, (byte_5509)	; Ausgabeverzögerung BWS
    2755/4CEC : C4 73 44                		call	nz, sub_4473
    2756/4CEF : 3A 77 55                		ld	a, (unk_5577)
    2757/4CF2 : D6 01                   		sub	1
    2758/4CF4 : 38 0B                   		jr	c, loc_4D01
    2759/4CF6 : 20 03                   		jr	nz, loc_4CFB
    2760/4CF8 : 3A 14 55                		ld	a, (byte_5514)	; Seitengröße auf Bildschirm
    2761/4CFB : 32 77 55                loc_4CFB:	ld	(unk_5577), a
    2762/4CFE : CC 26 4D                		call	z, sub_4D26
    2763/4D01 : ED 5B 12 55             loc_4D01:	ld	de, (word_5512)	; ausgegebene Zeilennummer
    2764/4D05 : ED 53 10 55             		ld	(word_5510), de	; Zeilennummer
    2765/4D09 : CD 22 4D                		call	sub_4D22	; ggf. Abbruch bei Stop
    2766/4D0C : 3E 0D                   		ld	a, 0Dh
    2767/4D0E :                         
    2768/4D0E :                         ; Ausgabe Enter+ggf. Abbruch bei Strg-C
    2769/4D0E : F5                      loc_4D0E:	push	af
    2770/4D0F : DF                      		rst	18h		; ed_prnst
    2771/4D10 : 8D                      		db 8Dh
    2772/4D11 : 00                      		nop
    2773/4D12 : CD B4 4F                		call	tastec		; TASTE?
    2774/4D15 : 00                      		nop
    2775/4D16 : 00                      		nop
    2776/4D17 : 00                      		nop
    2777/4D18 : 00                      		nop
    2778/4D19 : 00                      		nop
    2779/4D1A : 00                      		nop
    2780/4D1B : FE 83                   		cp	83h		; STOP?
    2781/4D1D : CA BC 4B                		jp	z, loc_4BBC	; ja, zurück zur Kommandoschleife
    2782/4D20 : F1                      		pop	af
    2783/4D21 : C9                      		ret
    2784/4D22 :                         
    2785/4D22 :                         ;---------------------------------------
    2786/4D22 :                         ; ggf. Abbruch bei Stop
    2787/4D22 : CD B4 4F                sub_4D22:	call	tastec		; TASTE?
    2788/4D25 : D0                      		ret	nc		; keine Taste gedrückt
    2789/4D26 :                         ;
    2790/4D26 : CF                      sub_4D26:	rst	8		; ed_inch0
    2791/4D27 : FE 20                   		cp	' '
    2792/4D29 : 28 FB                   		jr	z, sub_4D26	; Leerzeichen übergehen
    2793/4D2B : FE 03                   		cp	3		; STOP gedrückt?
    2794/4D2D : 37                      		scf
    2795/4D2E : C0                      		ret	nz		; nein
    2796/4D2F :                         		; bei Stop Zeilenumbruch ausgeben
    2797/4D2F : DF                      		rst	18h		; ed_prnst
    2798/4D30 : 8D                      		db 8Dh
    2799/4D31 : C3 BC 4B                		jp	loc_4BBC	; zurück zur Kommandoschleife
    2800/4D34 :                         
    2801/4D34 :                         
    2802/4D34 :                         ;---------------------------------------
    2803/4D34 :                         ;
    2804/4D34 : E6 7F                   sub_4D34:	and	7Fh
    2805/4D36 : CD 04 55                		call	unk_5504	; Druckerausgabe
    2806/4D39 : 18 E7                   		jr	sub_4D22	; ggf. Abbruch bei Stop
    2807/4D3B : 00                      		db    0
    2808/4D3C : 00                      		db    0
    2809/4D3D :                         
    2810/4D3D :                         ;---------------------------------------
    2811/4D3D :                         ; Quelltext assemblieren, nur Fehler ausgeben
 AS V1.42 Beta [Bld 297] - Source File edas4-as.asm - Page 53 - 3/30/2026 15:43:14


    2812/4D3D :                         ; W (a e) - Argumente analog dem "A"-Kommando.
    2813/4D3D :                         ; Zur Fehlerkorrektur ist es übersichtlicher, wenn nur die fehlerhaften Zeilen
    2814/4D3D :                         ; aufgelistet werden, die man dann leicht mit dem "Z"-Kommando berichtigen kann.
    2815/4D3D :                         
    2816/4D3D : FD 7E 01                WERRORS:	ld	a, (iy+1)	; Assembleroptionen
    2817/4D40 : E6 24                   		and	24h ; '$'
    2818/4D42 : F6 11                   		or	11h
    2819/4D44 : FD 77 01                		ld	(iy+1),	a	; Assembleroptionen
    2820/4D47 :                         
    2821/4D47 :                         ; Assemblieren
    2822/4D47 : 21 9A 4F                loc_4D47:	ld	hl, loc_4F9A
    2823/4D4A : 22 78 55                		ld	(word_5578), hl	; Adr. Ret-Funktion nach Fehler
    2824/4D4D : 21 FF FF                		ld	hl, 0FFFFh
    2825/4D50 : 22 0E 55                		ld	(word_550E), hl	; ENT-Adresse
    2826/4D53 : E1                      		pop	hl
    2827/4D54 : E1                      		pop	hl
    2828/4D55 : 2E 01                   		ld	l, 1
    2829/4D57 : E5                      		push	hl
    2830/4D58 : CD 66 44                		call	sub_4466	; Bufferende
    2831/4D5B : 22 0C 55                		ld	(word_550C), hl	; als Start für MC-Adr.
    2832/4D5E : E5                      		push	hl
    2833/4D5F : CD CF 4D                		call	sub_4DCF	; Assemblieren (Pass 1)
    2834/4D62 : E1                      		pop	hl
    2835/4D63 : 22 0C 55                		ld	(word_550C), hl	; MC-Adr. rücksetzen auf Bufferende
    2836/4D66 :                         					; für Pass 2
    2837/4D66 : E1                      		pop	hl
    2838/4D67 : E5                      		push	hl
    2839/4D68 : CB 7D                   		bit	7, l		; ohne Fehler (?)
    2840/4D6A : 28 04                   		jr	z, loc_4D70	; dann Pass 2
    2841/4D6C : CB 64                   		bit	4, h
    2842/4D6E : 28 5C                   		jr	z, loc_4DCC	; zurück zur Kommandoschleife
    2843/4D70 :                         ; Assemblieren Pass 2
    2844/4D70 : 00                      loc_4D70:	nop
    2845/4D71 : 00                      		nop
    2846/4D72 : 00                      		nop
    2847/4D73 : 00                      		nop
    2848/4D74 : 00                      		nop
    2849/4D75 : E1                      		pop	hl
    2850/4D76 : 7C                      		ld	a, h
    2851/4D77 : E6 05                   		and	5
    2852/4D79 : F6 02                   		or	2
    2853/4D7B : 6F                      		ld	l, a
    2854/4D7C : E5                      		push	hl
    2855/4D7D : CD B6 4C                		call	sub_4CB6
    2856/4D80 : CB 45                   		bit	0, l
    2857/4D82 : 20 19                   		jr	nz, loc_4D9D
    2858/4D84 : CD C1 44                		call	loc_44C1	; Ausgabe "AC1 U880 Assembler"
    2859/4D87 : DF                      		rst	18h		; ed_prnst
    2860/4D88 : 53 6F 75 72 63 65 20 4C 		db "Source Listing",8Dh
         4D90 : 69 73 74 69 6E 67 8D   
    2861/4D97 : CD B6 4C                		call	sub_4CB6
    2862/4D9A : CD B6 4C                		call	sub_4CB6
    2863/4D9D : CD 6A 48                loc_4D9D:	call	sub_486A	; Fehlerzähler rücksetzen
    2864/4DA0 : FD CB 01 76             		bit	6, (iy+1)	; Assembleroptionen
    2865/4DA4 : 28 03                   		jr	z, loc_4DA9
    2866/4DA6 : 21 41 41                		ld	hl, 4141h
    2867/4DA9 : 22 7C 55                loc_4DA9:	ld	(word_557C), hl
    2868/4DAC : E5                      		push	hl
    2869/4DAD : CD CF 4D                		call	sub_4DCF	; Assemblieren (Pass 2)
    2870/4DB0 :                         					; Listing ausgeben
 AS V1.42 Beta [Bld 297] - Source File edas4-as.asm - Page 54 - 3/30/2026 15:43:14


    2871/4DB0 : FD CB 01 7E             		bit	7, (iy+1)	; Assembleroptionen Symboltabelle ?
    2872/4DB4 : C4 7E 45                		call	nz, loc_457E	; Ausgabe Symboltabelle
    2873/4DB7 : CD B6 4C                		call	sub_4CB6
    2874/4DBA : 3E 61                   		ld	a, 61h 		; Error 61 - Bereichsüberschreitung
    2875/4DBC : FD CB 00 76             		bit	6, (iy+0)
    2876/4DC0 : C4 34 4B                		call	nz, sub_4B34	; Fehler ausgeben
    2877/4DC3 : CD 8D 48                		call	loc_488D	; Ausgabe Anz. Fehler
    2878/4DC6 : 00                      		nop
    2879/4DC7 : 00                      		nop
    2880/4DC8 : 00                      		nop
    2881/4DC9 : 00                      		nop
    2882/4DCA : 00                      		nop
    2883/4DCB : 00                      		nop
    2884/4DCC :                         ;
    2885/4DCC : C3 BC 4B                loc_4DCC:	jp	loc_4BBC	; zurück zur Kommandoschleife
    2886/4DCF :                         
    2887/4DCF :                         ; Assemblieren? und Listing ausgeben
    2888/4DCF : CD 35 44                sub_4DCF:	call	sub_4435	; Textende ermitteln
    2889/4DD2 : D5                      		push	de		; DE=Textende
    2890/4DD3 : DD E1                   		pop	ix		; IX=Textende
    2891/4DD5 : CD F5 45                		call	sub_45F5	; suche Zeile ARG1
    2892/4DD8 : 2B                      		dec	hl		; HL=Zeilenanfang-1
    2893/4DD9 : 22 89 55                		ld	(word_5589), hl	; merken
    2894/4DDC : 23                      		inc	hl		; HL=Zeilenanfang
    2895/4DDD :                         
    2896/4DDD :                         ; LOOP: nächste Zeile assemblieren
    2897/4DDD : CD 42 46                loc_4DDD:	call	sub_4642	; die letzten beiden BWS-Zeilen leeren
    2898/4DE0 : 11 71 10                		ld	de, bws(30,14)
    2899/4DE3 : CD 38 46                		call	setcu		; set cursor
    2900/4DE6 : CD 23 46                		call	sub_4623	; Ausgabe Zeilennummer
    2901/4DE9 :                         					; und Ermittlung Zeichenklasse
    2902/4DE9 :                         					; ret A=Zeichen, C=Zeichenklasse
    2903/4DE9 : C0                      		ret	nz		; Programmende erreicht
    2904/4DEA : F5                      		push	af
    2905/4DEB : 30 0B                   		jr	nc, loc_4DF8
    2906/4DED : E5                      		push	hl
    2907/4DEE : 2A 0C 55                		ld	hl, (word_550C)	; MC-Adr.
    2908/4DF1 : DD 75 00                		ld	(ix+0),	l
    2909/4DF4 : DD 74 01                		ld	(ix+1),	h
    2910/4DF7 : E1                      		pop	hl
    2911/4DF8 : FE 3B                   loc_4DF8:	cp	';'		; Kommentarzeile?
    2912/4DFA : 28 08                   		jr	z, loc_4E04	; ja
    2913/4DFC :                         		;
    2914/4DFC : 06 07                   		ld	b, 7
    2915/4DFE : CD 99 46                		call	sub_4699
    2916/4E01 : CC 94 46                		call	z, sub_4694	; Ausgabe Mnemonik
    2917/4E04 : F5                      loc_4E04:	push	af
    2918/4E05 : CD BD 51                		call	sub_51BD	; Ausgabe Text (Befehlsparameter etc.)
    2919/4E08 : F1                      		pop	af
    2920/4E09 : D1                      		pop	de
    2921/4E0A : E5                      		push	hl
    2922/4E0B : D5                      		push	de
    2923/4E0C : 08                      		ex	af, af'	;'
    2924/4E0D : F1                      		pop	af
    2925/4E0E : F5                      		push	af
    2926/4E0F : 21 00 00                		ld	hl, 0		; drei Param. auf Stack init.
    2927/4E12 : E5                      		push	hl
    2928/4E13 : E5                      		push	hl
    2929/4E14 : E5                      		push	hl
    2930/4E15 : 08                      		ex	af, af'	;'
 AS V1.42 Beta [Bld 297] - Source File edas4-as.asm - Page 55 - 3/30/2026 15:43:14


    2931/4E16 : 3E 10                   		ld	a, 10h		; Error 10 - illegale Befehlszeile
    2932/4E18 : C2 30 4B                		jp	nz, loc_4B30	; Fehler ausgeben
    2933/4E1B : 08                      		ex	af, af'	;'
    2934/4E1C : 30 0B                   		jr	nc, loc_4E29
    2935/4E1E : 21 6C 10                		ld	hl, bws(30,19)
    2936/4E21 : CD D9 44                		call	sub_44D9
    2937/4E24 : 3E 31                   		ld	a, 31h 		; Error 31 - Marke doppelt definiert
    2938/4E26 : D2 30 4B                		jp	nc, loc_4B30	; Fehler ausgeben
    2939/4E29 : FE 3B                   loc_4E29:	cp	';'		; Kommentar ?
    2940/4E2B : CA 82 4F                		jp	z, loc_4F82
    2941/4E2E : 11 7F 10                		ld	de, bws(30,0)
    2942/4E31 : 2A 0C 55                		ld	hl, (word_550C)	; MC-Adr.
    2943/4E34 : CD B2 46                		call	sub_46B2	; Ausgabe HL
    2944/4E37 :                         		; Zeile ist enpackt auf dem BWS
    2945/4E37 :                         		; jetzt parsen und assemblieren
    2946/4E37 : 2A 17 55                		ld	hl, (word_5517)	; unk_40AA Parse Tree Mnemonics
    2947/4E3A : E5                      		push	hl		; auf Stack
    2948/4E3B : 16 00                   		ld	d, 0
    2949/4E3D : D5                      		push	de
    2950/4E3E : 21 66 10                		ld	hl, bws(30,25)
    2951/4E41 : 18 08                   		jr	loc_4E4B
    2952/4E43 :                         		;
    2953/4E43 : CD 06 43                loc_4E43:	call	sub_4306	; Abarbeitung nächstes Token
    2954/4E46 : 3E 20                   loc_4E46:	ld	a, 20h 		; Error 20 - unbekannte Mnemonik
    2955/4E48 : DA 30 4B                loc_4E48:	jp	c, loc_4B30	; Fehler ausgeben
    2956/4E4B :                         		;
    2957/4E4B : CD BE 48                loc_4E4B:	call	sub_48BE	; nächstes Zeichen
    2958/4E4E : 38 F3                   		jr	c, loc_4E43	; solange Textzeichen
    2959/4E50 :                         		;
    2960/4E50 : CD E1 48                		call	sub_48E1	; Mnemonik parsen
    2961/4E53 : FD CB EE 7E             		bit	7, (iy-12h)
    2962/4E57 : CA 14 4F                		jp	z, loc_4F14
    2963/4E5A : CD 9F 43                		call	sub_439F
    2964/4E5D : 38 E7                   		jr	c, loc_4E46
    2965/4E5F : F5                      		push	af
    2966/4E60 : FE 80                   		cp	80h ; 'Ç'
    2967/4E62 : CB 59                   		bit	3, c
    2968/4E64 : 3E 40                   		ld	a, 40h ; '@'
    2969/4E66 : D2 F5 4E                		jp	nc, loc_4EF5
    2970/4E69 : 20 DD                   		jr	nz, loc_4E48
    2971/4E6B : F1                      		pop	af
    2972/4E6C : F5                      		push	af
    2973/4E6D : FD CB F6 D6             		set	2, (iy-0Ah)
    2974/4E71 : 01 FF 54                		ld	bc, unk_54FF	; Buffer f. Code
    2975/4E74 : FE 03                   		cp	3
    2976/4E76 : 28 40                   		jr	z, loc_4EB8
    2977/4E78 : 30 55                   		jr	nc, loc_4ECF
    2978/4E7A : 06 05                   		ld	b, 5
    2979/4E7C : CD BE 46                		call	sub_46BE
    2980/4E7F : 3F                      		ccf
    2981/4E80 : 3E 40                   loc_4E80:	ld	a, 40h 		; Error 40 - Pseudo-Befehl-Fehler
    2982/4E82 : D2 30 4B                		jp	nc, loc_4B30	; Fehler ausgeben
    2983/4E85 : 62                      		ld	h, d		; Adresse übernehmen
    2984/4E86 : 6B                      		ld	l, e
    2985/4E87 : F1                      		pop	af
    2986/4E88 : FE 01                   		cp	1
    2987/4E8A : 28 07                   		jr	z, loc_4E93	; (bei org ?)
    2988/4E8C : 38 0C                   		jr	c, loc_4E9A
    2989/4E8E : ED 4B 0C 55             		ld	bc, (word_550C)	; MC-Adr.
    2990/4E92 : 09                      		add	hl, bc
 AS V1.42 Beta [Bld 297] - Source File edas4-as.asm - Page 56 - 3/30/2026 15:43:14


    2991/4E93 : 22 0C 55                loc_4E93:	ld	(word_550C), hl	; setze MC-Adr.
    2992/4E96 : FD CB 00 9E             		res	3, (iy+0)
    2993/4E9A : FD CB F8 46             loc_4E9A:	bit	0, (iy-8)
    2994/4E9E : 28 0A                   		jr	z, loc_4EAA
    2995/4EA0 : FE 02                   		cp	2
    2996/4EA2 : 28 06                   		jr	z, loc_4EAA
    2997/4EA4 : DD 75 00                		ld	(ix+0),	l
    2998/4EA7 : DD 74 01                		ld	(ix+1),	h
    2999/4EAA : EB                      loc_4EAA:	ex	de, hl
    3000/4EAB : FE 01                   		cp	1
    3001/4EAD : 11 7F 10                		ld	de, bws(30,0)
    3002/4EB0 : CC 38 46                		call	z, setcu	; set cursor
    3003/4EB3 : EF                      		rst	28h		; ed_outhls Ausgabe MC-Adresse
    3004/4EB4 : 00                      		nop
    3005/4EB5 : C3 82 4F                loc_4EB5:	jp	loc_4F82
    3006/4EB8 :                         ;Zeichenkette
    3007/4EB8 : 56                      loc_4EB8:	ld	d, (hl)
    3008/4EB9 : C5                      loc_4EB9:	push	bc
    3009/4EBA : CD BE 48                		call	sub_48BE
    3010/4EBD : C1                      		pop	bc
    3011/4EBE : BA                      		cp	d
    3012/4EBF : 28 24                   		jr	z, loc_4EE5
    3013/4EC1 : FE A0                   		cp	0A0h 		; Zeilenende?
    3014/4EC3 : 28 20                   		jr	z, loc_4EE5
    3015/4EC5 : 02                      		ld	(bc), a
    3016/4EC6 : 0B                      		dec	bc
    3017/4EC7 : 18 F0                   		jr	loc_4EB9
    3018/4EC9 : CD AD 43                loc_4EC9:	call	sub_43AD
    3019/4ECC : F1                      loc_4ECC:	pop	af
    3020/4ECD : 30 16                   		jr	nc, loc_4EE5
    3021/4ECF : C5                      loc_4ECF:	push	bc
    3022/4ED0 : 06 04                   		ld	b, 4
    3023/4ED2 : CD BE 46                		call	sub_46BE
    3024/4ED5 : C1                      		pop	bc
    3025/4ED6 : F5                      		push	af
    3026/4ED7 : 7B                      		ld	a, e
    3027/4ED8 : 02                      		ld	(bc), a
    3028/4ED9 : 0B                      		dec	bc
    3029/4EDA : FD CB F1 46             		bit	0, (iy-0Fh)
    3030/4EDE : 28 E9                   		jr	z, loc_4EC9
    3031/4EE0 : 7A                      		ld	a, d
    3032/4EE1 : 02                      		ld	(bc), a
    3033/4EE2 : 0B                      		dec	bc
    3034/4EE3 : 18 E7                   		jr	loc_4ECC
    3035/4EE5 :                         ; Befehlszeilenende erreicht
    3036/4EE5 :                         ; MC wegschreiben/anzeigen
    3037/4EE5 : 21 FF 54                loc_4EE5:	ld	hl, unk_54FF	; Buffer f. Code
    3038/4EE8 : B7                      loc_4EE8:	or	a		; Cy=0
    3039/4EE9 : ED 42                   		sbc	hl, bc		; Test HL=BC
    3040/4EEB : 09                      		add	hl, bc
    3041/4EEC : 28 C7                   		jr	z, loc_4EB5	; bis Code-Ende
    3042/4EEE : 7E                      		ld	a, (hl)		; gen. Code-Byte
    3043/4EEF : 2B                      		dec	hl		; nächstes Zeichen
    3044/4EF0 : CD C6 47                		call	sub_47C6	; Ausgabe Byte
    3045/4EF3 : 18 F3                   		jr	loc_4EE8
    3046/4EF5 : 28 89                   loc_4EF5:	jr	z, loc_4E80
    3047/4EF7 : F1                      		pop	af
    3048/4EF8 : FE 81                   		cp	81h		; special code SKIP
    3049/4EFA : 30 08                   		jr	nc, loc_4F04	; bei SKIP
    3050/4EFC :                         		; else 'ENT'
 AS V1.42 Beta [Bld 297] - Source File edas4-as.asm - Page 57 - 3/30/2026 15:43:14


    3051/4EFC : 2A 0C 55                		ld	hl, (word_550C)	; aktuelle MC-Adr.
    3052/4EFF : 22 0E 55                		ld	(word_550E), hl	; ENT-Adresse
    3053/4F02 : 18 B1                   		jr	loc_4EB5	; -> loc_4F82
    3054/4F04 :                         		;
    3055/4F04 : CD 42 46                loc_4F04:	call	sub_4642	; die letzten beiden BWS-Zeilen leeren
    3056/4F07 : 18 AC                   		jr	loc_4EB5	; -> loc_4F82
    3057/4F09 :                         
    3058/4F09 :                         ;---------------------------------------
    3059/4F09 :                         ;
    3060/4F09 : CD BC 46                loc_4F09:	call	sub_46BC	; Parameter bearbeiten
    3061/4F0C : 78                      		ld	a, b
    3062/4F0D : CD 06 43                		call	sub_4306	; Abarbeitung nächstes Token
    3063/4F10 : 3E 21                   loc_4F10:	ld	a, 21h ; '!'
    3064/4F12 : 38 52                   		jr	c, loc_4F66
    3065/4F14 :                         ; Einstieg
    3066/4F14 : CB 59                   loc_4F14:	bit	3, c
    3067/4F16 : 28 F1                   		jr	z, loc_4F09
    3068/4F18 : CD 9F 43                		call	sub_439F
    3069/4F1B : 38 F3                   		jr	c, loc_4F10
    3070/4F1D : C1                      		pop	bc
    3071/4F1E : E1                      		pop	hl
    3072/4F1F : CB 51                   		bit	2, c
    3073/4F21 : 28 10                   		jr	z, loc_4F33
    3074/4F23 : 2B                      		dec	hl
    3075/4F24 : 2B                      		dec	hl
    3076/4F25 : FD CB 01 6E             		bit	5, (iy+1)	; Assembleroptionen rel.Jp.Abs
    3077/4F29 : 20 08                   		jr	nz, loc_4F33
    3078/4F2B :                         		; relative Sprungdistanzen absolut
    3079/4F2B : D5                      		push	de
    3080/4F2C : ED 5B 0C 55             		ld	de, (word_550C)	; aktuelle MC-Adr.
    3081/4F30 : ED 52                   		sbc	hl, de
    3082/4F32 : D1                      		pop	de
    3083/4F33 :                         ;
    3084/4F33 : EB                      loc_4F33:	ex	de, hl
    3085/4F34 : 7B                      		ld	a, e
    3086/4F35 : CB 51                   		bit	2, c
    3087/4F37 : C4 B1 43                		call	nz, sub_43B1
    3088/4F3A : CB 49                   		bit	1, c
    3089/4F3C : C4 AD 43                		call	nz, sub_43AD
    3090/4F3F : 79                      		ld	a, c
    3091/4F40 : B7                      		or	a
    3092/4F41 : 7B                      		ld	a, e
    3093/4F42 : 08                      		ex	af, af'	;'
    3094/4F43 : 7A                      		ld	a, d
    3095/4F44 : CB 41                   		bit	0, c
    3096/4F46 : EB                      		ex	de, hl
    3097/4F47 : E1                      		pop	hl
    3098/4F48 : E5                      		push	hl
    3099/4F49 : 37                      		scf
    3100/4F4A : F5                      		push	af
    3101/4F4B : 3F                      		ccf
    3102/4F4C : F5                      		push	af
    3103/4F4D : 08                      		ex	af, af'	;'
    3104/4F4E : F5                      		push	af
    3105/4F4F : 7A                      		ld	a, d
    3106/4F50 : B0                      		or	b
    3107/4F51 : 0C                      		inc	c
    3108/4F52 : F5                      		push	af
    3109/4F53 : 3E CB                   		ld	a, 0CBh
    3110/4F55 : CB 5B                   		bit	3, e
 AS V1.42 Beta [Bld 297] - Source File edas4-as.asm - Page 58 - 3/30/2026 15:43:14


    3111/4F57 : 28 01                   		jr	z, loc_4F5A
    3112/4F59 : F5                      		push	af
    3113/4F5A : CB 65                   loc_4F5A:	bit	4, l
    3114/4F5C : 28 1A                   		jr	z, loc_4F78
    3115/4F5E : 7C                      		ld	a, h
    3116/4F5F : CB 73                   		bit	6, e
    3117/4F61 : 28 08                   		jr	z, loc_4F6B
    3118/4F63 : B7                      		or	a
    3119/4F64 : 3E 22                   loc_4F64:	ld	a, 22h 		; Error 22 - Indexregister-Fehler
    3120/4F66 : C2 30 4B                loc_4F66:	jp	nz, loc_4B30	; Fehler ausgeben
    3121/4F69 : 18 05                   		jr	loc_4F70
    3122/4F6B :                         ;
    3123/4F6B : C1                      loc_4F6B:	pop	bc
    3124/4F6C : CB 45                   		bit	0, l
    3125/4F6E : F5                      		push	af
    3126/4F6F : C5                      		push	bc
    3127/4F70 : 3E DD                   loc_4F70:	ld	a, 0DDh	; IX ...
    3128/4F72 : B5                      		or	l
    3129/4F73 : F5                      		push	af
    3130/4F74 : CB 63                   		bit	4, e
    3131/4F76 : 20 EC                   		jr	nz, loc_4F64
    3132/4F78 :                         ;
    3133/4F78 : 3E ED                   loc_4F78:	ld	a, 0EDh	; Präfix ED
    3134/4F7A : CB 63                   		bit	4, e
    3135/4F7C : C4 C6 47                loc_4F7C:	call	nz, sub_47C6	; Ausgabe Hex-Code
    3136/4F7F : F1                      		pop	af
    3137/4F80 : 30 FA                   		jr	nc, loc_4F7C
    3138/4F82 :                         ;
    3139/4F82 : FD CB 00 46             loc_4F82:	bit	0, (iy+0)	;
    3140/4F86 : CC B6 4C                		call	z, sub_4CB6	; neue Zeile
    3141/4F89 : FD CB F6 5E             		bit	3, (iy-0Ah)	;
    3142/4F8D : 20 0F                   		jr	nz, loc_4F9E
    3143/4F8F : FD CB F6 76             		bit	6, (iy-0Ah)	;
    3144/4F93 : 3E 23                   		ld	a, 23h 		; Error 23 - Wert bzw. Distanz zu groß
    3145/4F95 : C4 34 4B                		call	nz, sub_4B34	; Fehler ausgeben
    3146/4F98 : 18 09                   		jr	loc_4FA3
    3147/4F9A :                         
    3148/4F9A :                         ;---------------------------------------
    3149/4F9A :                         ; hier gehts nach einem Fehler beim Assemblieren weiter
    3150/4F9A : FD CB F6 5E             loc_4F9A:	bit	3, (iy-0Ah)
    3151/4F9E :                         ;
    3152/4F9E : 3E 30                   loc_4F9E:	ld	a, 30h 		; Error 30 - Marke nicht gefunden
    3153/4FA0 : C4 34 4B                		call	nz, sub_4B34	; Fehler ausgeben
    3154/4FA3 :                         ;
    3155/4FA3 : 31 F6 55                loc_4FA3:	ld	sp, unk_55F6	; reset Stack
    3156/4FA6 :                         					; (Param vom Stack nehmen)
    3157/4FA6 : F1                      		pop	af
    3158/4FA7 : 30 04                   		jr	nc, loc_4FAD
    3159/4FA9 : DD 23                   		inc	ix
    3160/4FAB : DD 23                   		inc	ix
    3161/4FAD : E1                      loc_4FAD:	pop	hl
    3162/4FAE : CD 22 4D                		call	sub_4D22	; ggf. Abbruch bei Stop
    3163/4FB1 : C3 DD 4D                		jp	loc_4DDD	; nächste Zeile assemblieren
    3164/4FB4 :                         
    3165/4FB4 :                         ;---------------------------------------
    3166/4FB4 :                         ; TASTE, Ret Cy bei Taste
    3167/4FB4 : C5                      tastec:		push	bc
    3168/4FB5 : CD FA 07                		call	TASTE		; AC1: testet den Tastaturstatus
    3169/4FB8 : 28 03                   		jr	z, loc_4FBD
    3170/4FBA : 37                      		scf
 AS V1.42 Beta [Bld 297] - Source File edas4-as.asm - Page 59 - 3/30/2026 15:43:14


    3171/4FBB : C1                      		pop	bc
    3172/4FBC : C9                      		ret
    3173/4FBD : A7                      loc_4FBD:	and	a	; Cy=0
    3174/4FBE : C1                      		pop	bc
    3175/4FBF : C9                      		ret
    3176/4FC0 :                         
    3177/4FC0 :                         
    3178/4FC0 :                         ;---------------------------------------
    3179/4FC0 :                         ; Eingabe Textzeile
    3180/4FC0 :                         ; in cupos=107F bws(30,0)
    3181/4FC0 :                         ; ret DE=Text
    3182/4FC0 : E5                      sub_4FC0:	push	hl
    3183/4FC1 : CF                      loc_4FC1:	rst	8		; ed_inch0
    3184/4FC2 : FE 0D                   		cp	0Dh		; Enter?
    3185/4FC4 : 28 1C                   		jr	z, loc_4FE2
    3186/4FC6 : FE 0C                   		cp	0Ch		; CLS
    3187/4FC8 : 28 F7                   		jr	z, loc_4FC1
    3188/4FCA : CD 17 54                		call	sub_5417
    3189/4FCD : D7                      		rst	10h		; ed_outch0
    3190/4FCE : ED 5B 00 18             		ld	de, (cupos)
    3191/4FD2 : 7B                      		ld	a, e
    3192/4FD3 : FE 80                   		cp	80h 		; lo( bws(29,63) )
    3193/4FD5 :                         					; Zeilenanfang unterschritten?
    3194/4FD5 : 30 06                   		jr	nc, loc_4FDD	; ja, nicht weiter zurück
    3195/4FD7 : FE 4F                   		cp	4Fh 		; lo( bws(30,48) )
    3196/4FD9 :                         					; max Anzahl Zeichen erreicht?
    3197/4FD9 : 38 02                   		jr	c, loc_4FDD	; ja, nicht weiter vor
    3198/4FDB : 18 E4                   		jr	loc_4FC1
    3199/4FDD : 22 00 18                loc_4FDD:	ld	(cupos), hl
    3200/4FE0 : 18 DF                   		jr	loc_4FC1
    3201/4FE2 : 11 BF 10                loc_4FE2:	ld	de, bws(29,0)
    3202/4FE5 : DF                      		rst	18h		; ed_prnst
    3203/4FE6 : 8D                      		db 8Dh
    3204/4FE7 : E1                      		pop	hl
    3205/4FE8 : C9                      		ret
    3206/4FE9 :                         
    3207/4FE9 :                         ;---------------------------------------
    3208/4FE9 :                         ;rst18 outch
    3209/4FE9 :                         ; eigene Routinen für Bildschirm
    3210/4FE9 :                         
    3211/4FE9 : E5                      outch0:		push	hl
    3212/4FEA : D5                      		push	de
    3213/4FEB : C5                      		push	bc
    3214/4FEC : F5                      		push	af
    3215/4FED : E6 7F                   		and	7Fh ; ''
    3216/4FEF : 2A 00 18                		ld	hl, (cupos)
    3217/4FF2 : FE 0D                   		cp	0Dh		; CR
    3218/4FF4 : CA B6 50                		jp	z, oc_cr
    3219/4FF7 : FE 0C                   		cp	0Ch		; ^L
    3220/4FF9 : 28 2D                   		jr	z, oc_cls
    3221/4FFB : FE 12                   		cp	12h
    3222/4FFD : 28 52                   		jr	z, oc_bakdel	; ^R
    3223/4FFF : FE 13                   		cp	13h
    3224/5001 : 28 35                   		jr	z, oc_del	; ^S
    3225/5003 : FE 08                   		cp	8
    3226/5005 : 28 44                   		jr	z, oc_left
    3227/5007 : FE 09                   		cp	9
    3228/5009 : 28 43                   		jr	z, oc_right
    3229/500B : FE 0B                   		cp	0Bh
    3230/500D : CA 9D 50                		jp	z, oc_up	; Kursor nach oben
 AS V1.42 Beta [Bld 297] - Source File edas4-as.asm - Page 60 - 3/30/2026 15:43:14


    3231/5010 : FE 17                   		cp	17h
    3232/5012 : 28 6A                   		jr	z, oc_tab	; ^W
    3233/5014 : FE 05                   		cp	5
    3234/5016 : 28 3E                   		jr	z, oc_ins	; ^E
    3235/5018 : FE 0A                   		cp	0Ah
    3236/501A : 28 7B                   		jr	z, oc_down	; Kursor nach unten
    3237/501C : FE 14                   		cp	14h		; ^T
    3238/501E : 28 72                   		jr	z, oc_firstc
    3239/5020 : FE 20                   		cp	' '
    3240/5022 : DA A2 50                		jp	c, oc_end	; sonstige Steuerzeichen uebergehen
    3241/5025 : C3 AA 50                		jp	outx		; Zeichen direkt ausgeben
    3242/5028 :                         ; CTRL - L cls
    3243/5028 : 21 00 10                oc_cls:		ld	hl, BWS
    3244/502B : 36 20                   		ld	(hl), ' '
    3245/502D : 11 01 10                		ld	de, BWS+1
    3246/5030 : 01 FF 07                		ld	bc, 7FFh	; BWS-Size
    3247/5033 : ED B0                   		ldir
    3248/5035 : C3 A2 50                		jp	oc_end
    3249/5038 :                         ; CTRL - S Streichen
    3250/5038 : 54                      oc_del:		ld	d, h
    3251/5039 : 7D                      		ld	a, l
    3252/503A : E6 C0                   		and	0C0h
    3253/503C : 5F                      		ld	e, a
    3254/503D : 7D                      		ld	a, l
    3255/503E : 93                      		sub	e
    3256/503F : 5D                      		ld	e, l
    3257/5040 : 4F                      		ld	c, a
    3258/5041 : 06 00                   		ld	b, 0
    3259/5043 : 2B                      		dec	hl
    3260/5044 : ED B8                   		lddr
    3261/5046 : 3E 20                   		ld	a, ' '
    3262/5048 : 12                      		ld	(de), a
    3263/5049 : 18 5A                   		jr	oc_end1
    3264/504B :                         ; CTRL - H <==
    3265/504B : 23                      oc_left:	inc	hl
    3266/504C : 18 54                   		jr	oc_end
    3267/504E :                         ; CTRL - I ==>
    3268/504E : 2B                      oc_right:	dec	hl
    3269/504F : 18 51                   		jr	oc_end
    3270/5051 :                         ; CTRL - R Rückwärtslöschen
    3271/5051 : 23                      oc_bakdel:	inc	hl
    3272/5052 : 36 20                   		ld	(hl), ' '
    3273/5054 : 18 4C                   		jr	oc_end
    3274/5056 :                         ; CTRL - E Einfügen
    3275/5056 : E5                      oc_ins:		push	hl
    3276/5057 : 7D                      		ld	a, l
    3277/5058 : E6 C0                   		and	0C0h
    3278/505A : 6F                      		ld	l, a
    3279/505B : EB                      		ex	de, hl
    3280/505C : AF                      		xor	a
    3281/505D : E1                      		pop	hl
    3282/505E : ED 52                   		sbc	hl, de
    3283/5060 : E5                      		push	hl
    3284/5061 : C1                      		pop	bc
    3285/5062 : D5                      		push	de
    3286/5063 : E1                      		pop	hl
    3287/5064 : 23                      		inc	hl
    3288/5065 : ED B0                   		ldir
    3289/5067 : 3E 20                   		ld	a, ' '
    3290/5069 : 12                      		ld	(de), a
 AS V1.42 Beta [Bld 297] - Source File edas4-as.asm - Page 61 - 3/30/2026 15:43:14


    3291/506A : 18 39                   		jr	oc_end1
    3292/506C :                         ; Tabulator-Tabelle
    3293/506C : F9                      ttab:		db -7
    3294/506D : FC                      		db -4
    3295/506E : FB                      		db -5
    3296/506F : FB                      		db -5
    3297/5070 : FB                      		db -5
    3298/5071 : FB                      		db -5
    3299/5072 : 00                      		db    0
    3300/5073 : EB                      sub_5073:	ex	de, hl
    3301/5074 : 21 7F 10                		ld	hl, bws(30,0)
    3302/5077 : 3E 20                   		ld	a, ' '
    3303/5079 : 2B                      loc_5079:	dec	hl
    3304/507A : BE                      		cp	(hl)
    3305/507B : 20 FC                   		jr	nz, loc_5079
    3306/507D : C9                      		ret
    3307/507E :                         ; CTRL - W spezieller Tabulator
    3308/507E : CD 73 50                oc_tab:		call	sub_5073
    3309/5081 : 01 6B 50                		ld	bc, ttab-1
    3310/5084 : 03                      oc_tab1:	inc	bc
    3311/5085 : 0A                      		ld	a, (bc)
    3312/5086 : B7                      		or	a
    3313/5087 : 28 19                   		jr	z, oc_end
    3314/5089 : 85                      		add	a, l
    3315/508A : 6F                      		ld	l, a
    3316/508B : ED 52                   		sbc	hl, de
    3317/508D : 19                      		add	hl, de
    3318/508E : 30 F4                   		jr	nc, oc_tab1
    3319/5090 : 18 10                   		jr	oc_end
    3320/5092 :                         ; CTRL - T Kursor hinter Zeilennummer
    3321/5092 : CD 73 50                oc_firstc:	call	sub_5073
    3322/5095 : 18 0B                   		jr	oc_end
    3323/5097 :                         ;
    3324/5097 : 11 C0 FF                oc_down:	ld	de, -COLS	; Zeilenlaenge
    3325/509A : 19                      oc_down1:	add	hl, de
    3326/509B : 18 05                   		jr	oc_end
    3327/509D :                         ;
    3328/509D : 11 40 00                oc_up:		ld	de, COLS	; Zeilenlaenge
    3329/50A0 : 18 F8                   		jr	oc_down1
    3330/50A2 :                         ;
    3331/50A2 : 22 00 18                oc_end:		ld	(cupos), hl
    3332/50A5 : F1                      oc_end1:	pop	af
    3333/50A6 : C1                      		pop	bc
    3334/50A7 : D1                      		pop	de
    3335/50A8 : E1                      		pop	hl
    3336/50A9 : C9                      		ret
    3337/50AA :                         ;
    3338/50AA : 77                      outx:		ld	(hl), a
    3339/50AB : 2B                      		dec	hl
    3340/50AC : EB                      		ex	de, hl
    3341/50AD : 21 FF 0F                		ld	hl, 0FFFh
    3342/50B0 : A7                      		and	a
    3343/50B1 : ED 52                   		sbc	hl, de
    3344/50B3 : EB                      		ex	de, hl
    3345/50B4 : 38 EC                   		jr	c, oc_end
    3346/50B6 :                         ;
    3347/50B6 : CD 5E 51                oc_cr:		call	sub_515E
    3348/50B9 : ED 53 00 18             		ld	(cupos), de
    3349/50BD : EB                      		ex	de, hl
    3350/50BE : 23                      		inc	hl
 AS V1.42 Beta [Bld 297] - Source File edas4-as.asm - Page 62 - 3/30/2026 15:43:14


    3351/50BF : 2D                      oc_cr1:		dec	l
    3352/50C0 : 36 20                   		ld	(hl), ' '
    3353/50C2 : 20 FB                   		jr	nz, oc_cr1
    3354/50C4 : 18 DF                   		jr	oc_end1
    3355/50C6 :                         
    3356/50C6 :                         ;---------------------------------------
    3357/50C6 :                         ;rst08 inch
    3358/50C6 :                         ; eigene Routinen für Bildschirm. Die Eingabe ist mit einer Auto-
    3359/50C6 :                         ; Repeat-Funktion versehen, d.h., nach längerem Drücken wird eine Taste
    3360/50C6 :                         ; automatisch wiederholt.
    3361/50C6 :                         
    3362/50C6 : E5                      inch0:		push	hl
    3363/50C7 : C5                      		push	bc
    3364/50C8 : 2A 00 18                		ld	hl, (cupos)	; Cursorposition
    3365/50CB : 4E                      inch1:		ld	c, (hl)		; Zeichen merken
    3366/50CC : CB B9                   		res	7, c
    3367/50CE : 36 5F                   		ld	(hl), '_'	; Cursorzeichen
    3368/50D0 : 06 00                   inch2:		ld	b, 0
    3369/50D2 : C5                      inch3:		push	bc
    3370/50D3 : 06 00                   		ld	b, 0
    3371/50D5 : 10 FE                   inch4:		djnz	inch4		; kurz warten
    3372/50D7 : C1                      		pop	bc
    3373/50D8 : CD FA 07                		call	TASTE		; Taste gedrückt?
    3374/50DB : 20 0A                   		jr	nz, inch5	; ja
    3375/50DD : 10 F3                   		djnz	inch3		; sonst weiter versuchen
    3376/50DF :                         		; blinken
    3377/50DF : 3E 5F                   		ld	a, '_'		; Cursorzeichen
    3378/50E1 : BE                      		cp	(hl)
    3379/50E2 : 20 E7                   		jr	nz, inch1
    3380/50E4 : 71                      		ld	(hl), c		; Zeichen wiederherstellen
    3381/50E5 : 18 E9                   		jr	inch2
    3382/50E7 :                         ;
    3383/50E7 : 71                      inch5:		ld	(hl), c		; Zeichen wiederherstellen
    3384/50E8 : F5                      		push	af
    3385/50E9 : CD FA 07                inch6:		call	TASTE
    3386/50EC : 21 B4 55                		ld	hl, unk_55B4	; Repeat-Timer
    3387/50EF : 20 09                   		jr	nz, inch8
    3388/50F1 : 3E 10                   		ld	a, 10h		; Startwert 16
    3389/50F3 : 77                      inch7:		ld	(hl), a
    3390/50F4 : F1                      		pop	af
    3391/50F5 :                         		; Bit 7 rücksetzen (Kennung Taste gedrückt)
    3392/50F5 : E6 7F                   		and	7Fh
    3393/50F7 : C1                      		pop	bc
    3394/50F8 : E1                      		pop	hl
    3395/50F9 : C9                      		ret
    3396/50FA :                         		; repeat
    3397/50FA : 7E                      inch8:		ld	a, (hl)
    3398/50FB : 3D                      		dec	a
    3399/50FC : 77                      		ld	(hl), a
    3400/50FD : 20 EA                   		jr	nz, inch6
    3401/50FF : 3C                      		inc	a
    3402/5100 : 3C                      		inc	a
    3403/5101 : 3C                      		inc	a
    3404/5102 : 18 EF                   		jr	inch7		; Folgezeitwert 3
    3405/5104 :                         
    3406/5104 :                         ;---------------------------------------
    3407/5104 :                         ; Kaltstart
    3408/5104 :                         ; ARG2=AAAA ARG3=EEEE, Default 6000-BFFF
    3409/5104 : CD 37 51                COLD:		call	sv_init		; Sprungverteiler init
    3410/5107 : 21 FF FF                		ld	hl, 0FFFFh
 AS V1.42 Beta [Bld 297] - Source File edas4-as.asm - Page 63 - 3/30/2026 15:43:14


    3411/510A : 22 B8 54                		ld	(word_54B8), hl	; Adresse Anfang Sekundärquelle (SEC)
    3412/510D : C3 4D 4B                		jp	cold1
    3413/5110 :                         
    3414/5110 :                         ;---------------------------------------
    3415/5110 :                         ; Warmstart
    3416/5110 :                         ; Restart mit alten Parametern
    3417/5110 : CD 37 51                WARM:		call	sv_init		; Sprungverteiler init
    3418/5113 : C3 8F 4B                		jp	warm1
    3419/5116 :                         
    3420/5116 :                         ;---------------------------------------
    3421/5116 :                         ; orig.	Sprungverteiler	wiederherstellen
    3422/5116 : 21 A0 55                sv_restore:	ld	hl, orig_sv	; Merker für orig. Sprungverteiler
    3423/5119 :                         					; 12h Byte
    3424/5119 : 11 02 18                		ld	de, unk_1802	; Adr. Sprungverteiler Monitor
    3425/511C : 01 12 00                		ld	bc, 12h
    3426/511F : ED B0                   		ldir
    3427/5121 : C9                      		ret
    3428/5122 :                         
    3429/5122 :                         ;---------------------------------------
    3430/5122 :                         ; Q - Rücksprung zum Monitor.
    3431/5122 :                         ; Dieses Kommando übergibt die Steuerung wieder dem "AC1"-Monitor, zuvor wurden
    3432/5122 :                         ; die Argumentzeilen Arg1 bis Arg3 so geladen, daß der Quelltext einfach mit S:
    3433/5122 :                         ; name abgespeichert werden kann. EDAS*4 ist nun jederzeit wieder über einen
    3434/5122 :                         ; Warmstart zu aktivieren. Alle vor dem Verlassen eingestellten Parameter bleiben
    3435/5122 :                         ; erhalten, natürlich vorausgesetzt, es wurde nichts durch eine
    3436/5122 :                         ; Speichermanipulation zerstört. Soweit das EDAS*4 selbst betrifft, merkt er das
    3437/5122 :                         ; durch seine Prüfsumme und kehrt sofort zum Monitor zurück. Dann muß man EDAS*4
    3438/5122 :                         ; neu von der Kassette laden. Wenn man Glück hat und der Quelltext ist erhalten
    3439/5122 :                         ; geblieben, so läßt er sich mit "Y" reaktivieren.
    3440/5122 :                         
    3441/5122 : CD 16 51                QUIT:		call	sv_restore	; orig.	Sprungverteiler	wiederherstellen
    3442/5125 : 2A 00 55                		ld	hl, (BUFBEG)	; Anfangsdresse
    3443/5128 : 22 5B 18                		ld	(ARG1),	hl
    3444/512B : 22 5F 18                		ld	(ARG3),	hl
    3445/512E : CD 66 44                		call	sub_4466	; Bufferende
    3446/5131 : 22 5D 18                		ld	(ARG2),	hl	; merken
    3447/5134 : C3 FD 07                		jp	GETCO1
    3448/5137 :                         
    3449/5137 :                         ;---------------------------------------
    3450/5137 :                         ; Sprungverteiler init
    3451/5137 : 21 02 18                sv_init:	ld	hl, unk_1802	; orig Sprungverteiler f. RST-Aufrufe und NMI
    3452/513A :                         					; nach 55A0 sichern
    3453/513A : E5                      		push	hl
    3454/513B : 11 A0 55                		ld	de, orig_sv	; Merker für orig. Sprungverteiler
    3455/513E :                         					; 12h Byte
    3456/513E : 01 12 00                		ld	bc, 12h
    3457/5141 : C5                      		push	bc
    3458/5142 : ED B0                   		ldir
    3459/5144 : 21 4C 51                		ld	hl, edas_sv	; neuer	Sprungverteiler
    3460/5147 : C1                      		pop	bc
    3461/5148 : D1                      		pop	de
    3462/5149 : ED B0                   		ldir
    3463/514B : C9                      		ret
    3464/514C :                         
    3465/514C :                         ;---------------------------------------
    3466/514C :                         ; neuer Sprungverteiler, wird nach 1802 kopiert
    3467/514C : C3 C6 50                edas_sv:	jp	inch0		; rst08 lokal
    3468/514F : C3 E9 4F                		jp	outch0		; rst10	lokal
    3469/5152 : C3 E9 48                		jp	prnst0		; rst18 lokal
    3470/5155 : C3 EB 07                		jp	MS30		; rst20 orig. Monitor
 AS V1.42 Beta [Bld 297] - Source File edas4-as.asm - Page 64 - 3/30/2026 15:43:14


    3471/5158 : C3 79 51                		jp	outhls		; rst28	lokal
    3472/515B : C3 D7 47                		jp	konvx		; rst30 lokal
    3473/515E :                         
    3474/515E :                         ;---------------------------------------
    3475/515E :                         ; scrollen, Zeile 0 und 1 bleiben stehen
    3476/515E : 21 3F 17                sub_515E:	ld	hl, bws(3,0)
    3477/5161 : 11 7F 17                		ld	de, bws(2,0)
    3478/5164 : 01 40 07                		ld	bc, 740h	; 29 Zeilen
    3479/5167 : ED B8                   		lddr
    3480/5169 :                         ; UP zu loc_4803 zu SWAP
    3481/5169 : 06 C0                   sub_5169:	ld	b, 0C0h		; 3 Zeilen
    3482/516B : 21 00 10                		ld	hl, 1000h
    3483/516E : 7E                      loc_516E:	ld	a, (hl)
    3484/516F : FE A0                   		cp	0A0h		; suche Marker
    3485/5171 :                         					; (Leerzeichen + Bit7)
    3486/5171 : 20 02                   		jr	nz, loc_5175
    3487/5173 : CB BE                   		res	7, (hl)		; gefunden->rücksetzen
    3488/5175 : 23                      loc_5175:	inc	hl
    3489/5176 : 10 F6                   		djnz	loc_516E
    3490/5178 : C9                      		ret
    3491/5179 :                         
    3492/5179 :                         ;---------------------------------------
    3493/5179 :                         ; rst28
    3494/5179 :                         ; Ausgabe HL + Space
    3495/5179 : CD F1 07                outhls:		call	OUTHL
    3496/517C : 3E 20                   		ld	a, ' '
    3497/517E : D7                      		rst	10h		; ed_outch0
    3498/517F : C9                      		ret
    3499/5180 :                         
    3500/5180 :                         ;---------------------------------------
    3501/5180 :                         ; UP zu loc_4A53, Eingabe Quelltext
    3502/5180 : CD A6 44                sub_5180:	call	sub_44A6
    3503/5183 : B7                      		or	a
    3504/5184 : ED 52                   		sbc	hl, de
    3505/5186 : 19                      		add	hl, de
    3506/5187 : D0                      		ret	nc
    3507/5188 : 01 C0 54                		ld	bc, unk_54C0
    3508/518B : 1B                      		dec	de
    3509/518C : B7                      loc_518C:	or	a
    3510/518D : ED 52                   		sbc	hl, de
    3511/518F : 19                      		add	hl, de
    3512/5190 : 28 22                   		jr	z, loc_51B4
    3513/5192 : 7E                      		ld	a, (hl)
    3514/5193 : FE 20                   		cp	20h ; ' '
    3515/5195 : 28 05                   		jr	z, loc_519C
    3516/5197 : 23                      		inc	hl
    3517/5198 : 02                      loc_5198:	ld	(bc), a
    3518/5199 : 03                      		inc	bc
    3519/519A : 18 F0                   		jr	loc_518C
    3520/519C : AF                      loc_519C:	xor	a
    3521/519D : 08                      		ex	af, af'	;'
    3522/519E : 08                      loc_519E:	ex	af, af'	;'
    3523/519F : 3C                      		inc	a
    3524/51A0 : 23                      		inc	hl
    3525/51A1 : B7                      		or	a
    3526/51A2 : ED 52                   		sbc	hl, de
    3527/51A4 : 19                      		add	hl, de
    3528/51A5 : 28 F1                   		jr	z, loc_5198
    3529/51A7 : FE 1F                   		cp	1Fh
    3530/51A9 : 30 ED                   		jr	nc, loc_5198
 AS V1.42 Beta [Bld 297] - Source File edas4-as.asm - Page 65 - 3/30/2026 15:43:14


    3531/51AB : 08                      		ex	af, af'	;'
    3532/51AC : 3E 20                   		ld	a, 20h ; ' '
    3533/51AE : BE                      		cp	(hl)
    3534/51AF : 28 ED                   		jr	z, loc_519E
    3535/51B1 : 08                      		ex	af, af'	;'
    3536/51B2 : 18 E4                   		jr	loc_5198
    3537/51B4 : 59                      loc_51B4:	ld	e, c
    3538/51B5 : 50                      		ld	d, b
    3539/51B6 : 7E                      		ld	a, (hl)
    3540/51B7 : 02                      		ld	(bc), a
    3541/51B8 : 13                      		inc	de
    3542/51B9 : 21 C0 54                		ld	hl, unk_54C0
    3543/51BC : C9                      		ret
    3544/51BD :                         
    3545/51BD :                         ;---------------------------------------
    3546/51BD :                         ; Ausgabe Text mit Dekomprimieren
    3547/51BD :                         ; in A Zeichen, HL Text, DE=Cursorpos.
    3548/51BD :                         ;
    3549/51BD : 23                      sub_51BD:	inc	hl		; Zeiger auf nächstes Zeichen
    3550/51BE : B7                      		or	a		; Zeilenende?
    3551/51BF : 3E A0                   		ld	a, 0A0h		; Ende-Zeichen
    3552/51C1 : 12                      		ld	(de), a		; in Bildschirm setzen
    3553/51C2 : C8                      		ret	z		; bei Ende
    3554/51C3 :                         		;
    3555/51C3 : 2B                      		dec	hl		; aktuelles Zeichen
    3556/51C4 : 7E                      		ld	a, (hl)		; holen
    3557/51C5 : FE 20                   		cp	' '
    3558/51C7 : 38 05                   		jr	c, loc_51CE	; komprimierte Leerzeichen
    3559/51C9 : CD 61 46                		call	sub_4661	; Zeichen ausgeben
    3560/51CC : 18 EF                   		jr	sub_51BD	; nächstes Zeichen
    3561/51CE :                         ;dekomprimieren
    3562/51CE : 47                      loc_51CE:	ld	b, a		; Anzahl
    3563/51CF : 3E 20                   		ld	a, ' '		; Leerzeichen
    3564/51D1 : 12                      loc_51D1:	ld	(de), a		; ausgeben
    3565/51D2 : 1B                      		dec	de
    3566/51D3 : 10 FC                   		djnz	loc_51D1
    3567/51D5 : 23                      		inc	hl		; nächstes Zeichen
    3568/51D6 : 18 E5                   		jr	sub_51BD	; weiter ausgeben
    3569/51D8 :                         
    3570/51D8 :                         
    3571/51D8 :                         ;---------------------------------------
    3572/51D8 :                         ; Anzeige des Quelltextes ab Marke
    3573/51D8 :                         ;
    3574/51D8 :                         ; M Marke - Anzeige des Quelltexte, ab Marke bis Ende.
    3575/51D8 :                         ;
    3576/51D8 :                         ; Dieses Kommando dient ebenfalls zur Anzeige des Quelltextes, wobei hier ab der
    3577/51D8 :                         ; angegebenen Marke begonnen wird.
    3578/51D8 :                         
    3579/51D8 : 21 BF 10                MARK:		ld	hl, bws(29,0)	; Kdo Zeile
    3580/51DB : 2B                      loc_51DB:	dec	hl		; Zeichen hinter Kdo.Buchstaben
    3581/51DC : 7E                      		ld	a, (hl)
    3582/51DD : FE 20                   		cp	' '		; Leerzeichen
    3583/51DF : 28 FA                   		jr	z, loc_51DB	; übergehen
    3584/51E1 :                         		; Markenname kopieren
    3585/51E1 : 11 30 55                		ld	de, unk_5530	; 6 Zeichen Marke
    3586/51E4 : 06 06                   		ld	b, 6		; max. 6 Zeichen
    3587/51E6 : 12                      loc_51E6:	ld	(de), a		; Zeichen kopieren
    3588/51E7 : 13                      		inc	de
    3589/51E8 : 2B                      		dec	hl
    3590/51E9 : 7E                      		ld	a, (hl)
 AS V1.42 Beta [Bld 297] - Source File edas4-as.asm - Page 66 - 3/30/2026 15:43:14


    3591/51EA : FE 20                   		cp	' '		; Leerzeichen
    3592/51EC : 28 02                   		jr	z, loc_51F0	; dann Markenname zu Ende
    3593/51EE : 10 F6                   		djnz	loc_51E6	; sonst nächstes Zeichen kopieren
    3594/51F0 :                         		;
    3595/51F0 : 78                      loc_51F0:	ld	a, b
    3596/51F1 : 12                      		ld	(de), a
    3597/51F2 : 2A 00 55                		ld	hl, (BUFBEG)	; Anfangsdresse
    3598/51F5 : 4E                      		ld	c, (hl)
    3599/51F6 : 23                      		inc	hl
    3600/51F7 : 46                      		ld	b, (hl)		; BC=TextLänge
    3601/51F8 : 23                      		inc	hl
    3602/51F9 : 23                      		inc	hl
    3603/51FA : 23                      		inc	hl
    3604/51FB : AF                      loc_51FB:	xor	a		; 00=Zeilenende
    3605/51FC : ED B1                   		cpir			; suche Zeilenende
    3606/51FE : C2 BC 4B                		jp	nz, loc_4BBC	; bei Fehler zurück zur Kommandoschleife
    3607/5201 : 5E                      		ld	e, (hl)
    3608/5202 : 23                      		inc	hl
    3609/5203 : 0B                      		dec	bc
    3610/5204 : 56                      		ld	d, (hl)
    3611/5205 : ED 53 5B 18             		ld	(ARG1),	de
    3612/5209 : 23                      		inc	hl
    3613/520A : 0B                      		dec	bc
    3614/520B : 11 30 55                		ld	de, unk_5530
    3615/520E : 1A                      loc_520E:	ld	a, (de)
    3616/520F : BE                      		cp	(hl)
    3617/5210 : 20 E9                   		jr	nz, loc_51FB
    3618/5212 : FE 20                   		cp	20h ; ' '
    3619/5214 : 38 05                   		jr	c, loc_521B
    3620/5216 : 23                      		inc	hl
    3621/5217 : 0B                      		dec	bc
    3622/5218 : 13                      		inc	de
    3623/5219 : 18 F3                   		jr	loc_520E
    3624/521B : CD F5 45                loc_521B:	call	sub_45F5	; suche Zeile ARG1
    3625/521E : CD AD 4C                loc_521E:	call	sub_4CAD	; Anzeige Zeile
    3626/5221 : 18 FB                   		jr	loc_521E
    3627/5223 :                         
    3628/5223 :                         ;---------------------------------------
    3629/5223 :                         ; Neunumerierung ab Zeile bis Quellende
    3630/5223 :                         ;
    3631/5223 :                         ; N a s - ab Zeile a mit einer Lücke von s Zeilen zur vorhergehenden a Zeile.
    3632/5223 :                         ;
    3633/5223 :                         ; Dieses Kommando ist immer dann nützlich, wenn man noch nachträglich etwas in die
    3634/5223 :                         ; Quelle einfügen muß und dafür Platz benötigt.
    3635/5223 :                         
    3636/5223 : 2A 00 55                NNUM:		ld	hl, (BUFBEG)	; Anfangsdresse
    3637/5226 : FE 02                   		cp	2		; in A = Anz. Param.
    3638/5228 : C2 2E 4B                		jp	nz, loc_4B2E	; error 99 illegal command
    3639/522B : 23                      		inc	hl
    3640/522C : 23                      		inc	hl
    3641/522D : CD 2B 44                		call	sub_442B	; Suche nächste Zeile
    3642/5230 : C8                      		ret	z		; Textende erreicht
    3643/5231 : 5E                      loc_5231:	ld	e, (hl)
    3644/5232 : 23                      		inc	hl
    3645/5233 : 56                      		ld	d, (hl)		; DE=Zeilennummer
    3646/5234 : CD 2D 44                		call	loc_442D	; suche nächste Zeile
    3647/5237 : 20 F8                   		jr	nz, loc_5231	; wiederholen bis Textende erreicht
    3648/5239 : 2A 5D 18                		ld	hl, (ARG2)	; Schrittweite s
    3649/523C : CD 57 52                		call	sub_5257	; letzte Zeilennr + s > 9999?
    3650/523F : 3E 01                   		ld	a, 1		; Error 01 - Zeilennummerüberlauf
 AS V1.42 Beta [Bld 297] - Source File edas4-as.asm - Page 67 - 3/30/2026 15:43:14


    3651/5241 : DA 30 4B                		jp	c, loc_4B30	; Fehler ausgeben
    3652/5244 : CD F5 45                		call	sub_45F5	; suche Zeile ARG1
    3653/5247 : CD 53 52                loc_5247:	call	sub_5253
    3654/524A : 73                      		ld	(hl), e
    3655/524B : 23                      		inc	hl
    3656/524C : 72                      		ld	(hl), d
    3657/524D : CD 2B 44                		call	sub_442B	; Suche nächste Zeile
    3658/5250 : C8                      		ret	z		; Textende erreicht
    3659/5251 : 18 F4                   		jr	loc_5247
    3660/5253 :                         ; hole Zeilennummer + ARG2
    3661/5253 : 5E                      sub_5253:	ld	e, (hl)
    3662/5254 : 23                      		inc	hl
    3663/5255 : 56                      		ld	d, (hl)
    3664/5256 : 2B                      		dec	hl
    3665/5257 :                         ; BCD Addition HL + ARG2
    3666/5257 : E5                      sub_5257:	push	hl
    3667/5258 : 2A 5D 18                		ld	hl, (ARG2)
    3668/525B : B7                      		or	a
    3669/525C : 7D                      		ld	a, l
    3670/525D : 83                      		add	a, e
    3671/525E : 27                      		daa
    3672/525F : 5F                      		ld	e, a
    3673/5260 : 7C                      		ld	a, h
    3674/5261 : 8A                      		adc	a, d
    3675/5262 : 27                      		daa
    3676/5263 : 57                      		ld	d, a
    3677/5264 : E1                      		pop	hl
    3678/5265 : C9                      		ret
    3679/5266 :                         
    3680/5266 :                         ;---------------------------------------
    3681/5266 :                         ; Teile einer EDAS-Quelle verschieben
    3682/5266 :                         ;
    3683/5266 :                         ; C a e x - Verschiebe von Zeile a bis Zeile e nach Zeile x und folgende.
    3684/5266 :                         ;
    3685/5266 :                         ; Hiermit kann man Teilstücke des Quelltextes nachträglich an eine andere Stelle
    3686/5266 :                         ; in der Quelle bringen. Die Zeilen von a bis e werden ab der Zeile x mit der
    3687/5266 :                         ; Schrittweite 1 neu plaziert.
    3688/5266 :                         ;
    3689/5266 : FE 03                   MOVE:		cp	3
    3690/5268 : C2 2E 4B                		jp	nz, loc_4B2E
    3691/526B : FD CB 01 DE             		set	3, (iy+1)	; Assembleroptionen
    3692/526F : 21 5B 18                		ld	hl, ARG1
    3693/5272 : 11 B0 54                		ld	de, word_54B0
    3694/5275 : 01 06 00                		ld	bc, 6
    3695/5278 : ED B0                   		ldir
    3696/527A : ED 5B B4 54             		ld	de, (word_54B4)
    3697/527E : 2A B2 54                		ld	hl, (word_54B2)
    3698/5281 : B7                      		or	a
    3699/5282 : ED 52                   		sbc	hl, de
    3700/5284 : 38 0A                   		jr	c, loc_5290
    3701/5286 : 2A B0 54                		ld	hl, (word_54B0)
    3702/5289 : EB                      		ex	de, hl
    3703/528A : ED 52                   		sbc	hl, de
    3704/528C : 3E 08                   		ld	a, 8
    3705/528E : 30 6C                   		jr	nc, loc_52FC
    3706/5290 : 2A 00 55                loc_5290:	ld	hl, (BUFBEG)	; Anfangsdresse
    3707/5293 : CD 03 53                		call	sub_5303
    3708/5296 : 22 5B 18                		ld	(ARG1),	hl
    3709/5299 : 22 5D 18                		ld	(ARG2),	hl
    3710/529C : D5                      		push	de
 AS V1.42 Beta [Bld 297] - Source File edas4-as.asm - Page 68 - 3/30/2026 15:43:14


    3711/529D : CD 3A 4A                		call	sub_4A3A
    3712/52A0 : D1                      		pop	de
    3713/52A1 : 2A B4 54                		ld	hl, (word_54B4)
    3714/52A4 : 22 59 18                		ld	(data+1), hl
    3715/52A7 : 22 5B 18                		ld	(ARG1),	hl
    3716/52AA : 22 10 55                		ld	(word_5510), hl	; Zeilennummer
    3717/52AD : 21 B9 52                		ld	hl, loc_52B9
    3718/52B0 : 22 B6 54                		ld	(word_54B6), hl
    3719/52B3 : 21 C0 54                		ld	hl, unk_54C0
    3720/52B6 : C3 8C 4A                		jp	loc_4A8C
    3721/52B9 : FD F9                   loc_52B9:		ld	sp, iy
    3722/52BB : 2A 00 55                		ld	hl, (BUFBEG)	; Anfangsdresse
    3723/52BE : CD CA 52                		call	sub_52CA
    3724/52C1 : 20 CD                   		jr	nz, loc_5290
    3725/52C3 : FD CB 01 9E             loc_52C3:		res	3, (iy+1)	; Assembleroptionen
    3726/52C7 : C3 E6 4B                		jp	loc_4BE6
    3727/52CA :                         sub_52CA:	; FUNCTION CHUNK AT 52C3 SIZE 00000007 BYTES
    3728/52CA : E5                      		push	hl
    3729/52CB : 2A B0 54                		ld	hl, (word_54B0)
    3730/52CE : 23                      		inc	hl
    3731/52CF : 22 5B 18                		ld	(ARG1),	hl
    3732/52D2 : E1                      		pop	hl
    3733/52D3 : CD F8 45                		call	loc_45F8
    3734/52D6 : BE                      		cp	(hl)
    3735/52D7 : C8                      		ret	z
    3736/52D8 : F5                      		push	af
    3737/52D9 : ED 53 B0 54             		ld	(word_54B0), de
    3738/52DD : 2A B2 54                		ld	hl, (word_54B2)
    3739/52E0 : B7                      		or	a
    3740/52E1 : ED 52                   		sbc	hl, de
    3741/52E3 : 38 DE                   		jr	c, loc_52C3
    3742/52E5 : 2A B4 54                		ld	hl, (word_54B4)
    3743/52E8 : 7D                      		ld	a, l
    3744/52E9 : 3C                      		inc	a
    3745/52EA : 27                      		daa
    3746/52EB : 6F                      		ld	l, a
    3747/52EC : 30 09                   		jr	nc, loc_52F7
    3748/52EE : B7                      		or	a
    3749/52EF : 7C                      		ld	a, h
    3750/52F0 : 3C                      		inc	a
    3751/52F1 : 27                      		daa
    3752/52F2 : 67                      		ld	h, a
    3753/52F3 : 3E 01                   		ld	a, 1
    3754/52F5 : 38 05                   		jr	c, loc_52FC
    3755/52F7 : 22 B4 54                loc_52F7:		ld	(word_54B4), hl
    3756/52FA : F1                      		pop	af
    3757/52FB : C9                      		ret
    3758/52FC :                         ;
    3759/52FC : FD CB 01 9E             loc_52FC:	res	3, (iy+1)	; Assembleroptionen
    3760/5300 : C3 30 4B                		jp	loc_4B30	; Fehler ausgeben
    3761/5303 :                         
    3762/5303 :                         ;
    3763/5303 : E5                      sub_5303:	push	hl
    3764/5304 : 2A B4 54                		ld	hl, (word_54B4)
    3765/5307 : 22 5B 18                		ld	(ARG1),	hl
    3766/530A : E5                      		push	hl
    3767/530B : CD F5 45                		call	sub_45F5	; suche Zeile ARG1
    3768/530E : BE                      		cp	(hl)
    3769/530F : E1                      		pop	hl
    3770/5310 : 28 07                   		jr	z, loc_5319
 AS V1.42 Beta [Bld 297] - Source File edas4-as.asm - Page 69 - 3/30/2026 15:43:14


    3771/5312 : B7                      		or	a
    3772/5313 : ED 52                   		sbc	hl, de
    3773/5315 : 3E 07                   		ld	a, 7
    3774/5317 : 30 E3                   		jr	nc, loc_52FC
    3775/5319 : 2A B0 54                loc_5319:		ld	hl, (word_54B0)
    3776/531C : 22 5B 18                		ld	(ARG1),	hl
    3777/531F : E1                      		pop	hl
    3778/5320 : CD F8 45                		call	loc_45F8
    3779/5323 : D5                      		push	de
    3780/5324 : E5                      		push	hl
    3781/5325 : CD 2B 44                		call	sub_442B	; Suche nächste Zeile
    3782/5328 : 2B                      		dec	hl
    3783/5329 : 2B                      		dec	hl
    3784/532A : C1                      		pop	bc
    3785/532B : 03                      		inc	bc
    3786/532C : 11 C0 54                		ld	de, unk_54C0
    3787/532F : 7E                      loc_532F:		ld	a, (hl)
    3788/5330 : 12                      		ld	(de), a
    3789/5331 : B7                      		or	a
    3790/5332 : ED 42                   		sbc	hl, bc
    3791/5334 : 09                      		add	hl, bc
    3792/5335 : 28 04                   		jr	z, loc_533B
    3793/5337 : 2B                      		dec	hl
    3794/5338 : 13                      		inc	de
    3795/5339 : 18 F4                   		jr	loc_532F
    3796/533B : E1                      loc_533B:		pop	hl
    3797/533C : C9                      		ret
    3798/533D : 2A B8 54                sub_533D:		ld	hl, (word_54B8)	; Adresse Anfang Sekundärquelle (SEC)
    3799/5340 : 7C                      		ld	a, h
    3800/5341 : A5                      		and	l
    3801/5342 : 3C                      		inc	a
    3802/5343 : 3E 09                   		ld	a, 9
    3803/5345 : CA FC 52                		jp	z, loc_52FC
    3804/5348 : C9                      		ret
    3805/5349 :                         
    3806/5349 :                         ;---------------------------------------
    3807/5349 :                         ; Einfügen einer Zweit-Quelle
    3808/5349 :                         ;
    3809/5349 :                         ; T a e x - Plaziere die Zeilen a bis e der Zweitquelle ab Zeile x in der
    3810/5349 :                         ; aktuellen Quelle.
    3811/5349 :                         ;
    3812/5349 :                         ; Dieses Kommando ermöglicht es, die gesamte Zweitquelle oder Teile davon in die
    3813/5349 :                         ; aktuelle Quelle einzufügen. Bei längeren Quelltexten kann das ohne weiteres
    3814/5349 :                         ; längere Zeit beanspruchen. Ist das Kommando ausgeführt, so erscheint wieder der
    3815/5349 :                         ; blinkende Kursor.
    3816/5349 :                         
    3817/5349 : FE 03                   TRANS:		cp	3
    3818/534B : C2 2E 4B                		jp	nz, loc_4B2E
    3819/534E : FD CB 01 DE             		set	3, (iy+1)	; Assembleroptionen
    3820/5352 : 21 5B 18                		ld	hl, ARG1
    3821/5355 : 11 B0 54                		ld	de, word_54B0
    3822/5358 : 01 06 00                		ld	bc, 6
    3823/535B : ED B0                   		ldir
    3824/535D : CD 3D 53                		call	sub_533D
    3825/5360 : 2A B8 54                loc_5360:		ld	hl, (word_54B8)	; Adresse Anfang Sekundärquelle (SEC)
    3826/5363 : CD 03 53                		call	sub_5303
    3827/5366 : 2A B4 54                		ld	hl, (word_54B4)
    3828/5369 : 22 59 18                		ld	(data+1), hl
    3829/536C : 22 5B 18                		ld	(ARG1),	hl
    3830/536F : 22 10 55                		ld	(word_5510), hl	; Zeilennummer
 AS V1.42 Beta [Bld 297] - Source File edas4-as.asm - Page 70 - 3/30/2026 15:43:14


    3831/5372 : 21 7E 53                		ld	hl, loc_537E
    3832/5375 : 22 B6 54                		ld	(word_54B6), hl
    3833/5378 : 21 C0 54                		ld	hl, unk_54C0
    3834/537B : C3 8C 4A                		jp	loc_4A8C
    3835/537E : FD F9                   loc_537E:		ld	sp, iy
    3836/5380 : 2A B8 54                		ld	hl, (word_54B8)	; Adresse Anfang Sekundärquelle (SEC)
    3837/5383 : CD CA 52                		call	sub_52CA
    3838/5386 : 20 D8                   		jr	nz, loc_5360
    3839/5388 : FD CB 01 9E             		res	3, (iy+1)	; Assembleroptionen
    3840/538C : C3 E6 4B                		jp	loc_4BE6
    3841/538F :                         
    3842/538F :                         ;---------------------------------------
    3843/538F :                         ; Vereinbaren einer Zweit-Quelle (SEC)
    3844/538F :                         ;
    3845/538F :                         ; S a e - Puffervereinbarung für die Zweitquelle von aaaa bis eeee (hexadezimal).
    3846/538F :                         ;
    3847/538F :                         ; Vor dieser Vereinbarung muß sich ab aaaa bereits eine Quelle oder mindestens ein
    3848/538F :                         ; Quellkopf befinden. Hinter SEC: erscheint aa, die Anfangsadresse des
    3849/538F :                         ; Zweitquellenpuffers. Man muß darauf achten, daß sich der Zweitquellenpuffer
    3850/538F :                         ; nicht mit dem aktuellen Quellpuffer oder mit EDAS*4 selbst überschneidet.
    3851/538F :                         ; Hierbei darf eeee auch größer sein als das Ende einer von Kassette eingelesenen
    3852/538F :                         ; Zweitquelle, will man diese dann noch erweitern, so ist es auch erforderlich.
    3853/538F :                         ;
    3854/538F :                         
    3855/538F : FE 02                   SEC:		cp	2
    3856/5391 : C2 2E 4B                		jp	nz, loc_4B2E
    3857/5394 : ED 5B 5D 18             		ld	de, (ARG2)		; eeee
    3858/5398 : AF                      		xor	a			; Cy=0; A=0
    3859/5399 : ED 52                   		sbc	hl, de
    3860/539B : 19                      		add	hl, de
    3861/539C : D2 30 4B                		jp	nc, loc_4B30		; Fehler ausgeben
    3862/539F :                         						; Error 00 - Speicherüberlauf
    3863/539F : 22 B8 54                		ld	(word_54B8), hl		; Adresse Anfang Sekundärquelle (SEC)
    3864/53A2 : ED 53 BA 54             		ld	(word_54BA), de		; Adresse Ende Sekundärquelle (SEC)
    3865/53A6 : C9                      		ret
    3866/53A7 :                         
    3867/53A7 :                         ;---------------------------------------
    3868/53A7 :                         ; Editieren in der Zweit-Quelle
    3869/53A7 :                         ;
    3870/53A7 :                         ; E - Austausch aktuelle Quelle gegen Zweit-Quelle
    3871/53A7 :                         ;
    3872/53A7 :                         ; Hiermit wird EDAS*4 der Pufferbereich der Zweitquelle zugewiesen, so daß nun in
    3873/53A7 :                         ; dieser gearbeitet werden kann. Ein weiteres "E" macht diese Zuweisung dann
    3874/53A7 :                         ; wieder rückgängig. Die Angaben hinter FREE: und SEC: geben dabei immer Auskunft,
    3875/53A7 :                         ; in welcher Quelle gerade gearbeitet wird. Hinter FREE: steht immer der erste
    3876/53A7 :                         ; freie Speicherplatz in der aktuellen Quelle, hinter SEC: wird der Anfang der
    3877/53A7 :                         ; zuletzt eingestellten Zweitquelle angegeben.
    3878/53A7 :                         ;
    3879/53A7 : CD 3D 53                SWAP:		call	sub_533D
    3880/53AA : ED 5B 00 55             		ld	de, (BUFBEG)		; Anfangsdresse
    3881/53AE : 22 00 55                		ld	(BUFBEG), hl		; Anfangsdresse
    3882/53B1 : ED 53 B8 54             		ld	(word_54B8), de		; Adresse Anfang Sekundärquelle (SEC)
    3883/53B5 : 2A BA 54                		ld	hl, (word_54BA)	; Adresse Ende Sekundärquelle (SEC)
    3884/53B8 : ED 5B 02 55             		ld	de, (BUFEND)
    3885/53BC : 22 02 55                		ld	(BUFEND),	hl
    3886/53BF : ED 53 BA 54             		ld	(word_54BA), de	; Adresse Ende Sekundärquelle (SEC)
    3887/53C3 : C9                      		ret
    3888/53C4 : FD CB 01 5E             loc_53C4:	bit	3, (iy+1)	; Assembleroptionen
    3889/53C8 : CA 03 48                		jp	z, loc_4803
    3890/53CB : 2A B6 54                		ld	hl, (word_54B6)
 AS V1.42 Beta [Bld 297] - Source File edas4-as.asm - Page 71 - 3/30/2026 15:43:14


    3891/53CE : E9                      		jp	(hl)
    3892/53CF :                         
    3893/53CF :                         
    3894/53CF :                         ;---------------------------------------
    3895/53CF :                         ;
    3896/53CF : E5                      loc_53CF:	push	hl
    3897/53D0 : 2A 12 55                		ld	hl, (word_5512)	; ausgegebene Zeilennummer
    3898/53D3 : ED 5B BC 54             		ld	de, (word_54BC)
    3899/53D7 : B7                      		or	a
    3900/53D8 : ED 52                   		sbc	hl, de
    3901/53DA : 19                      		add	hl, de
    3902/53DB : 38 08                   		jr	c, loc_53E5
    3903/53DD : ED 5B BE 54             		ld	de, (word_54BE)
    3904/53E1 : B7                      		or	a
    3905/53E2 : EB                      		ex	de, hl
    3906/53E3 : ED 52                   		sbc	hl, de
    3907/53E5 : E1                      loc_53E5:	pop	hl
    3908/53E6 : DA E2 4C                		jp	c, loc_4CE2
    3909/53E9 : EB                      		ex	de, hl
    3910/53EA : 21 3F 10                		ld	hl, bws(31,0)
    3911/53ED : C3 C0 4C                		jp	loc_4CC0
    3912/53F0 :                         
    3913/53F0 :                         ;---------------------------------------
    3914/53F0 :                         ; Quelltext assemblieren
    3915/53F0 :                         ;
    3916/53F0 :                         ; A - Assembliere den gesamten Quelltext.
    3917/53F0 :                         ;
    3918/53F0 :                         ; A a - Assembliere von Zeile a bis Ende.
    3919/53F0 :                         ;
    3920/53F0 :                         ; A a e - Assembliere von Zeile a bis Zeile e.
    3921/53F0 :                         ;
    3922/53F0 :                         ; Entsprechend den Optionsbits und den Argumenten wird der Assemblerlauf
    3923/53F0 :                         ; durchgeführt. Ist das Druckbit gesetzt und nur eine teilweise Assemblierung
    3924/53F0 :                         ; angewiesen, so wird die gesamte Quelle assembliert, aber nur der angegebene Teil
    3925/53F0 :                         ; als Liste ausgegeben, so daß man bei längeren Quellen auch nur Auszüge drucken
    3926/53F0 :                         ; kann.
    3927/53F0 :                         ;
    3928/53F0 : 2A 5B 18                ASSEMBLE:	ld	hl, (ARG1)	; Zeilennummer a
    3929/53F3 : 22 BC 54                		ld	(word_54BC), hl
    3930/53F6 : 2A 5D 18                		ld	hl, (ARG2)	; Zeilennummer e
    3931/53F9 : 22 BE 54                		ld	(word_54BE), hl
    3932/53FC : FD CB 01 56             loc_53FC:	bit	2, (iy+1)	; Assembleroption Drucken?
    3933/5400 : 28 12                   loc_5400:	jr	z, loc_5414	; nein
    3934/5402 : 21 00 00                		ld	hl, 0		; sonst alle Zeilen von 0000
    3935/5405 : 22 5B 18                		ld	(ARG1),	hl
    3936/5408 : 2B                      		dec	hl		; bis 0FFFF
    3937/5409 : 22 5D 18                		ld	(ARG2),	hl
    3938/540C : CD 40 54                		call	sub_5440	; Druckerinitialisierung
    3939/540F : 3E 0D                   		ld	a, CR
    3940/5411 : CD 04 55                		call	unk_5504	; Druckerausgabe
    3941/5414 : C3 47 4D                loc_5414:	jp	loc_4D47
    3942/5417 :                         
    3943/5417 :                         ;
    3944/5417 : 2A 00 18                sub_5417:	ld	hl, (cupos)
    3945/541A : 4F                      		ld	c, a
    3946/541B : 11 7F 10                		ld	de, bws(30,0)
    3947/541E : 1A                      loc_541E:		ld	a, (de)
    3948/541F : FE 3B                   		cp	3Bh ; ';'
    3949/5421 : 79                      		ld	a, c
    3950/5422 : 28 08                   		jr	z, loc_542C
 AS V1.42 Beta [Bld 297] - Source File edas4-as.asm - Page 72 - 3/30/2026 15:43:14


    3951/5424 : B7                      		or	a
    3952/5425 : ED 52                   		sbc	hl, de
    3953/5427 : 19                      		add	hl, de
    3954/5428 : 1B                      		dec	de
    3955/5429 : 20 F3                   		jr	nz, loc_541E
    3956/542B : C9                      		ret
    3957/542C : FE 41                   loc_542C:		cp	41h ; 'A'
    3958/542E : D8                      		ret	c
    3959/542F : FE 5B                   		cp	5Bh ; '['
    3960/5431 : 30 03                   		jr	nc, loc_5436
    3961/5433 : CB EF                   		set	5, a
    3962/5435 : C9                      		ret
    3963/5436 : FE 61                   loc_5436:		cp	61h ; 'a'
    3964/5438 : D8                      		ret	c
    3965/5439 : FE 7B                   		cp	7Bh ; '{'
    3966/543B : D0                      		ret	nc
    3967/543C : CB AF                   		res	5, a
    3968/543E : C9                      		ret
    3969/543F :                         
    3970/543F :                         
    3971/543F :                         ;---------------------------------------
    3972/543F : 49                      unk_543F:	db  49h				; chksum
    3973/5440 :                         
    3974/5440 :                         ;---------------------------------------
    3975/5440 :                         ; Druckerinitialisierung
    3976/5440 : C3 EB 07                sub_5440:	jp	MS30
    3977/5443 : FF                      		db 0FFh
    3978/5444 : FF                      		db 0FFh
    3979/5445 : FF                      		db 0FFh
    3980/5446 : FF                      		db 0FFh
    3981/5447 : FF                      		db 0FFh
    3982/5448 : FF                      		db 0FFh
    3983/5449 : FF                      		db 0FFh
    3984/544A : FF                      		db 0FFh
    3985/544B : FF                      		db 0FFh
    3986/544C : FF                      		db 0FFh
    3987/544D : FF                      		db 0FFh
    3988/544E : FF                      		db 0FFh
    3989/544F : FF                      		db 0FFh
    3990/5450 :                         ; E N D E
    3991/5450 :                         
    3992/5450 :                         
    3993/5450 :                         ;------------------------------------------------------------------------------
    3994/5450 :                         ; RAM
    3995/5450 :                         
    3996/54B0 :                         		org	54B0h
    3997/54B0 :                         
    3998/54B0 : =54B0H                  word_54B0:      equ 54B0h		; C: Anfangszeile
    3999/54B0 : =54B2H                  word_54B2:      equ 54B2h		; C: Endezeile
    4000/54B0 : =54B4H                  word_54B4:      equ 54B4h		; C: Zielzeile
    4001/54B0 : =54B6H                  word_54B6:      equ 54B6h
    4002/54B0 : =54B8H                  word_54B8:      equ 54B8h		; Adresse Anfang Sekundärquelle (SEC)
    4003/54B0 : =54BAH                  word_54BA:      equ 54BAh		; Adresse Ende Sekundärquelle (SEC)
    4004/54B0 : =54BCH                  word_54BC:      equ 54BCh		; Adresse Assemblieren Anfang
    4005/54B0 : =54BEH                  word_54BE:      equ 54BEh		; Adresse Assemblieren Ende
    4006/54B0 : =54C0H                  unk_54C0:       equ 54C0h		; Beginn Eingabepuffer Zeile 61 Bytes
    4007/54B0 : =54FFH                  unk_54FF:       equ 54FFh		; Buffer f. Code (down)
    4008/54B0 :                         
    4009/54B0 :                         ;
    4010/54B0 : =5500H                  BUFBEG:		equ 5500h		; Anfangsdresse Textpuffer
 AS V1.42 Beta [Bld 297] - Source File edas4-as.asm - Page 73 - 3/30/2026 15:43:14


    4011/54B0 : =5502H                  BUFEND:		equ 5502h		; Endadresse Textpuffer
    4012/54B0 : =5504H                  unk_5504:       equ 5504h		; Druckerausgabe
    4013/54B0 : =5507H                  byte_5507:      equ 5507h		; Assembleroptionen
    4014/54B0 : =5508H                  byte_5508:      equ 5508h		; Ausgabeverzögerung Druck
    4015/54B0 : =5509H                  byte_5509:	equ 5509h		; Ausgabeverzögerung BWS
    4016/54B0 : =550AH                  mc_ofs:      	equ 550Ah		; offset for code generation
    4017/54B0 : =550CH                  word_550C:      equ 550Ch		; letzte Adresse MC+1 (END:)
    4018/54B0 : =550EH                  word_550E:      equ 550Eh		; ENTry-Adresse
    4019/54B0 : =5510H                  word_5510:      equ 5510h		; aktuelle Zeilennummer
    4020/54B0 : =5512H                  word_5512:      equ 5512h       	; ausgegebene Zeilennummer
    4021/54B0 : =5514H                  byte_5514:      equ 5514h		; Seitengröße bei Schirmausgabe (25 Zeilen)
    4022/54B0 : =5515H                  unk_5515:       equ 5515h		; kdotab
    4023/54B0 : =5517H                  word_5517:      equ 5517h		; unk_40AA Parse Tree Mnemonics
    4024/54B0 : =5519H                  word_5519:      equ 5519h		; unk_428F Parse Tree Register
    4025/54B0 : =551BH                  word_551B:      equ 551Bh		; unk_42F4 Tokenklassen Register,Flags
    4026/54B0 : =551DH                  unk_551D:       equ 551Dh		; Tabelle Zeichenklassen Spezialzeichen
    4027/54B0 : =552DH                  unk_552D:       equ 552Dh       	; sonstiges Spezialzeichen (akt. Zeichen)
    4028/54B0 : =5530H                  unk_5530:       equ 5530h		; 6 Zeichen Marke
    4029/54B0 : =556EH                  unk_556E:       equ 556Eh		; Find Zeichenkette, Buffer bis unk_552D (41H Zeichen)
    4030/54B0 :                         					; Textanfang ('/'), Buffer enthält den Text revers, absteigende Adr!
    4031/54B0 : =556FH                  unk_556F:       equ 556Fh		; 6 Zeichen vom Anfang des Buffers (Kopf), f. REUSE
    4032/54B0 : =5575H                  p_BUFBEG:	equ 5575h		; Sicherung BUFBEG f. REUSE
    4033/54B0 : =5577H                  unk_5577:       equ 5577h		; Seitengröße
    4034/54B0 : =5578H                  word_5578:      equ 5578h       	; Adr. Ret-Funktion nach Fehler
    4035/54B0 : =557AH                  unk_557A:       equ 557Ah
    4036/54B0 : =557CH                  word_557C:      equ 557Ch
    4037/54B0 : =5582H                  word_5582:      equ 5582h
    4038/54B0 : =5584H                  byte_5584:      equ 5584h		; Schrittweite (RENUM, INUM)
    4039/54B0 : =5585H                  word_5585:      equ 5585h
    4040/54B0 : =5587H                  word_5587:      equ 5587h
    4041/54B0 : =5589H                  word_5589:      equ 5589h
    4042/54B0 : =559BH                  unk_559B:       equ 559Bh       	; loc_4D0E  - Ausgabe Enter+ggf. Abbruch bei Strg-C 
    4043/54B0 :                         					; o. loc_4CA2 - Ausgabe in Speicher (ARG3)
    4044/54B0 : =559EH                  unk_559E:       equ 559Eh		; Kdo-Buchstabe
    4045/54B0 : =559FH                  byte_559F:      equ 559Fh		; Anzahl Kdo.Argumente
    4046/54B0 : =55A0H                  orig_sv:	equ 55A0h		; Merker für orig. Sprungverteiler
    4047/54B0 :                         					; 12h Byte
    4048/54B0 : =55B2H                  errcnt:      	equ 55B2h		; Fehlerzähler
    4049/54B0 : =55B4H                  unk_55B4:       equ 55B4h		; inch0 Repeat-Timer
    4050/54B0 :                         ;iy-12h
    4051/54B0 :                         ;iy-0Fh	; 55EF
    4052/54B0 :                         ;iy-0Eh	; 55F0	bei Tokenklasse 72..78 als 01..04
    4053/54B0 :                         ;iy-0Dh	; 55F1	byte modifier register o. flags
    4054/54B0 :                         ;iy-0Ch	; 55F2
    4055/54B0 :                         ;iy-0Bh	; 55F3
    4056/54B0 :                         ;iy-0Ah	; 55F4
    4057/54B0 :                         ;iy-9	; 55F5
    4058/54B0 :                         ;iy-8	; 55F6
    4059/54B0 : =55F2H                  word_55F2:      equ 55F2h
    4060/54B0 : =55F6H                  unk_55F6:       equ 55F6h
    4061/54B0 : =55FEH                  byte_55FE:	equ 55FEh		; IY, TOP Stack
    4062/54B0 : =55FFH                  unk_55FF:       equ 55FFh		; IY+1 = Assembleroptionen
    4063/54B0 :                         					; Bit0=nur fehlerhafte Zeilen beim Listing
    4064/54B0 :                         					; Bit1=MC in Speicher laden
    4065/54B0 :                         					; Bit2=drucken
    4066/54B0 :                         					; Bit3=(intern benutzt!)
    4067/54B0 :                         					; Bit4=erzwinge 2. Lauf
    4068/54B0 :                         					; Bit5=relative Sprungdistanzen absolut
    4069/54B0 :                         					; Bit6=
    4070/54B0 :                         					; Bit7=Ausgabe Symboltabelle
 AS V1.42 Beta [Bld 297] - Source File edas4-as.asm - Page 74 - 3/30/2026 15:43:14


    4071/54B0 : =5600H                  unk_5600:       equ 5600h
    4072/54B0 : =6000H                  unk_6000:	equ 6000h
    4073/54B0 :                         
    4074/54B0 :                         		end
 AS V1.42 Beta [Bld 297] - Source File edas4-as.asm - Page 75 - 3/30/2026 15:43:14


  Symbol Table (* = unused):
  --------------------------

*ARCHITECTURE :                                        "i386-unknown-win32" - |
 ARG1 :                        185B - |  ARG2 :                        185D - |
 ARG3 :                        185F - |  ASSEMBLE :                    53F0 C |
*BASIC :                        800 - | *BEL :                            7 - |
*BS :                             8 - |  BUFBEG :                      5500 - |
 BUFEND :                      5502 - |  BWS :                         1000 - |
 BYTE_5507 :                   5507 - |  BYTE_5508 :                   5508 - |
 BYTE_5509 :                   5509 - |  BYTE_5514 :                   5514 - |
 BYTE_5584 :                   5584 - |  BYTE_559F :                   559F - |
 BYTE_55FE :                   55FE - | *CASESENSITIVE :                  0 - |
 CHKSUM :                      448F C |  CHKSUM1 :                     4496 C |
*CLS :                           0C - |  COLD :                        5104 C |
 COLD1 :                       4B4D C |  COLS :                          40 - |
*CONSTPI :        3.141592653589793 - |  CORRECT :                     4A11 C |
 CR :                            0D - | *CTC0 :                           0 - |
*CTC1 :                           1 - | *CTC2 :                           2 - |
*CTC3 :                           3 - |  CUPOS :                       1800 - |
 DATA :                        1858 - | *DATE :                 "3/30/2026" - |
 DELAY :                       4968 C | *DOWN :                          0A - |
 EDAS_SV :                     514C C |  ERRCNT :                      55B2 - |
 ERROR :                       4885 C | *FALSE :                          0 - |
 FIND :                        49D2 C | *FLOATMAX :      1.797693134866E308 - |
 GETCO1 :                       7FD - |  GO :                          494C C |
*HAS64 :                          1 - |  HEIGHT :                      4943 C |
*INCH :                           8 - |  INCH0 :                       50C6 C |
 INCH1 :                       50CB C |  INCH2 :                       50D0 C |
 INCH3 :                       50D2 C |  INCH4 :                       50D5 C |
 INCH5 :                       50E7 C |  INCH6 :                       50E9 C |
 INCH7 :                       50F3 C |  INCH8 :                       50FA C |
*INHEX :                        7F7 - | *INLINE :                       7F4 - |
 INUM :                        4B22 C | *JP_NMI :                      1817 - |
*JP_RST08 :                    1802 - | *JP_RST10 :                    1805 - |
*JP_RST18 :                    1808 - | *JP_RST20 :                    180B - |
*JP_RST28 :                    180E - | *JP_RST30 :                    1811 - |
*JP_RST38 :                    1814 - |  KDOTAB :                      4036 C |
 KILL :                        4A35 C |  KONVX :                       47D7 C |
*KONVX1 :                      47DF C |  KONVX2 :                      47E7 C |
 KONVX3 :                      47F9 C | *LEFT :                           8 - |
*LINES :                         20 - | *LISTON :                         1 - |
 LOC_4000 :                    4000 C |  LOC_4310 :                    4310 C |
 LOC_433D :                    433D C |  LOC_4340 :                    4340 C |
 LOC_4345 :                    4345 C |  LOC_434A :                    434A C |
 LOC_4357 :                    4357 C |  LOC_436D :                    436D C |
 LOC_437E :                    437E C |  LOC_4381 :                    4381 C |
 LOC_4387 :                    4387 C |  LOC_4396 :                    4396 C |
 LOC_4399 :                    4399 C |  LOC_43D4 :                    43D4 C |
 LOC_43D8 :                    43D8 C |  LOC_43EE :                    43EE C |
 LOC_4413 :                    4413 C |  LOC_442C :                    442C C |
 LOC_442D :                    442D C |  LOC_4460 :                    4460 C |
 LOC_4477 :                    4477 C |  LOC_448C :                    448C C |
 LOC_44B1 :                    44B1 C |  LOC_44BF :                    44BF C |
 LOC_44C1 :                    44C1 C |  LOC_44DB :                    44DB C |
 LOC_44E4 :                    44E4 C |  LOC_44F0 :                    44F0 C |
 LOC_44F8 :                    44F8 C | *LOC_4501 :                    4501 C |
 LOC_4507 :                    4507 C |  LOC_4514 :                    4514 C |
 LOC_4519 :                    4519 C |  LOC_451A :                    451A C |
 LOC_452C :                    452C C |  LOC_453A :                    453A C |
 AS V1.42 Beta [Bld 297] - Source File edas4-as.asm - Page 76 - 3/30/2026 15:43:14


 LOC_4543 :                    4543 C |  LOC_455C :                    455C C |
 LOC_4565 :                    4565 C |  LOC_457E :                    457E C |
 LOC_459B :                    459B C |  LOC_45A3 :                    45A3 C |
 LOC_45C0 :                    45C0 C | *LOC_45E0 :                    45E0 C |
 LOC_45F2 :                    45F2 C |  LOC_45F8 :                    45F8 C |
 LOC_45FA :                    45FA C |  LOC_4617 :                    4617 C |
 LOC_4649 :                    4649 C |  LOC_4664 :                    4664 C |
 LOC_4677 :                    4677 C |  LOC_467C :                    467C C |
 LOC_4685 :                    4685 C |  LOC_4686 :                    4686 C |
 LOC_46A4 :                    46A4 C |  LOC_46AA :                    46AA C |
 LOC_46D7 :                    46D7 C |  LOC_46D9 :                    46D9 C |
 LOC_46F1 :                    46F1 C |  LOC_46F8 :                    46F8 C |
 LOC_46FD :                    46FD C |  LOC_4718 :                    4718 C |
 LOC_472C :                    472C C |  LOC_4732 :                    4732 C |
 LOC_4738 :                    4738 C |  LOC_473A :                    473A C |
 LOC_473D :                    473D C |  LOC_474C :                    474C C |
 LOC_4773 :                    4773 C |  LOC_477A :                    477A C |
 LOC_4783 :                    4783 C |  LOC_4786 :                    4786 C |
 LOC_4795 :                    4795 C |  LOC_47A0 :                    47A0 C |
 LOC_47A3 :                    47A3 C |  LOC_47B5 :                    47B5 C |
 LOC_47C3 :                    47C3 C |  LOC_4803 :                    4803 C |
 LOC_4809 :                    4809 C |  LOC_483E :                    483E C |
 LOC_484B :                    484B C |  LOC_4860 :                    4860 C |
 LOC_4863 :                    4863 C |  LOC_4864 :                    4864 C |
 LOC_4880 :                    4880 C |  LOC_488D :                    488D C |
 LOC_48AB :                    48AB C |  LOC_48C8 :                    48C8 C |
 LOC_48D2 :                    48D2 C |  LOC_48DE :                    48DE C |
 LOC_4938 :                    4938 C |  LOC_4948 :                    4948 C |
 LOC_4963 :                    4963 C |  LOC_497A :                    497A C |
 LOC_498A :                    498A C |  LOC_4993 :                    4993 C |
 LOC_4999 :                    4999 C |  LOC_49D5 :                    49D5 C |
 LOC_49DD :                    49DD C |  LOC_49E1 :                    49E1 C |
 LOC_49F3 :                    49F3 C |  LOC_4A19 :                    4A19 C |
 LOC_4A42 :                    4A42 C |  LOC_4A4C :                    4A4C C |
 LOC_4A53 :                    4A53 C |  LOC_4A8C :                    4A8C C |
 LOC_4A99 :                    4A99 C |  LOC_4AA7 :                    4AA7 C |
 LOC_4AB7 :                    4AB7 C |  LOC_4AB9 :                    4AB9 C |
 LOC_4B0B :                    4B0B C |  LOC_4B1F :                    4B1F C |
 LOC_4B2E :                    4B2E C |  LOC_4B30 :                    4B30 C |
 LOC_4B70 :                    4B70 C |  LOC_4B7A :                    4B7A C |
 LOC_4BB7 :                    4BB7 C |  LOC_4BBC :                    4BBC C |
 LOC_4BE6 :                    4BE6 C |  LOC_4C3A :                    4C3A C |
 LOC_4C4C :                    4C4C C |  LOC_4C54 :                    4C54 C |
 LOC_4C6B :                    4C6B C |  LOC_4C73 :                    4C73 C |
 LOC_4C80 :                    4C80 C |  LOC_4CA2 :                    4CA2 C |
 LOC_4CC0 :                    4CC0 C |  LOC_4CC9 :                    4CC9 C |
 LOC_4CD4 :                    4CD4 C |  LOC_4CE2 :                    4CE2 C |
 LOC_4CFB :                    4CFB C |  LOC_4D01 :                    4D01 C |
 LOC_4D0E :                    4D0E C |  LOC_4D47 :                    4D47 C |
 LOC_4D70 :                    4D70 C |  LOC_4D9D :                    4D9D C |
 LOC_4DA9 :                    4DA9 C |  LOC_4DCC :                    4DCC C |
 LOC_4DDD :                    4DDD C |  LOC_4DF8 :                    4DF8 C |
 LOC_4E04 :                    4E04 C |  LOC_4E29 :                    4E29 C |
 LOC_4E43 :                    4E43 C |  LOC_4E46 :                    4E46 C |
 LOC_4E48 :                    4E48 C |  LOC_4E4B :                    4E4B C |
 LOC_4E80 :                    4E80 C |  LOC_4E93 :                    4E93 C |
 LOC_4E9A :                    4E9A C |  LOC_4EAA :                    4EAA C |
 LOC_4EB5 :                    4EB5 C |  LOC_4EB8 :                    4EB8 C |
 LOC_4EB9 :                    4EB9 C |  LOC_4EC9 :                    4EC9 C |
 LOC_4ECC :                    4ECC C |  LOC_4ECF :                    4ECF C |
 AS V1.42 Beta [Bld 297] - Source File edas4-as.asm - Page 77 - 3/30/2026 15:43:14


 LOC_4EE5 :                    4EE5 C |  LOC_4EE8 :                    4EE8 C |
 LOC_4EF5 :                    4EF5 C |  LOC_4F04 :                    4F04 C |
 LOC_4F09 :                    4F09 C |  LOC_4F10 :                    4F10 C |
 LOC_4F14 :                    4F14 C |  LOC_4F33 :                    4F33 C |
 LOC_4F5A :                    4F5A C |  LOC_4F64 :                    4F64 C |
 LOC_4F66 :                    4F66 C |  LOC_4F6B :                    4F6B C |
 LOC_4F70 :                    4F70 C |  LOC_4F78 :                    4F78 C |
 LOC_4F7C :                    4F7C C |  LOC_4F82 :                    4F82 C |
 LOC_4F9A :                    4F9A C |  LOC_4F9E :                    4F9E C |
 LOC_4FA3 :                    4FA3 C |  LOC_4FAD :                    4FAD C |
 LOC_4FBD :                    4FBD C |  LOC_4FC1 :                    4FC1 C |
 LOC_4FDD :                    4FDD C |  LOC_4FE2 :                    4FE2 C |
 LOC_5079 :                    5079 C |  LOC_516E :                    516E C |
 LOC_5175 :                    5175 C |  LOC_518C :                    518C C |
 LOC_5198 :                    5198 C |  LOC_519C :                    519C C |
 LOC_519E :                    519E C |  LOC_51B4 :                    51B4 C |
 LOC_51CE :                    51CE C |  LOC_51D1 :                    51D1 C |
 LOC_51DB :                    51DB C |  LOC_51E6 :                    51E6 C |
 LOC_51F0 :                    51F0 C |  LOC_51FB :                    51FB C |
 LOC_520E :                    520E C |  LOC_521B :                    521B C |
 LOC_521E :                    521E C |  LOC_5231 :                    5231 C |
 LOC_5247 :                    5247 C |  LOC_5290 :                    5290 C |
 LOC_52B9 :                    52B9 C |  LOC_52C3 :                    52C3 C |
 LOC_52F7 :                    52F7 C |  LOC_52FC :                    52FC C |
 LOC_5319 :                    5319 C |  LOC_532F :                    532F C |
 LOC_533B :                    533B C |  LOC_5360 :                    5360 C |
 LOC_537E :                    537E C |  LOC_53C4 :                    53C4 C |
 LOC_53CF :                    53CF C |  LOC_53E5 :                    53E5 C |
 LOC_53FC :                    53FC C |  LOC_5400 :                    5400 C |
 LOC_5414 :                    5414 C |  LOC_541E :                    541E C |
 LOC_542C :                    542C C |  LOC_5436 :                    5436 C |
*MACEXP :                         7 - |  MARK :                        51D8 C |
 MC_OFS :                      550A - | *MOMCPU :                        80 - |
*MOMCPUNAME :                 "Z80" - |  MOVE :                        5266 C |
 MS30 :                         7EB - | *NESTMAX :                      100 - |
 NNUM :                        5223 C |  OC_BAKDEL :                   5051 C |
 OC_CLS :                      5028 C |  OC_CR :                       50B6 C |
 OC_CR1 :                      50BF C |  OC_DEL :                      5038 C |
 OC_DOWN :                     5097 C |  OC_DOWN1 :                    509A C |
 OC_END :                      50A2 C |  OC_END1 :                     50A5 C |
 OC_FIRSTC :                   5092 C |  OC_INS :                      5056 C |
 OC_LEFT :                     504B C |  OC_RIGHT :                    504E C |
 OC_TAB :                      507E C |  OC_TAB1 :                     5084 C |
 OC_UP :                       509D C |  OFF_4006 :                    4006 C |
 OPTIONS :                     4937 C |  ORIG_SV :                     55A0 - |
*OUTCH :                         10 - |  OUTCH0 :                      4FE9 C |
 OUTHEX :                       7EE - |  OUTHL :                        7F1 - |
 OUTHLS :                      5179 C |  OUTX :                        50AA C |
 PDELAY :                      496D C | *PIOCA :                          6 - |
*PIOCB :                          7 - | *PIODA :                          4 - |
*PIODB :                          5 - | *PRNST :                         18 - |
 PRNST0 :                      48E9 C |  PRNST1 :                      48EA C |
 PUT :                         4976 C |  P_BUFBEG :                    5575 - |
 QCNT :                           0 - |  QRDC_0 :                       'Z' - |
 QRDC_1 :                       'Z' - |  QRDC_10 :                      ' ' - |
 QRDC_11 :                      ' ' - |  QRDC_12 :                      ' ' - |
 QRDC_13 :                      ' ' - |  QRDC_14 :                      ' ' - |
 QRDC_15 :                      'S' - |  QRDC_16 :                      'E' - |
 QRDC_17 :                      'C' - |  QRDC_18 :                      ':' - |
 QRDC_2 :                       'Z' - |  QRDC_3 :                       'Z' - |
 AS V1.42 Beta [Bld 297] - Source File edas4-as.asm - Page 78 - 3/30/2026 15:43:14


 QRDC_4 :                       'Z' - |  QRDC_5 :                       'Z' - |
 QRDC_6 :                       'Z' - |  QRDC_7 :                       ' ' - |
 QRDC_8 :                       ' ' - |  QRDC_9 :                       ' ' - |
 QRDC_A :                       ' ' - |  QRDC_B :                       'E' - |
 QRDC_C :                       'N' - |  QRDC_D :                       'D' - |
 QRDC_E :                       ':' - |  QRDC_F :                       ' ' - |
 QUIT :                        5122 C | *RAM :                         1800 - |
*RELAXED :                        0 - |  RENUM :                       498F C |
 RESOPT :                      4930 C |  REUSE :                       490A C |
*RIGHT :                          9 - | *ROM :                            0 - |
*RUBOUT :                        7F - |  SEARCH :                      49B4 C |
 SEC :                         538F C |  SETCU :                       4638 C |
 SETOPT :                      492A C | *SOIL :                        181A - |
*SPC :                           20 - |  SUB_4306 :                    4306 C |
 SUB_439F :                    439F C |  SUB_43AD :                    43AD C |
 SUB_43B1 :                    43B1 C |  SUB_43B5 :                    43B5 C |
 SUB_43C2 :                    43C2 C |  SUB_43EB :                    43EB C |
 SUB_4404 :                    4404 C |  SUB_441F :                    441F C |
 SUB_442B :                    442B C |  SUB_4435 :                    4435 C |
 SUB_4442 :                    4442 C |  SUB_444E :                    444E C |
 SUB_4459 :                    4459 C |  SUB_4466 :                    4466 C |
 SUB_4473 :                    4473 C |  SUB_4480 :                    4480 C |
 SUB_44A6 :                    44A6 C |  SUB_44D9 :                    44D9 C |
 SUB_453D :                    453D C |  SUB_456C :                    456C C |
 SUB_45F5 :                    45F5 C |  SUB_4623 :                    4623 C |
 SUB_4635 :                    4635 C |  SUB_4642 :                    4642 C |
 SUB_4647 :                    4647 C |  SUB_464F :                    464F C |
 SUB_4660 :                    4660 C |  SUB_4661 :                    4661 C |
 SUB_4663 :                    4663 C |  SUB_4694 :                    4694 C |
 SUB_4699 :                    4699 C |  SUB_46B2 :                    46B2 C |
 SUB_46BC :                    46BC C |  SUB_46BE :                    46BE C |
 SUB_47C6 :                    47C6 C |  SUB_486A :                    486A C |
 SUB_4875 :                    4875 C |  SUB_48B1 :                    48B1 C |
 SUB_48B6 :                    48B6 C |  SUB_48BE :                    48BE C |
 SUB_48C4 :                    48C4 C |  SUB_48D1 :                    48D1 C |
 SUB_48E1 :                    48E1 C |  SUB_48F5 :                    48F5 C |
 SUB_4A3A :                    4A3A C |  SUB_4B34 :                    4B34 C |
 SUB_4CAD :                    4CAD C |  SUB_4CB6 :                    4CB6 C |
 SUB_4D22 :                    4D22 C |  SUB_4D26 :                    4D26 C |
 SUB_4D34 :                    4D34 C |  SUB_4DCF :                    4DCF C |
 SUB_4FC0 :                    4FC0 C |  SUB_5073 :                    5073 C |
 SUB_515E :                    515E C |  SUB_5169 :                    5169 C |
 SUB_5180 :                    5180 C |  SUB_51BD :                    51BD C |
 SUB_5253 :                    5253 C |  SUB_5257 :                    5257 C |
 SUB_52CA :                    52CA C |  SUB_5303 :                    5303 C |
 SUB_533D :                    533D C |  SUB_5417 :                    5417 C |
 SUB_5440 :                    5440 C |  SV_INIT :                     5137 C |
 SV_RESTORE :                  5116 C |  SWAP :                        53A7 C |
*SYSSK :                       1856 - |  TASTE :                        7FA - |
 TASTEC :                      4FB4 C |  TEMP :                         "0" - |
*TIME :                  "15:43:14" - |  TRANS :                       5349 C |
*TRUE :                           1 - |  TTAB :                        506C C |
 UNK_1802 :                    1802 - |  UNK_400D :                    400D C |
 UNK_409D :                    409D - |  UNK_40A4 :                    40A4 - |
 UNK_40A8 :                    40A8 C |  UNK_40AA :                    40AA C |
 UNK_428F :                    428F C |  UNK_42DC :                    42DC C |
 UNK_42E4 :                    42E4 C |  UNK_42E8 :                    42E8 C |
 UNK_42EC :                    42EC C |  UNK_42F0 :                    42F0 C |
 UNK_42F4 :                    42F4 C |  UNK_543F :                    543F C |
 UNK_54C0 :                    54C0 - |  UNK_54FF :                    54FF - |
 AS V1.42 Beta [Bld 297] - Source File edas4-as.asm - Page 79 - 3/30/2026 15:43:14


 UNK_5504 :                    5504 - |  UNK_5515 :                    5515 - |
 UNK_551D :                    551D - |  UNK_552D :                    552D - |
 UNK_5530 :                    5530 - |  UNK_556E :                    556E - |
 UNK_556F :                    556F - |  UNK_5577 :                    5577 - |
 UNK_557A :                    557A - |  UNK_559B :                    559B - |
 UNK_559E :                    559E - |  UNK_55B4 :                    55B4 - |
 UNK_55F6 :                    55F6 - |  UNK_55FF :                    55FF - |
 UNK_5600 :                    5600 - |  UNK_6000 :                    6000 - |
*UP :                            0B - | *VERSION :                     142F - |
 VIEW :                        4987 C |  WARM :                        5110 C |
 WARM1 :                       4B8F C | *WARNRELATIVE :                   0 - |
 WERRORS :                     4D3D C |  WORD_54B0 :                   54B0 - |
 WORD_54B2 :                   54B2 - |  WORD_54B4 :                   54B4 - |
 WORD_54B6 :                   54B6 - |  WORD_54B8 :                   54B8 - |
 WORD_54BA :                   54BA - |  WORD_54BC :                   54BC - |
 WORD_54BE :                   54BE - |  WORD_550C :                   550C - |
 WORD_550E :                   550E - |  WORD_5510 :                   5510 - |
 WORD_5512 :                   5512 - |  WORD_5517 :                   5517 - |
 WORD_5519 :                   5519 - |  WORD_551B :                   551B - |
 WORD_5578 :                   5578 - |  WORD_557C :                   557C - |
 WORD_5582 :                   5582 - |  WORD_5585 :                   5585 - |
 WORD_5587 :                   5587 - |  WORD_5589 :                   5589 - |
 WORD_55F2 :                   55F2 - |

    518 symbols
     56 unused symbols

 AS V1.42 Beta [Bld 297] - Source File edas4-as.asm - Page 80 - 3/30/2026 15:43:14


  Defined Macros:
  ---------------

DBR{NOEXPAND,EXPREST}                 |

      1 macro

 AS V1.42 Beta [Bld 297] - Source File edas4-as.asm - Page 81 - 3/30/2026 15:43:14


  Defined Functions:
  ------------------

BWS                                   | LO                                   
HI                                    |

 AS V1.42 Beta [Bld 297] - Source File edas4-as.asm - Page 82 - 3/30/2026 15:43:14


  Code Pages:
  ----------

STANDARD (0 changed characters)

1 code page

0.05 seconds assembly time

   4259 lines source file
   4473 lines incl. macro expansions
      2 passes
      0 errors
      0 warnings
