 AS V1.42 Beta [Bld 297] - Source File picoedas4-as.asm - Page 1 - 4/1/2026 15:28:38


       1/   0 :                         ; reass. VPohlers 2026 / last 30.03.2026 
       2/   0 :                         
       3/   0 :                         ; VERSION c:\MyUser\hobby3\ac1-2010\edas\picoedas\picoEDAS4.z80
       4/   0 :                         ; R. Weidlich Anpassung an MONX + kleine Erweiterungen
       5/   0 :                         
       6/   0 :                         		cpu	z80
       7/   0 :                         
       8/   0 :                         		;include	ac1-acc.asm
       9/   0 :                         		include	ac1-monx.asm
(1)    1/   0 :                         ;------------------------------------------------------------------------------
(1)    2/   0 :                         ;AC1-pico include-Datei
(1)    3/   0 :                         ;Volker Pohlers, Neustadt i.H., 09.03.2024
(1)    4/   0 :                         ;------------------------------------------------------------------------------
(1)    5/   0 :                         
(1)    6/   0 :                         
(1)    7/   0 :                         ;------------------------------------------------------------------------------
(1)    8/   0 :                         ; Makros
(1)    9/   0 :                         ;------------------------------------------------------------------------------
(1)   10/   0 :                         
(1)   11/   0 :                         hi              function x, (x>>8) & 0ffh	; High-Byte
(1)   12/   0 :                         lo              function x, x & 0ffh		; Low-Byte
(1)   13/   0 :                         ; bws(zeile 0..31, spalte 0..63) analog print_at
(1)   14/   0 :                         bws		function z, s, 17FFh-z*64-s
(1)   15/   0 :                         
(1)   16/   0 :                         ;reverse db via locals
(1)   17/   0 :                         dbr		MACRO	name,{NOEXPAND},{EXPREST}
(1)   18/   0 :                         qcnt		eval	0
(1)   19/   0 :                         		irpc	x,name
(1)   20/   0 :                         temp		eval	"\{qcnt}"
(1)   21/   0 :                         qrdc_{temp}	eval 	'x'
(1)   22/   0 :                         qcnt		eval	qcnt+1
(1)   23/   0 :                         		endm
(1)   24/   0 :                         		rept	qcnt
(1)   25/   0 :                         qcnt		eval	qcnt-1
(1)   26/   0 :                         temp		eval	"\{qcnt}"
(1)   27/   0 :                         		DB	qrdc_{temp}
(1)   28/   0 :                         		endm
(1)   29/   0 :                         		endm
(1)   30/   0 :                         ;	dbr "TEST"
(1)   31/   0 :                         
(1)   32/   0 :                         ;------------------------------------------------------------------------------
(1)   33/   0 :                         ; Speicheradressen
(1)   34/   0 :                         ;------------------------------------------------------------------------------
(1)   35/   0 :                         
(1)   36/   0 : =0H                     ROM		equ	0000h
(1)   37/   0 : =800H                   BASIC		equ	0800h
(1)   38/   0 : =1000H                  BWS		equ	1000h
(1)   39/   0 : =1800H                  RAM		equ	1800h
(1)   40/   0 :                         ; BWS
(1)   41/   0 : =40H                    COLS		equ	64
(1)   42/   0 : =20H                    LINES		equ	32
(1)   43/   0 :                         ; 01000H Bildschirmende (rechts unten !!)
(1)   44/   0 :                         ; 017FFH Bildschirmanfang (links oben !!)
(1)   45/   0 :                         
(1)   46/   0 : =1800H                  cupos:		equ	1800h		; Cursorposition (Adr im RAM)
(1)   47/   0 : =1802H                  jp_rst08:	equ	1802h		; jp	rinch
(1)   48/   0 : =1805H                  jp_rst10:	equ	1805h		; jp	routch
(1)   49/   0 : =1808H                  jp_rst18:	equ	1808h		; jp	rprnst
(1)   50/   0 : =180BH                  jp_rst20:	equ	180Bh		; jp	0FFFFh
(1)   51/   0 : =180EH                  jp_rst28:	equ	180Eh		; jp	0FFFFh
 AS V1.42 Beta [Bld 297] - Source File picoedas4-as.asm(ac1-monx.asm) - Page 2 - 4/1/2026 15:28:38


(1)   52/   0 : =1811H                  jp_rst30:	equ	1811h		; jp	0FFFFh
(1)   53/   0 : =1814H                  jp_rst38:	equ	1814h		; jp	rError
(1)   54/   0 : =1817H                  jp_nmi:		equ	1817h		; jp NMI-Routine
(1)   55/   0 : =181AH                  soil:		equ	181Ah		; Beginn Eingabezeile
(1)   56/   0 : =1856H                  syssk:		equ	1856h		; System-Stack
(1)   57/   0 : =1858H                  data:		equ	1858h		; interner Speicher f. Monitor
(1)   58/   0 : =185BH                  ARG1:		equ	185Bh		; Kdo-Argument 1
(1)   59/   0 : =185DH                  ARG2:		equ	185Dh		; Kdo-Argument 2
(1)   60/   0 : =185FH                  ARG3:		equ	185Fh		; Kdo-Argument 3
(1)   61/   0 :                         
(1)   62/   0 :                         ; erw. picoAC1 ->  ORG  1880H
(1)   63/   0 :                         ; Systemzellen der pico-Erw.
(1)   64/   0 :                         ; nicht direkt zugreifen ! --> FGETSY OFFS in HL!
(1)   65/   0 :                         
(1)   66/   0 : =0H                     FRESCO EQU 0    ;Fehlercode ext. Save/Load
(1)   67/   0 : =2H                     FLEN   EQU 2    ;Laenge des Speicherblocks
(1)   68/   0 : =4H                     FPOS   EQU 4    ;Position des akt Zeichens
(1)   69/   0 : =6H                     FRESV  EQU 6    ;Reserve fuer Erweiterung
(1)   70/   0 : =8H                     FTYPE  EQU 8    ;Filetyp
(1)   71/   0 : =9H                     BUFLEN EQU 9    ;max Textpuffer
(1)   72/   0 : =0AH                    TXTBUF EQU 10 	;Textpuffer (Name)
(1)   73/   0 : =19H                    FCSUM  EQU 19h   ;Zwischenerg.CSum
(1)   74/   0 :                         
(1)   75/   0 :                         
(1)   76/   0 :                         ;------------------------------------------------------------------------------
(1)   77/   0 :                         ; I/O-Adressen
(1)   78/   0 :                         ;------------------------------------------------------------------------------
(1)   79/   0 :                         
(1)   80/   0 : =0H                     CTC0		equ	0
(1)   81/   0 : =1H                     CTC1		equ	1
(1)   82/   0 : =2H                     CTC2		equ	2
(1)   83/   0 : =3H                     CTC3		equ	3
(1)   84/   0 :                         
(1)   85/   0 : =4H                     PIODA		equ	4		; Tastatur
(1)   86/   0 : =5H                     PIODB		equ	5		; Grafik/Ton
(1)   87/   0 : =6H                     PIOCA		equ	6
(1)   88/   0 : =7H                     PIOCB		equ	7
(1)   89/   0 :                         
(1)   90/   0 : =8H                     PIO2DA		equ	8
(1)   91/   0 : =9H                     PIO2DB		equ	9
(1)   92/   0 : =0AH                    PIO2CA		equ	0Ah
(1)   93/   0 : =0BH                    PIO2CB		equ	0Bh
(1)   94/   0 :                         
(1)   95/   0 : =1EH                    cpmumsch	equ	1Eh		; Bit0=1 64K RAM aktiv
(1)   96/   0 :                         
(1)   97/   0 :                         ;------------------------------------------------------------------------------
(1)   98/   0 :                         ; Monitor-Funktionen
(1)   99/   0 :                         ;------------------------------------------------------------------------------
(1)  100/   0 :                         ;
(1)  101/   0 :                         
(1)  102/   0 :                         ; allg. AC1
(1)  103/   0 : =8H                     inch		equ	0008h
(1)  104/   0 : =10H                    outch		equ	0010h
(1)  105/   0 : =18H                    prnst		equ	0018h
(1)  106/   0 :                         
(1)  107/   0 : =7EBH                   MS30		equ	07EBh		; 30 ms	warten
(1)  108/   0 : =7EEH                   OUTHEX		equ	07EEh		; Ausgabe A  hexadezimal
(1)  109/   0 : =7F1H                   OUTHL		equ	07F1h		; Ausgabe HL hexadezimal
(1)  110/   0 : =7F4H                   INLINE		equ	07F4h		; Zeile	eingeben, Adr steht in soil
(1)  111/   0 : =7F7H                   INHEX		equ	07F7h		; konv.	ASCII-Hex ab (DE) abwärts nach HL
 AS V1.42 Beta [Bld 297] - Source File picoedas4-as.asm(ac1-monx.asm) - Page 3 - 4/1/2026 15:28:38


(1)  112/   0 : =7FAH                   TASTE		equ	07FAh		; testet den Tastaturstatus, ret Z=1 keine Taste, sonst	A=Code
(1)  113/   0 : =7FDH                   GETCO1		equ	07FDh		; Sprung zur Monitoreingabeschleife
(1)  114/   0 :                         
(1)  115/   0 :                         ; picoac1 monx
(1)  116/   0 :                         
(1)  117/   0 : =0FFEH                  pico		equ	0FFEH		; Kennung picoAC1 ( = 'pi')
(1)  118/   0 : =800H                   monx_version	equ	0800h		; Ausgabe Versionsstring f.Ueberschrift
(1)  119/   0 :                         
(1)  120/   0 :                         ; Sprungverteiler Monitorerweiterung -------
(1)  121/   0 :                         
(1)  122/   0 :                         ; Sprungverteiler V1.0.3
(1)  123/   0 : =810H                   CLRBUF		EQU  0810H		;Namebuffer loeschen
(1)  124/   0 : =813H                   FGETSY		EQU  0813H		;Re:Zeiger auf SysRAM
(1)  125/   0 : =816H                   GETTXT		EQU  0816H		;EingabeTxt ab SOIL v.BWS
(1)  126/   0 : =819H                   GETTX0		EQU  0819H		;EingabeTxt ab HL vom BWS
(1)  127/   0 : =81CH                   PRNTXA		EQU  081CH		;A -> Druckdatei
(1)  128/   0 : =81FH                   CRC16		EQU  081FH		;CRC-Summe Speicherbereic
(1)  129/   0 : =822H                   FOPENW		EQU  0822H		;ext. Datei open write
(1)  130/   0 : =825H                   FCHRW		EQU  0825H		;Byte in ext.Datei schr.
(1)  131/   0 : =828H                   FBLKW		EQU  0828H		;Speicheblock in ext.schr
(1)  132/   0 : =82BH                   FOPENR		EQU  082BH		;ext.Datei open	read
(1)  133/   0 : =82EH                   FCHRR		EQU  082EH		;Byte aus ext.Datei lesen
(1)  134/   0 : =831H                   FBLKR		EQU  0831H		;Speicherblock lesen
(1)  135/   0 : =834H                   FGETRE		EQU  0834H		;ResCode FileOP	Z/0000=Ok
(1)  136/   0 : =837H                   VERSTR		EQU  0837H		;Ausgabe Versionsstr.
(1)  137/   0 : =83AH                   FGETLS		EQU  083AH		;Anforderung Dateiliste
(1)  138/   0 : =83DH                   FGETDR		EQU  083DH		;Anforderung Verz.liste
(1)  139/   0 : =840H                   GETIME		EQU  0840H		;Zeit ->ARG1..3
(1)  140/   0 :                         ; ZCOM - low level
(1)  141/   0 : =843H                   PICOMW		EQU  0843H		;Verbindung oeffnen
(1)  142/   0 : =846H                   WRBYTE		EQU  0846H		;Byte in ZCOM schreiben
(1)  143/   0 : =849H                   RDSYNC		EQU  0849H		;Antwort pIO synchronis.
(1)  144/   0 : =84CH                   RDBYTE		EQU  084CH		;Byte v. ZCOM abholen
(1)  145/   0 : =84FH                   WRHDRX		EQU  084FH		;Zeichenkette (BWS)->ZCOM
(1)  146/   0 :                         
(1)  147/   0 :                         ;------------------------------------------------------------------------------
(1)  148/   0 :                         ; Zeichen
(1)  149/   0 :                         ;------------------------------------------------------------------------------
(1)  150/   0 :                         
(1)  151/   0 :                         ; ac1
(1)  152/   0 : =8H                     BS		equ	08h		; backspace
(1)  153/   0 : =0CH                    CLS		equ	0Ch		; Bildschirm löschen
(1)  154/   0 : =0DH                    CR		equ	0Dh		; neue Zeile	(co: NL, = CR+LF)
(1)  155/   0 : =20H                    SPC		EQU	20H		; Leerzeichen
(1)  156/   0 :                         
(1)  157/   0 :                         ; ac1 BASIC 1.1
(1)  158/   0 : =8H                     LEFT:		equ 	08h		; Kursor nach links
(1)  159/   0 : =9H                     RIGHT:		equ 	09h		; Kursor nach rechts
(1)  160/   0 :                         ;DOWN:		equ 	0Ah		; Kursor nach unten
(1)  161/   0 :                         ;UP:		equ 	0Bh		; Kursor nach oben
(1)  162/   0 :                         
(1)  163/   0 :                         ; EDIT 4.1 FA 07+08/87
(1)  164/   0 :                         
(1)  165/   0 :                         ; -Cursorfunktionen: backspace      Ø8H (64AFH)
(1)  166/   0 :                         ;                    horizontal tab.Ø9H (64B4H)
(1)  167/   0 :                         ;                    line feed      ØAH (64B9H)
(1)  168/   0 :                         ;                    vertical tab.  ØBH (64BEH)
(1)  169/   0 :                         ;                    carriage ret.  14H (64C7H)
(1)  170/   0 :                         ;
(1)  171/   0 :                         ;                    carriage ret.
 AS V1.42 Beta [Bld 297] - Source File picoedas4-as.asm(ac1-monx.asm) - Page 4 - 4/1/2026 15:28:38


(1)  172/   0 :                         ;                    +line feed     ØDH (64AAH)
(1)  173/   0 :                         ;
(1)  174/   0 :                         ;                    vertical tab.  17H (64DCH)
(1)  175/   0 :                         ;                    (zum naechsten
(1)  176/   0 :                         ;                     Wort  in  der
(1)  177/   0 :                         ;                     darueber lie-
(1)  178/   0 :                         ;                     genden Zeile)
(1)  179/   0 :                         ;
(1)  180/   0 :                         ; -Zeichen           einfuegen      Ø5H (64E1H)
(1)  181/   0 :                         ;                    loeschen       13H (64E6H)
(1)  182/   0 :                         ;
(1)  183/   0 :                         ; -Zeile             einfuegen      Ø1H (64D2H)
(1)  184/   0 :                         ;                    loeschen       Ø2H (64CDH;6616H)
(1)  185/   0 :                         ;
(1)  186/   0 :                         ; -Bild rollen       nach oben      11H (64C3H)
(1)  187/   0 :                         ;                    nach unten     15H (64C8H)
(1)  188/   0 :                         ;
(1)  189/   0 :                         ; -Ruecksprung ins   Menu           Ø3H (64EBH;6457H)
(1)  190/   0 :                         ;                                             (+BIT7)
(1)  191/   0 :                         ;
(1)  192/   0 :                         ; -Shiftarretierung                 12H (6445H;6453H)
(1)  193/   0 :                         ;                                       (  +Bit 7   )
(1)  194/   0 :                         
(1)  195/   0 :                         ; CPM 1.5 FA
(1)  196/   0 :                         
(1)  197/   0 :                         ; Bildschirm-Steuerzeichen, SCP-kompatibel
(1)  198/   0 :                         ; 00h            NOP (keine Wirkung)
(1)  199/   0 :                         ; 01h            Cursor links oben (home)
(1)  200/   0 :                         ; 07h            akustisches  Zeichen an  Tastatur
(1)  201/   0 :                         ; 08h            Cursor zurueck
(1)  202/   0 :                         ; 0ah            Linefeed (neue Zeile)
(1)  203/   0 :                         ; 0ch            Bildschirm  loeschen (verzoegert zum Lesen  der
(1)  204/   0 :                         ;                zuletzt ausgegebenen Bildschirmzeilen), Cursor
(1)  205/   0 :                         ;                links oben
(1)  206/   0 :                         ; 0dh            Carriage Return (an Zeilenanfang)
(1)  207/   0 :                         ; 14h            Rest des Bildschirms loeschen
(1)  208/   0 :                         ; 15h            Cursor nach rechts
(1)  209/   0 :                         ; 16h            Rest der Zeile loeschen
(1)  210/   0 :                         ; 18h            Zeile loeschen, Cursor an Zeiilenanfang
(1)  211/   0 :                         ; 1ah            Cursor eine Zeile hoch
(1)  212/   0 :                         ; 1bh            Einleitung  Cursorpositionierfolge, die naech-
(1)  213/   0 :                         ;                sten beiden Bytes beinhalten Zeile und  Spalte
(1)  214/   0 :                         ;                Offset 00h oder 80h
(1)  215/   0 :                         ; 7fh            Delete (streichen Zeichen links vom Kursor)
(1)  216/   0 :                         
      10/   0 :                         ;System
      11/   0 :                         ; ARG1:
      12/   0 :                         ; ARG2:
      13/   0 :                         ; ARG3:
      14/   0 :                         ; GETCO1:
      15/   0 :                         ; MS30:
      16/   0 :                         ; OUTHEX:
      17/   0 :                         ; OUTHL:
      18/   0 :                         ; TASTE:
      19/   0 :                         ; cupos:
      20/   0 :                         ; data:
      21/   0 :                         
      22/   0 :                         ; EDAS arbeitet viel mit fixen Adressen im BWS-Speicher!
      23/   0 :                         ; Beachte, dass beim AC1 der BWS-Speicher rückwärts zu nutzen ist.
      24/   0 :                         
 AS V1.42 Beta [Bld 297] - Source File picoedas4-as.asm - Page 5 - 4/1/2026 15:28:38


      25/   0 :                         
      26/   0 : =1802H                  unk_1802:	equ	1802h		; Adr. Sprungverteiler Monitor
      27/   0 :                         
      28/   0 :                         
      29/4000 :                         		org 4000h		; picoEDAS4
      30/4000 :                         		;org C000h		; picoEDASC
      31/4000 :                         
      32/4000 : C3 45 4B                loc_4000:	jp	COLD
      33/4003 : C3 3F 4B                		jp	WARM
      34/4006 :                         ; Defaultwerte
      35/4006 :                         ; Bereich wird nach 5500h kopiert (30h Bytes)
      36/4006 : 00 60                   off_4006:	dw txtbuffer		; BUFBEG	Editierpufferanfang
      37/4008 : FF BF                   		dw 0BFFFh		; BUFEND	Editierpufferende
      38/400A :                         		;;jp	MS30		; unk_5504	JP Druckerausgabe (Zeichen in A)
      39/400A : C3 1C 08                		jp 081Ch
      40/400D :                         ;unk_400D-unk_543F unveränderlicher Programmbereich (CHKSUM)
      41/400D : 00                      unk_400D:	db    0              	; byte_5507	Assembleroptionen
      42/400E : 00                      		db    0                 ; byte_5508	Ausgabeverzögerung Druck
      43/400F : 00                      		db    0			; byte_5509	Ausgabeverzögerung BWS
      44/4010 : 00 00                   		dw    0                 ; mc_ofs	offset for code generation
      45/4012 : FF FF                   		dw 0FFFFh               ; word_550C	MC-Adr.
      46/4014 : FF FF                   		dw 0FFFFh               ; word_550E	ENT-Adresse
      47/4016 : 00 00                   		dw    0                 ; word_5510	Zeilennummer
      48/4018 : 00 00                   		dw    0                 ; word_5512	ausgegebene Zeilennummer
      49/401A : 19                      		db  25                  ; byte_5514	Seitengröße auf Bildschirm
      50/401B : 36 40                   		dw kdotab               ; unk_5515
      51/401D : C0 40                   		dw unk_40AA             ; word_5517	Parse Tree Mnemonics
      52/401F : A5 42                   		dw unk_428F             ; word_5519	Parse Tree Register
      53/4021 : 0A 43                   		dw unk_42F4             ; word_551B	Tokenklassen Register,Flags
      54/4023 : 91                      		db  91h		        ; unk_551D	Zeichenklassen Spezialzeichen
      55/4024 : 20                      		db  ' '	        	; 551E
      56/4025 : 2C                      		db  ','	        	; 551F
      57/4026 : 98                      		db  98h		        ; 5520
      58/4027 : 3B                      		db  ';'	        	; 5521		Kommentar
      59/4028 : 00                      		db    0 	        ; 5522		Zeilenende
      60/4029 : 82                      		db  82h		        ; 5523
      61/402A : 2B                      		db  '+'	        	; 5524
      62/402B : 29                      		db  ')'	        	; 5525
      63/402C : 27                      		db  '\''          	; 5526
      64/402D : C0                      		db 0C0h		        ; 5527
      65/402E : 24                      		db  '$'	        	; 5528
      66/402F : A0                      		db 0A0h		        ; 5529
      67/4030 : 23                      		db  '#'	        	; 552A
      68/4031 : 22                      		db  '"'	        	; 552B
      69/4032 : 80                      		db  80h		        ; 552C		sonstiges
      70/4033 : 00                      		db    0 	        ; unk_552D	das aktuelles Zeichen
      71/4034 :                         		;
      72/4034 : A0                      		db 0A0h		        ; 552E
      73/4035 : A0                      		db 0A0h		        ; 552F
      74/4036 :                         ; Ende Defaultwerte
      75/4036 :                         
      76/4036 : 56                      kdotab:		db 'V'
      77/4037 : 8F 49                   		dw VIEW
      78/4039 : 4D                      		db 'M'
      79/403A : EB 51                   		dw MARK
      80/403C : 51                      		db 'Q'
      81/403D : 35 51                   		dw QUIT
      82/403F : 52                      		db 'R'
      83/4040 : 97 49                   		dw RENUM
      84/4042 : 4F                      		db 'O'
 AS V1.42 Beta [Bld 297] - Source File picoedas4-as.asm - Page 6 - 4/1/2026 15:28:38


      85/4043 : 35 49                   		dw OPTIONS
      86/4045 : 41                      		db 'A'
      87/4046 : 08 54                   		dw ASSEMBLE
      88/4048 : 46                      		db 'F'
      89/4049 : D9 49                   		dw FIND
      90/404B : 58                      		db 'X'
      91/404C : 2F 4A                   		dw KILL
      92/404E : 5A                      		db 'Z'
      93/404F : 0B 4A                   		dw CORRECT
      94/4051 : 49                      		db 'I'
      95/4052 : 15 4B                   		dw INUM
      96/4054 : 50                      		db 'P'
      97/4055 : 84 49                   		dw PUT
      98/4057 :                         ;;		db 'Q'
      99/4057 :                         ;;		dw loc_4B2E			; error 99 illegal command
     100/4057 : 48                      		db 'H'
     101/4058 : 3F 49                   		dw HEIGHT
     102/405A : 2B                      		db '+'
     103/405B : 28 49                   		dw SETOPT
     104/405D : 2D                      		db '-'
     105/405E : 2E 49                   		dw RESOPT
     106/4060 : 57                      		db 'W'
     107/4061 : 4C 4D                   		dw WERRORS
     108/4063 : 4A                      		db 'J'
     109/4064 : 7A 49                   		dw DELAY
     110/4066 : 4B                      		db 'K'
     111/4067 : 7F 49                   		dw PDELAY
     112/4069 : 47                      		db 'G'
     113/406A : 48 49                   		dw GO
     114/406C : 59                      		db 'Y'
     115/406D : 08 49                   		dw REUSE
     116/406F : 2F                      		db '/'
     117/4070 : BC 49                   		dw SEARCH
     118/4072 : 4E                      		db 'N'
     119/4073 : 36 52                   		dw NNUM
     120/4075 : 43                      		db 'C'
     121/4076 : 79 52                   		dw MOVE
     122/4078 : 54                      		db 'T'
     123/4079 : 5C 53                   		dw TRANS
     124/407B : 53                      		db 'S'
     125/407C : A2 53                   		dw SEC
     126/407E : 45                      		db 'E'
     127/407F : BA 53                   		dw SWAP
     128/4081 :                         		;
     129/4081 : 3F                      		db  '?'
     130/4082 : 8B 57                   		dw E_HELP
     131/4084 : 6C                      		db  'l'
     132/4085 : 93 54                   		dw E_LOAD
     133/4087 : 73                      		db  's'
     134/4088 : D5 55                   		dw E_SAVE
     135/408A : 42                      		db  'B'
     136/408B : 96 56                   		dw E_MCSAV
     137/408D : 44                      		db  'D'
     138/408E : 3F 57                   		dw E_BUFEND
     139/4090 : 00                      		db    0
     140/4091 :                         ;
     141/4091 :                         
     142/4091 :                         		;dbr "FREE:      END:      SEC:"
     143/4091 : 3A 54 50 4F 20 20 20 20 		db ':TPO     :CES     :DNE          :IERF'
         4099 : 20 3A 43 45 53 20 20 20
 AS V1.42 Beta [Bld 297] - Source File picoedas4-as.asm - Page 7 - 4/1/2026 15:28:38


         40A1 : 20 20 3A 44 4E 45 20 20
         40A9 : 20 20 20 20 20 20 20 20
         40B1 : 3A 49 45 52 46         
     144/40B6 : =40B5H                  unk_409D:	equ	$-1
     145/40B6 : (MACRO)[0]              		dbr	"ZZZZZZZ"
     145/40B6 : =0H                     qcnt            eval    0
     145/40B6 : ="0"                    temp            eval    "\{qcnt}"
     145/40B6 : ='Z'                    qrdc_{temp}     eval    'Z'
     145/40B6 : =1H                     qcnt            eval    qcnt+1
     145/40B6 : ="1"                    temp            eval    "\{qcnt}"
     145/40B6 : ='Z'                    qrdc_{temp}     eval    'Z'
     145/40B6 : =2H                     qcnt            eval    qcnt+1
     145/40B6 : ="2"                    temp            eval    "\{qcnt}"
     145/40B6 : ='Z'                    qrdc_{temp}     eval    'Z'
     145/40B6 : =3H                     qcnt            eval    qcnt+1
     145/40B6 : ="3"                    temp            eval    "\{qcnt}"
     145/40B6 : ='Z'                    qrdc_{temp}     eval    'Z'
     145/40B6 : =4H                     qcnt            eval    qcnt+1
     145/40B6 : ="4"                    temp            eval    "\{qcnt}"
     145/40B6 : ='Z'                    qrdc_{temp}     eval    'Z'
     145/40B6 : =5H                     qcnt            eval    qcnt+1
     145/40B6 : ="5"                    temp            eval    "\{qcnt}"
     145/40B6 : ='Z'                    qrdc_{temp}     eval    'Z'
     145/40B6 : =6H                     qcnt            eval    qcnt+1
     145/40B6 : ="6"                    temp            eval    "\{qcnt}"
     145/40B6 : ='Z'                    qrdc_{temp}     eval    'Z'
     145/40B6 : =7H                     qcnt            eval    qcnt+1
     145/40B6 : =6H                     qcnt            eval    qcnt-1
     145/40B6 : ="6"                    temp            eval    "\{qcnt}"
     145/40B6 : 5A                                      DB      qrdc_{temp}
     145/40B7 : =5H                     qcnt            eval    qcnt-1
     145/40B7 : ="5"                    temp            eval    "\{qcnt}"
     145/40B7 : 5A                                      DB      qrdc_{temp}
     145/40B8 : =4H                     qcnt            eval    qcnt-1
     145/40B8 : ="4"                    temp            eval    "\{qcnt}"
     145/40B8 : 5A                                      DB      qrdc_{temp}
     145/40B9 : =3H                     qcnt            eval    qcnt-1
     145/40B9 : ="3"                    temp            eval    "\{qcnt}"
     145/40B9 : 5A                                      DB      qrdc_{temp}
     145/40BA : =2H                     qcnt            eval    qcnt-1
     145/40BA : ="2"                    temp            eval    "\{qcnt}"
     145/40BA : 5A                                      DB      qrdc_{temp}
     145/40BB : =1H                     qcnt            eval    qcnt-1
     145/40BB : ="1"                    temp            eval    "\{qcnt}"
     145/40BB : 5A                                      DB      qrdc_{temp}
     145/40BC : =0H                     qcnt            eval    qcnt-1
     145/40BC : ="0"                    temp            eval    "\{qcnt}"
     145/40BC : 5A                                      DB      qrdc_{temp}
     146/40BD : =40BCH                  unk_40A4:	equ	$-1
     147/40BD :                         ;
     148/40BD : 20                      		db  20h
     149/40BE : FF                      		db 0FFh
     150/40BF : FF                      		db 0FFh
     151/40C0 :                         
     152/40C0 :                         ; Bereich unk_40A8..unk_42F4 entspricht unverändert ZEAP20
     153/40C0 :                         ;---------------------------------------
     154/40C0 :                         ;
     155/40C0 :                         ;;unk_40A8:	db  75h
     156/40C0 :                         ;;		db    0
     157/40C0 :                         
 AS V1.42 Beta [Bld 297] - Source File picoedas4-as.asm - Page 8 - 4/1/2026 15:28:38


     158/40C0 :                         ; Parsebaum Mnemonics
     159/40C0 :                         ; 1. Byte letze drei Bit Scanposition
     160/40C0 :                         ; 	b7 special code
     161/40C0 :                         ;	b4 prefix byte ed
     162/40C0 :                         ;	b3 prefix byte cb
     163/40C0 :                         ;	b2..b0 scan position
     164/40C0 :                         ; zu scannende Token (Zeichen und Zeichenklassen)
     165/40C0 :                         ; bis zu gesetztem Bit 8
     166/40C0 :                         ; dann folgt 1 Byte Code
     167/40C0 :                         ; Ende Baum mit 0
     168/40C0 :                         
     169/40C0 : 80                      unk_40AA:	db  80h
     170/40C1 : 00                      		db    0
     171/40C2 :                         		; L
     172/40C2 : 01                      		db    1			; LD A,r
     173/40C3 : 4C                      		db  4Ch	; L
     174/40C4 : 44                      		db  44h	; D
     175/40C5 : 60                      		db  60h	; reg A
     176/40C6 : 83                      		db  83h	; r
     177/40C7 : 78                      		db  78h	; code ld a,b
     178/40C8 :                         		;
     179/40C8 : 04                      		db    4	 		; LD A,n
     180/40C9 : F4                      		db 0F4h	; n
     181/40CA : 3E                      		db  3Eh	; code ld a,n
     182/40CB :                         		;
     183/40CB : 04                      		db    4			; LD A,(BC)
     184/40CC : B1                      		db 0B1h ; (BC)
     185/40CD : 0A                      		db  0Ah	; code ld a,(bc)
     186/40CE :                         		;
     187/40CE : 04                      		db    4			; LD A,(DE)
     188/40CF : E5                      		db 0E5h	; (DE)
     189/40D0 : 1A                      		db  1Ah	; code ld a,(de)
     190/40D1 :                         		;
     191/40D1 : 04                      		db    4			; LD A,(NN)
     192/40D2 : F3                      		db 0F3h	; (nn)
     193/40D3 : 3A                      		db  3Ah	; ld a,(nn)
     194/40D4 :                         		;
     195/40D4 : 14                      		db  14h ; ed,4 		; LD A,I
     196/40D5 : EC                      		db 0ECh ; reg I
     197/40D6 : 57                      		db  57h ; code ld a,i ed 57
     198/40D7 :                         		;
     199/40D7 : 14                      		db  14h ; ed,4 		; LD A,R
     200/40D8 : EE                      		db 0EEh	; reg R
     201/40D9 : 5F                      		db  5Fh ; code ld a,r ed 5f
     202/40DA :                         		;
     203/40DA : 03                      		db    3 		; LD r,r'
     204/40DB : 00                      		db    0	; r
     205/40DC : 83                      		db  83h	; r'
     206/40DD : 40                      		db  40h	; code LD B,B
     207/40DE :                         		;
     208/40DE : 04                      		db    4			; LD r,n
     209/40DF : F4                      		db 0F4h ; n
     210/40E0 : 06                      		db    6	; code ld b,n
     211/40E1 :                         		;
     212/40E1 : 03                      		db    3			; LD HL,addr
     213/40E2 : 62                      		db  62h	; HL
     214/40E3 : F2                      		db 0F2h	; addr
     215/40E4 : 21                      		db  21h	; code ld hl,nn
     216/40E5 :                         		;
     217/40E5 : 04                      		db    4			; LD HL,(addr)
 AS V1.42 Beta [Bld 297] - Source File picoedas4-as.asm - Page 9 - 4/1/2026 15:28:38


     218/40E6 : F3                      		db 0F3h	; (addr)
     219/40E7 : 2A                      		db  2Ah	; code ld hl,(nn)
     220/40E8 :                         		;
     221/40E8 : 03                      		db    3			; LD SP,addr
     222/40E9 : 6A                      		db  6Ah	; SP
     223/40EA : F2                      		db 0F2h	; addr
     224/40EB : 31                      		db  31h	; code ld sp,nn
     225/40EC :                         		;
     226/40EC : 04                      		db    4			; LD SP,HL
     227/40ED : E2                      		db 0E2h	; HL
     228/40EE : F9                      		db 0F9h	; code ld sp,hl
     229/40EF :                         		;
     230/40EF : 14                      		db  14h	; ed,4		; LD SP,(addr)
     231/40F0 : F3                      		db 0F3h	; (addr)
     232/40F1 : 7B                      		db  7Bh	; code ed 7b
     233/40F2 :                         		;
     234/40F2 : 03                      		db    3			; LD rr,addr
     235/40F3 : 0C                      		db  0Ch	; rr
     236/40F4 : F2                      		db 0F2h	; addr
     237/40F5 : 01                      		db    1	; code ld bc,nn
     238/40F6 :                         		;
     239/40F6 : 14                      		db  14h	; ed,4		; LD rr,(addr)
     240/40F7 : F3                      		db 0F3h	; (addr)
     241/40F8 : 4B                      		db  4Bh	; code ed 4b ld bc,(nn)
     242/40F9 :                         		;
     243/40F9 : 03                      		db    3			; LD (addr),hl
     244/40FA : 73                      		db  73h	; (addr)
     245/40FB : E2                      		db 0E2h	; HL
     246/40FC : 22                      		db  22h	; code ld (nn),hl
     247/40FD :                         		;
     248/40FD : 14                      		db  14h	; ed,4		; LD (addr),rr
     249/40FE : 8C                      		db  8Ch	; rr
     250/40FF : 43                      		db  43h	; code ld (nn),bc ed 43
     251/4100 :                         		;
     252/4100 : 04                      		db    4			; LD (addr),A
     253/4101 : E0                      		db 0E0h	; A
     254/4102 : 32                      		db  32h	; code ld (nn),a
     255/4103 :                         		;
     256/4103 : 03                      		db    3			; LD (BC),A
     257/4104 : 31                      		db  31h	; (bc)
     258/4105 : E0                      		db 0E0h	; A
     259/4106 : 02                      		db    2	; code ld (bc),a
     260/4107 :                         		;
     261/4107 : 03                      		db    3			; LD (DE),a
     262/4108 : 65                      		db  65h	; (de)
     263/4109 : E0                      		db 0E0h	; A
     264/410A : 12                      		db  12h	; code LD (DE),A
     265/410B :                         		;
     266/410B : 13                      		db  13h	; ed,3		; LDI
     267/410C : C9                      		db 0C9h	; I
     268/410D : A0                      		db 0A0h	; code ed a0
     269/410E :                         		;
     270/410E : 14                      		db  14h	; ed,4		; LDIR
     271/410F : D2                      		db 0D2h	; R
     272/4110 : B0                      		db 0B0h	; code ed b0
     273/4111 :                         		;
     274/4111 : 13                      		db  13h	; ed,3		; LDD
     275/4112 : C4                      		db 0C4h	; D
     276/4113 : A8                      		db 0A8h; code ed a8
     277/4114 :                         		;
 AS V1.42 Beta [Bld 297] - Source File picoedas4-as.asm - Page 10 - 4/1/2026 15:28:38


     278/4114 : 14                      		db  14h	; ed,4		; LDDR
     279/4115 : D2                      		db 0D2h	; R
     280/4116 : B8                      		db 0B8h; code ed b8
     281/4117 :                         		;
     282/4117 : 13                      		db  13h	; ed,3		; LD I,A
     283/4118 : 6C                      		db  6Ch	; reg I
     284/4119 : E0                      		db 0E0h	; reg A
     285/411A : 47                      		db  47h	; code ed 47
     286/411B :                         		;
     287/411B : 13                      		db  13h	; ed,3		; LD R,A
     288/411C : 6E                      		db  6Eh	; reg R
     289/411D : E0                      		db 0E0h	; reg A
     290/411E : 4F                      		db  4Fh	; code ed 4f
     291/411F :                         		; J
     292/411F : 01                      		db    1			; JR ofs
     293/4120 : 4A                      		db  4Ah	; J
     294/4121 : 52                      		db  52h	; R
     295/4122 : F8                      		db 0F8h	; ofs
     296/4123 : 18                      		db  18h	; code jr
     297/4124 :                         		;
     298/4124 : 03                      		db    3			; JR flg,ofs
     299/4125 : 09                      		db    9	; flag
     300/4126 : F8                      		db 0F8h	; ofs
     301/4127 : 20                      		db  20h	; code jr nz
     302/4128 :                         		;
     303/4128 : 02                      		db    2			; JP addr
     304/4129 : 50                      		db  50h	; P
     305/412A : F2                      		db 0F2h ; addr
     306/412B : C3                      		db 0C3h	; code jp
     307/412C :                         		;
     308/412C : 03                      		db    3			; JP flg,addr
     309/412D : 06                      		db    6	; flag
     310/412E : F2                      		db 0F2h	; addr
     311/412F : C2                      		db 0C2h	; code jp nz
     312/4130 :                         		;
     313/4130 : 43                      		db  43h	; ??,3		; JP (HL)
     314/4131 : E3                      		db 0E3h	; (HL)
     315/4132 : E9                      		db 0E9h	; code jp (hl)
     316/4133 :                         		;P
     317/4133 : 01                      		db    1			; PUSH rr
     318/4134 : 50                      		db  50h	; P
     319/4135 : 55                      		db  55h	; U
     320/4136 : 53                      		db  53h	; S
     321/4137 : 48                      		db  48h	; H
     322/4138 : 8F                      		db  8Fh	; rr
     323/4139 : C5                      		db 0C5h	; code push bc
     324/413A :                         		;
     325/413A : 02                      		db    2			; POP rr
     326/413B : 4F                      		db  4Fh	; O
     327/413C : 50                      		db  50h	; P
     328/413D : 8F                      		db  8Fh ; rr
     329/413E : C1                      		db 0C1h	; code pop bc
     330/413F :                         		;C
     331/413F : 01                      		db    1			; CALL nn
     332/4140 : 43                      		db  43h	; C
     333/4141 : 41                      		db  41h	; A
     334/4142 : 4C                      		db  4Ch	; L
     335/4143 : 4C                      		db  4Ch	; L
     336/4144 : F2                      		db 0F2h	; nn
     337/4145 : CD                      		db 0CDh	; code call
 AS V1.42 Beta [Bld 297] - Source File picoedas4-as.asm - Page 11 - 4/1/2026 15:28:38


     338/4146 :                         		;
     339/4146 : 05                      		db    5			; CALL flg,addr
     340/4147 : 06                      		db    6	; flag
     341/4148 : F2                      		db 0F2h	; addr
     342/4149 : C4                      		db 0C4h	; code call nz
     343/414A :                         		;
     344/414A : 02                      		db    2			; CP r
     345/414B : 50                      		db  50h	; P
     346/414C : 83                      		db  83h ; r
     347/414D : B8                      		db 0B8h	; code cp b
     348/414E :                         		;
     349/414E : 03                      		db    3			; CP n
     350/414F : F4                      		db 0F4h	; n
     351/4150 : FE                      		db 0FEh	; code cp n
     352/4151 :                         		;
     353/4151 : 03                      		db    3			; CPL
     354/4152 : CC                      		db 0CCh	; L
     355/4153 : 2F                      		db  2Fh	; code cpl
     356/4154 :                         		;
     357/4154 : 13                      		db  13h	; ed,3		; CPI
     358/4155 : C9                      		db 0C9h	; I + 80h
     359/4156 : A1                      		db 0A1h	; code ed a1
     360/4157 :                         		;
     361/4157 : 14                      		db  14h	; ed,4		; CPIR
     362/4158 : D2                      		db 0D2h	; R + 80h
     363/4159 : B1                      		db 0B1h	; code ed b1
     364/415A :                         		;
     365/415A : 13                      		db  13h	; ed,3		; CPD
     366/415B : C4                      		db 0C4h	; D + 80h
     367/415C : A9                      		db 0A9h	; code ed a9
     368/415D :                         		;
     369/415D : 14                      		db  14h	; ed,4		; CPDR
     370/415E : D2                      		db 0D2h	; R + 80h
     371/415F : B9                      		db 0B9h	; code ed b9
     372/4160 :                         		;
     373/4160 : 02                      		db    2			; CCF
     374/4161 : 43                      		db  43h	; C
     375/4162 : C6                      		db 0C6h	; F + 80h
     376/4163 : 3F                      		db  3Fh	; code ccf
     377/4164 :                         		; E
     378/4164 : 81                      		db  81h	; special,1	; EQU
     379/4165 : 45                      		db  45h	; E
     380/4166 : 51                      		db  51h	; Q
     381/4167 : D5                      		db 0D5h	; U + 80h
     382/4168 : 00                      		db    0	; special code 0
     383/4169 :                         		;
     384/4169 : 02                      		db    2			; EX AF,AF
     385/416A : 58                      		db  58h	; X
     386/416B : 68                      		db  68h	; AF
     387/416C : E8                      		db 0E8h	; AF
     388/416D : 08                      		db  08h	; code ex af,af'
     389/416E :                         		;
     390/416E : 03                      		db    3			; EX DE,HL
     391/416F : 64                      		db  64h	; DE
     392/4170 : E2                      		db 0E2h	; HL
     393/4171 : EB                      		db 0EBh	; code ex de,hl
     394/4172 : 03                      		db    3			; EX (SP),HL
     395/4173 : 6B                      		db  6Bh	; (SP)
     396/4174 : E2                      		db 0E2h	; HL
     397/4175 : E3                      		db 0E3h	; code ex (sp),hl
 AS V1.42 Beta [Bld 297] - Source File picoedas4-as.asm - Page 12 - 4/1/2026 15:28:38


     398/4176 : 03                      		db    3			; EXX
     399/4177 : D8                      		db 0D8h	; X
     400/4178 : D9                      		db 0D9h ; code exx
     401/4179 : 02                      		db    2			; EI
     402/417A : C9                      		db 0C9h	; I
     403/417B : FB                      		db 0FBh	; code ei
     404/417C :                         		;
     405/417C : 82                      		db  82h	; special,2	; ENT
     406/417D : 4E                      		db  4Eh	; N
     407/417E : D4                      		db 0D4h	; T + 80H
     408/417F : 80                      		db  80h	; special code 80
     409/4180 :                         		; I
     410/4180 : 01                      		db    1			; INC r
     411/4181 : 49                      		db  49h	; I
     412/4182 : 4E                      		db  4Eh	; N
     413/4183 : 43                      		db  43h	; C
     414/4184 : 80                      		db  80h	; r
     415/4185 : 04                      		db    4	; code inc b
     416/4186 :                         		;
     417/4186 : 04                      		db    4	 		; INC rr
     418/4187 : 8C                      		db  8Ch ; rr
     419/4188 : 03                      		db    3	; code inc bc
     420/4189 :                         		;
     421/4189 : 03                      		db    3			; IN A,(n)
     422/418A : 60                      		db  60h	; reg A
     423/418B : F5                      		db 0F5h ; (n)
     424/418C : DB                      		db 0DBh	; code in a,(n) DB 56
     425/418D :                         		;
     426/418D : 14                      		db  14h	; ed,4		; IN A,(C)
     427/418E : E7                      		db 0E7h ; (c)
     428/418F : 78                      		db  78h	; code ed 78
     429/4190 :                         		;
     430/4190 : 13                      		db  13h	; ed,3		; IN r,(C)
     431/4191 : 00                      		db    0	; r
     432/4192 : E7                      		db 0E7h	; (c)
     433/4193 : 40                      		db  40h	; code in b,(c)
     434/4194 :                         		;
     435/4194 : 13                      		db  13h	; ed,3		; INI
     436/4195 : C9                      		db 0C9h	; I + 80H
     437/4196 : A2                      		db 0A2h	; code ed a2
     438/4197 :                         		;
     439/4197 : 14                      		db  14h	; ed,4		; INIR
     440/4198 : D2                      		db 0D2h	; R + 80H
     441/4199 : B2                      		db 0B2h	; code ed b2
     442/419A :                         		;
     443/419A : 13                      		db  13h	; ed,3		; IND
     444/419B : C4                      		db 0C4h	; D + 80H
     445/419C : AA                      		db 0AAh	; code ed aa
     446/419D :                         		;
     447/419D : 14                      		db  14h	; ed,4		; INDR
     448/419E : D2                      		db 0D2h	; R + 80H
     449/419F : BA                      		db 0BAh	; code ed ba
     450/41A0 :                         		;
     451/41A0 : 12                      		db  12h	; ed,2		; IM n
     452/41A1 : 4D                      		db  4Dh	; M
     453/41A2 : FE                      		db 0FEh	; 0..2 (IM-Mode)
     454/41A3 : 46                      		db  46h	; code im 0
     455/41A4 :                         		; D
     456/41A4 : 81                      		db  81h	; special,1	; DEFB
     457/41A5 : 44                      		db  44h	; D
 AS V1.42 Beta [Bld 297] - Source File picoedas4-as.asm - Page 13 - 4/1/2026 15:28:38


     458/41A6 : 45                      		db  45h	; E
     459/41A7 : 46                      		db  46h	; F
     460/41A8 : C2                      		db 0C2h	; B
     461/41A9 : 04                      		db    4	; special code 4
     462/41AA :                         		;
     463/41AA : 84                      		db  84h	; special,4	; DEFW
     464/41AB : D7                      		db 0D7h	; W + 80H
     465/41AC : 05                      		db    5	; special code 5
     466/41AD :                         		;
     467/41AD : 84                      		db  84h	; special,4	; DEFM
     468/41AE : CD                      		db 0CDh	; M + 80H
     469/41AF : 03                      		db    3	; special code 3
     470/41B0 :                         		;
     471/41B0 : 84                      		db  84h	; special,4	; DEFS
     472/41B1 : D3                      		db 0D3h	; S + 80H
     473/41B2 : 02                      		db    2	; special code 2
     474/41B3 :                         		;
     475/41B3 : 03                      		db    3			; DEC r
     476/41B4 : 43                      		db  43h	; C
     477/41B5 : 80                      		db  80h ; r
     478/41B6 : 05                      		db  05h	; code dec B
     479/41B7 :                         		;
     480/41B7 : 04                      		db    4			; DEC rr
     481/41B8 : 8C                      		db  8Ch ; rr
     482/41B9 : 0B                      		db  0Bh	; code dec BC
     483/41BA :                         		;
     484/41BA : 02                      		db    2			; DJNZ ofs
     485/41BB : 4A                      		db  4Ah	; J
     486/41BC : 4E                      		db  4Eh	; N
     487/41BD : 5A                      		db  5Ah	; Z
     488/41BE : F8                      		db 0F8h	; ofs
     489/41BF : 10                      		db  10h	; code 10 xx
     490/41C0 :                         		;
     491/41C0 : 02                      		db    2			; DAA
     492/41C1 : 41                      		db  41h	; A
     493/41C2 : C1                      		db 0C1h	; A
     494/41C3 : 27                      		db  27h	; code daa
     495/41C4 :                         		;
     496/41C4 : 02                      		db    2			; DI
     497/41C5 : C9                      		db 0C9h	; I + 80H
     498/41C6 : F3                      		db 0F3h	; code di
     499/41C7 :                         		; S
     500/41C7 : 11                      		db  11h	; ed,1		; SBC HL,rr
     501/41C8 : 53                      		db  53h	; S
     502/41C9 : 42                      		db  42h	; B
     503/41CA : 43                      		db  43h	; C
     504/41CB : 62                      		db  62h	; HL
     505/41CC : 8C                      		db  8Ch	; rr
     506/41CD : 42                      		db  42h	; code sbc hl,bc ed 42
     507/41CE :                         		;
     508/41CE : 04                      		db    4			; SBC r
     509/41CF : 60                      		db  60h
     510/41D0 : 83                      		db  83h ; r
     511/41D1 : 98                      		db  98h	; code sbc b
     512/41D2 :                         		;
     513/41D2 : 05                      		db    5			; SBC A,n
     514/41D3 : F4                      		db 0F4h	; n
     515/41D4 : DE                      		db 0DEh ; code DE 56 sbc a,n
     516/41D5 :                         		;
     517/41D5 : 02                      		db    2			; SUB r
 AS V1.42 Beta [Bld 297] - Source File picoedas4-as.asm - Page 14 - 4/1/2026 15:28:38


     518/41D6 : 55                      		db  55h	; U
     519/41D7 : 42                      		db  42h	; B
     520/41D8 : 83                      		db  83h	; r
     521/41D9 : 90                      		db  90h	; code sub b
     522/41DA :                         		;
     523/41DA : 04                      		db    4			; SUB n
     524/41DB : F4                      		db 0F4h	; n
     525/41DC : D6                      		db 0D6h	; code sub n
     526/41DD :                         		;
     527/41DD : 82                      		db  82h	; special,4	; SKIP
     528/41DE : 4B                      		db  4Bh	; K
     529/41DF : 49                      		db  49h	; I
     530/41E0 : D0                      		db 0D0h	; P
     531/41E1 : 81                      		db  81h ; special code 81
     532/41E2 :                         		;
     533/41E2 : 0A                      		db  0Ah	; cb,2		; SLA r
     534/41E3 : 4C                      		db  4Ch	; L
     535/41E4 : 41                      		db  41h	; A
     536/41E5 : 83                      		db  83h ; r
     537/41E6 : 20                      		db  20h ; code sla b cb 20
     538/41E7 :                         		;
     539/41E7 : 0A                      		db  0Ah	; cb,2		; SRA r
     540/41E8 : 52                      		db  52h	; R
     541/41E9 : 41                      		db  41h	; A
     542/41EA : 83                      		db  83h	; r
     543/41EB : 28                      		db  28h	; code sra b cb 28
     544/41EC :                         		;
     545/41EC : 0B                      		db  0Bh	; cb,3		; SRL r
     546/41ED : 4C                      		db  4Ch	; L
     547/41EE : 83                      		db  83h ; r
     548/41EF : 38                      		db  38h	; code srl b
     549/41F0 :                         		;
     550/41F0 : 0A                      		db  0Ah	; cb,2		; SET bit,r
     551/41F1 : 45                      		db  45h	; E
     552/41F2 : 54                      		db  54h	; T
     553/41F3 : 7A                      		db  7Ah ; bit
     554/41F4 : 83                      		db  83h ; r
     555/41F5 : C0                      		db 0C0h	; code set 0,b
     556/41F6 :                         		;
     557/41F6 : 02                      		db    2			; SCF
     558/41F7 : 43                      		db  43h	; C
     559/41F8 : C6                      		db 0C6h	; F + 80H
     560/41F9 : 37                      		db  37h	; code 37
     561/41FA :                         		;
     562/41FA : 03                      		db    3			; SCAL n
     563/41FB : 41                      		db  41h	; A
     564/41FC : 4C                      		db  4Ch	; L
     565/41FD : F4                      		db 0F4h	; n
     566/41FE : DF                      		db 0DFh	; code rst 18h n
     567/41FF :                         		; R
     568/41FF : 01                      		db    1			; RET
     569/4200 : 52                      		db  52h	; R
     570/4201 : 45                      		db  45h	; E
     571/4202 : D4                      		db 0D4h	; T + 80h
     572/4203 : C9                      		db 0C9h	; code ret
     573/4204 :                         		;
     574/4204 : 04                      		db    4			; RET flg
     575/4205 : 86                      		db  86h	; flag
     576/4206 : C0                      		db 0C0h	; code ret nc
     577/4207 :                         		;
 AS V1.42 Beta [Bld 297] - Source File picoedas4-as.asm - Page 15 - 4/1/2026 15:28:38


     578/4207 : 14                      		db  14h	; ed,4		; RETI
     579/4208 : C9                      		db 0C9h	; I + 80H
     580/4209 : 4D                      		db  4Dh	; code ed 4d
     581/420A :                         		;
     582/420A : 14                      		db  14h	; ed,4		; RETN
     583/420B : CE                      		db 0CEh	; N + 80H
     584/420C : 45                      		db  45h	; code ed 45
     585/420D :                         		;
     586/420D : 0B                      		db  0Bh	; cb,3		; RES bit,r
     587/420E : 53                      		db  53h	; S
     588/420F : 7A                      		db  7Ah	; bit
     589/4210 : 83                      		db  83h	; r
     590/4211 : 80                      		db  80h	; code res
     591/4212 :                         		;
     592/4212 : 02                      		db    2			; RCAL ofs
     593/4213 : 43                      		db  43h	; C
     594/4214 : 41                      		db  41h	; A
     595/4215 : 4C                      		db  4Ch	; L
     596/4216 : F8                      		db 0F8h	; ofs
     597/4217 : D7                      		db 0D7h	; code rst 10h nn
     598/4218 :                         		;
     599/4218 : 0A                      		db  0Ah	; cb,1		; RLC r
     600/4219 : 4C                      		db  4Ch	; L
     601/421A : 43                      		db  43h	; C
     602/421B : 83                      		db  83h	; r
     603/421C : 00                      		db    0	; code rlc b
     604/421D :                         		;
     605/421D : 04                      		db    4			; RLCA
     606/421E : C1                      		db 0C1h	; A + 80H
     607/421F : 07                      		db    7	; code 07
     608/4220 :                         		;
     609/4220 : 0B                      		db  0Bh	; cb,2		; RL r
     610/4221 : 83                      		db  83h	; r
     611/4222 : 10                      		db  10h	; code rl b
     612/4223 :                         		;
     613/4223 : 03                      		db    3			; RLA
     614/4224 : C1                      		db 0C1h	; A + 80H
     615/4225 : 17                      		db  17h	; code 17
     616/4226 :                         		;
     617/4226 : 13                      		db  13h	; ed,3		; RLD
     618/4227 : C4                      		db 0C4h	; D + 80H
     619/4228 : 6F                      		db  6Fh	; code ed 6f
     620/4229 :                         		;
     621/4229 : 0A                      		db  0Ah	; cb,1		; RRC r
     622/422A : 52                      		db  52h	; R
     623/422B : 43                      		db  43h	; C
     624/422C : 83                      		db  83h ; r
     625/422D : 08                      		db  08h	; code rrc b
     626/422E :                         		;
     627/422E : 04                      		db    4			; RRCA
     628/422F : C1                      		db 0C1h	; A + 80H
     629/4230 : 0F                      		db  0Fh	; code 0f
     630/4231 :                         		;
     631/4231 : 0B                      		db  0Bh	; cb,2		; RR r
     632/4232 : 83                      		db  83h	; r
     633/4233 : 18                      		db  18h ; code rr b cb 18
     634/4234 :                         		;
     635/4234 : 03                      		db    3			; RRA
     636/4235 : C1                      		db 0C1h	; A + 80H
     637/4236 : 1F                      		db  1Fh	; code 1f
 AS V1.42 Beta [Bld 297] - Source File picoedas4-as.asm - Page 16 - 4/1/2026 15:28:38


     638/4237 :                         		;
     639/4237 : 13                      		db  13h	; ed,3		; RRD
     640/4238 : C4                      		db 0C4h	; D + 80H
     641/4239 : 67                      		db  67h	; code ed 67
     642/423A :                         		;
     643/423A : 02                      		db    2			; RST rst
     644/423B : 53                      		db  53h	; S
     645/423C : 54                      		db  54h	; T
     646/423D : FC                      		db 0FCh ; rst
     647/423E : C7                      		db 0C7h	; code rst 0
     648/423F :                         		; O
     649/423F : 01                      		db    1			; OR r
     650/4240 : 4F                      		db  4Fh	; O
     651/4241 : 52                      		db  52h	; R
     652/4242 : 83                      		db  83h	; r
     653/4243 : B0                      		db 0B0h	; code or b
     654/4244 :                         		;
     655/4244 : 03                      		db    3			; OR n
     656/4245 : F4                      		db 0F4h	; n
     657/4246 : F6                      		db 0F6h	; code or n
     658/4247 :                         		;
     659/4247 : 83                      		db  83h	; special,3	; ORG
     660/4248 : C7                      		db 0C7h	; G + 80H
     661/4249 : 01                      		db    1 ; special code 1
     662/424A :                         		;
     663/424A : 02                      		db    2			; OUT (n),A
     664/424B : 55                      		db  55h	; U
     665/424C : 54                      		db  54h	; T
     666/424D : 75                      		db  75h	; (n)
     667/424E : E0                      		db 0E0h	; A
     668/424F : D3                      		db 0D3h	; code d3 56 out (n),A
     669/4250 :                         		;
     670/4250 : 14                      		db  14h	; ed,4		; OUT (C),r
     671/4251 : 67                      		db  67h	; (C)
     672/4252 : 80                      		db  80h	; r
     673/4253 : 41                      		db  41h	; code out (c),b
     674/4254 :                         		;
     675/4254 : 14                      		db  14h	; ed,4		; OUTI
     676/4255 : C9                      		db 0C9h	; I + 80H
     677/4256 : A3                      		db 0A3h	; code ed a2
     678/4257 :                         		;
     679/4257 : 14                      		db  14h	; ed,4		; OUTD
     680/4258 : C4                      		db 0C4h	; D + 80H
     681/4259 : AB                      		db 0ABh	; code ed ab
     682/425A :                         		;
     683/425A : 12                      		db  12h	; ed,2		; OTIR
     684/425B : 54                      		db  54h	; T
     685/425C : 49                      		db  49h	; I
     686/425D : D2                      		db 0D2h	; R + 80H
     687/425E : B3                      		db 0B3h	; code ed b3
     688/425F :                         		;
     689/425F : 13                      		db  13h	; ed,3		; OTDR
     690/4260 : 44                      		db  44h	; D
     691/4261 : D2                      		db 0D2h	; R + 80H
     692/4262 : BB                      		db 0BBh	; code ed bb
     693/4263 :                         		; A
     694/4263 : 01                      		db    1			; ADD A,r
     695/4264 : 41                      		db  41h	; A
     696/4265 : 44                      		db  44h	; D
     697/4266 : 44                      		db  44h	; D
 AS V1.42 Beta [Bld 297] - Source File picoedas4-as.asm - Page 17 - 4/1/2026 15:28:38


     698/4267 : 60                      		db  60h	; reg A
     699/4268 : 83                      		db  83h	; r
     700/4269 : 80                      		db  80h	; code add a,b
     701/426A :                         		;
     702/426A : 05                      		db    5			; ADD A,n
     703/426B : F4                      		db 0F4h	; n
     704/426C : C6                      		db 0C6h ; code add a,n c6 n
     705/426D :                         		;
     706/426D : 04                      		db    4			; ADD HL,rr
     707/426E : 62                      		db  62h	; HL
     708/426F : 8C                      		db  8Ch	; rr
     709/4270 : 09                      		db    9	; code add hl,bc
     710/4271 :                         		;
     711/4271 : 03                      		db    3			; ADC A,r
     712/4272 : 43                      		db  43h	; C
     713/4273 : 60                      		db  60h	; reg A
     714/4274 : 83                      		db  83h	; r
     715/4275 : 88                      		db  88h	; code adc a,b
     716/4276 :                         		;
     717/4276 : 05                      		db    5			; ADC A,n
     718/4277 : F4                      		db 0F4h	; n
     719/4278 : CE                      		db 0CEh	; code add a,n ce 56
     720/4279 :                         		;
     721/4279 : 14                      		db  14h	; ed,4		; ADC HL,rr
     722/427A : 62                      		db  62h ; reg HL
     723/427B : 8C                      		db  8Ch ; rr
     724/427C : 4A                      		db  4Ah	; code adc hl,bc
     725/427D :                         		;
     726/427D : 02                      		db    2			; AND r
     727/427E : 4E                      		db  4Eh	; N
     728/427F : 44                      		db  44h	; D
     729/4280 : 83                      		db  83h	; r
     730/4281 : A0                      		db 0A0h	; code and b
     731/4282 :                         		;
     732/4282 : 04                      		db    4			; AND n
     733/4283 : F4                      		db 0F4h	; n
     734/4284 : E6                      		db 0E6h	; code and n
     735/4285 :                         		; X
     736/4285 : 01                      		db    1			; XOR r
     737/4286 : 58                      		db  58h	; X
     738/4287 : 4F                      		db  4Fh	; O
     739/4288 : 52                      		db  52h	; R
     740/4289 : 83                      		db  83h	; r
     741/428A : A8                      		db 0A8h	; code xor b
     742/428B :                         		;
     743/428B : 04                      		db    4			; XOR n
     744/428C : F4                      		db 0F4h	; n
     745/428D : EE                      		db 0EEh	; code xor n
     746/428E :                         		; B
     747/428E : 09                      		db    9			; BIT n,r
     748/428F : 42                      		db  42h	; B
     749/4290 : 49                      		db  49h	; I
     750/4291 : 54                      		db  54h	; T
     751/4292 : 7A                      		db  7Ah	; bit
     752/4293 : 83                      		db  83h	; r
     753/4294 : 40                      		db  40h	; code bit
     754/4295 :                         		; N
     755/4295 : 11                      		db  11h	; ed,1		; NEG
     756/4296 : 4E                      		db  4Eh	; N
     757/4297 : 45                      		db  45h	; E
 AS V1.42 Beta [Bld 297] - Source File picoedas4-as.asm - Page 18 - 4/1/2026 15:28:38


     758/4298 : C7                      		db 0C7h	; G
     759/4299 : 44                      		db  44h	; code ed 44
     760/429A :                         		;
     761/429A : 02                      		db    2			; NOP
     762/429B : 4F                      		db  4Fh	; O
     763/429C : D0                      		db 0D0h	; P
     764/429D : 00                      		db    0	; code 00
     765/429E :                         		; H
     766/429E : 01                      		db    1			; HALT
     767/429F : 48                      		db  48h	; H
     768/42A0 : 41                      		db  41h	; A
     769/42A1 : 4C                      		db  4Ch	; L
     770/42A2 : D4                      		db 0D4h	; T
     771/42A3 : 76                      		db  76h	; code 76
     772/42A4 :                         		;
     773/42A4 : 00                      		db    0			; ENDE
     774/42A5 :                         
     775/42A5 :                         ; Parsebaum Register
     776/42A5 : 80                      unk_428F:	db  80h
     777/42A6 : 00                      		db    0
     778/42A7 :                         		;
     779/42A7 : 01                      		db    1			; H
     780/42A8 : C8                      		db 0C8h	; H + 80h
     781/42A9 : 26                      		db  26h ; token
     782/42AA :                         		;
     783/42AA : 02                      		db    2			; HL
     784/42AB : CC                      		db 0CCh	; L + 80h
     785/42AC : 62                      		db  62h
     786/42AD :                         		;
     787/42AD : 01                      		db    1			; A
     788/42AE : C1                      		db 0C1h	; A + 80h
     789/42AF : 60                      		db  60h
     790/42B0 :                         		;
     791/42B0 : 02                      		db    2			; AF
     792/42B1 : C6                      		db 0C6h	; F + 80h
     793/42B2 : 68                      		db  68h
     794/42B3 :                         		;
     795/42B3 : 01                      		db    1			; D
     796/42B4 : C4                      		db 0C4h	; D + 80h
     797/42B5 : 22                      		db  22h
     798/42B6 :                         		;
     799/42B6 : 02                      		db    2			; DE
     800/42B7 : C5                      		db 0C5h	; E + 80h
     801/42B8 : 64                      		db  64h
     802/42B9 :                         		;
     803/42B9 : 01                      		db    1			; B
     804/42BA : C2                      		db 0C2h	; B + 80h
     805/42BB : 20                      		db  20h
     806/42BC :                         		;
     807/42BC : 02                      		db    2			; BC
     808/42BD : C3                      		db 0C3h	; C + 80h
     809/42BE : 30                      		db  30h
     810/42BF :                         		;
     811/42BF : 01                      		db    1			; Z
     812/42C0 : DA                      		db 0DAh	; Z + 80h
     813/42C1 : 2C                      		db  2Ch
     814/42C2 :                         		;
     815/42C2 : 01                      		db    1			; C
     816/42C3 : C3                      		db 0C3h	; C + 80h
     817/42C4 : 66                      		db  66h
 AS V1.42 Beta [Bld 297] - Source File picoedas4-as.asm - Page 19 - 4/1/2026 15:28:38


     818/42C5 :                         		;
     819/42C5 : 01                      		db    1			; NZ
     820/42C6 : 4E                      		db  4Eh	; N
     821/42C7 : DA                      		db 0DAh	; Z + 80h
     822/42C8 : 2A                      		db  2Ah
     823/42C9 :                         		;
     824/42C9 : 02                      		db    2			; NC
     825/42CA : C3                      		db 0C3h	; C + 80h
     826/42CB : 2E                      		db  2Eh
     827/42CC :                         		;
     828/42CC : 01                      		db    1			; SP
     829/42CD : 53                      		db  53h	; S
     830/42CE : D0                      		db 0D0h	; P + 80h
     831/42CF : 6A                      		db  6Ah
     832/42D0 :                         		;
     833/42D0 : 81                      		db  81h	; special,1	; $
     834/42D1 : A4                      		db 0A4h	; '$' + 80h
     835/42D2 : 00                      		db    0
     836/42D3 :                         		;
     837/42D3 : 01                      		db    1			; E
     838/42D4 : C5                      		db 0C5h	; E + 80h
     839/42D5 : 24                      		db  24h
     840/42D6 :                         		;
     841/42D6 : 01                      		db    1			; L
     842/42D7 : CC                      		db 0CCh	; L + 80h
     843/42D8 : 28                      		db  28h
     844/42D9 :                         		;
     845/42D9 : 01                      		db    1			; I
     846/42DA : C9                      		db 0C9h	; I + 80h
     847/42DB : 6C                      		db  6Ch
     848/42DC :                         		;
     849/42DC : 12                      		db  12h	; dd,2		; IX
     850/42DD : D8                      		db 0D8h	; X + 80h
     851/42DE : 62                      		db  62h
     852/42DF :                         		;
     853/42DF : 32                      		db  32h	; fd,2		; IY
     854/42E0 : D9                      		db 0D9h	; Y + 80h
     855/42E1 : 62                      		db  62h
     856/42E2 :                         		;
     857/42E2 : 01                      		db    1			; M
     858/42E3 : CD                      		db 0CDh	; M + 80h
     859/42E4 : 38                      		db  38h
     860/42E5 :                         		;
     861/42E5 : 01                      		db    1			; P
     862/42E6 : D0                      		db 0D0h	; P + 80h
     863/42E7 : 36                      		db  36h
     864/42E8 :                         		;
     865/42E8 : 02                      		db    2			; PE
     866/42E9 : C5                      		db 0C5h	; E + 80h
     867/42EA : 34                      		db  34h
     868/42EB :                         		;
     869/42EB : 02                      		db    2			; PO
     870/42EC : CF                      		db 0CFh	; O + 80h
     871/42ED : 32                      		db  32h
     872/42EE :                         		;
     873/42EE : 01                      		db    1			; R
     874/42EF : D2                      		db 0D2h	; R + 80h
     875/42F0 : 6E                      		db  6Eh
     876/42F1 :                         		;
     877/42F1 : 00                      		db    0	; ENDE
 AS V1.42 Beta [Bld 297] - Source File picoedas4-as.asm - Page 20 - 4/1/2026 15:28:38


     878/42F2 :                         
     879/42F2 :                         ; bit modifier == pos in list (down)
     880/42F2 :                         ; r 8-Bit-Register
     881/42F2 : 60                      unk_42DC:	db  60h	; A	111
     882/42F3 : 63                      		db  63h	; (HL)	110
     883/42F4 : 28                      		db  28h	; L	101
     884/42F5 : 26                      		db  26h	; H	100
     885/42F6 : 24                      		db  24h	; E	011
     886/42F7 : 22                      		db  22h	; D	010
     887/42F8 : 66                      		db  66h	; C	001
     888/42F9 : 20                      		db  20h	; B	000
     889/42FA :                         
     890/42FA :                         ; Sprungbedingung 1
     891/42FA : 38                      unk_42E4:	db  38h ; M	111
     892/42FB : 36                      		db  36h ; P	110
     893/42FC : 34                      		db  34h ; PE	101
     894/42FD : 32                      		db  32h ; PO	100
     895/42FE :                         ; Sprungbedingung 2
     896/42FE : 66                      unk_42E8:	db  66h	; C	011
     897/42FF : 2E                      		db  2Eh ; NC	010
     898/4300 : 2C                      		db  2Ch ; Z	001
     899/4301 : 2A                      		db  2Ah ; NZ	000
     900/4302 :                         
     901/4302 :                         ; dd 16-Bit-Register
     902/4302 : 6A                      unk_42EC:	db  6Ah	; SP	11
     903/4303 : 62                      		db  62h	; HL	10
     904/4304 : 64                      		db  64h	; DE	01
     905/4305 : 30                      		db  30h	; BC	00
     906/4306 :                         
     907/4306 :                         ; qq  16-Bit-Register
     908/4306 : 68                      unk_42F0:	db  68h	; AF	11
     909/4307 : 62                      		db  62h	; HL	10
     910/4308 : 64                      		db  64h	; DE	01
     911/4309 : 30                      		db  30h	; BC	00
     912/430A :                         
     913/430A :                         ;---------------------------------------
     914/430A :                         ;Tokenklassen Register,Flags
     915/430A : 38                      unk_42F4:	db  38h 	; Bitpos,Anzahl
     916/430B : F2 42                   		dw unk_42DC	; r 8-Bit-Register
     917/430D : 08                      		db  08h
     918/430E : F2 42                   		dw unk_42DC	; r' 8-Bit-Register
     919/4310 : 38                      		db  38h	;
     920/4311 : FA 42                   		dw unk_42E4	; Sprungbedingung 1+2
     921/4313 : 34                      		db  34h	;
     922/4314 : FE 42                   		dw unk_42E8	; Sprungbedingung 2
     923/4316 : 44                      		db  44h	;
     924/4317 : 02 43                   		dw unk_42EC	; dd 16-Bit-Register
     925/4319 : 44                      		db  44h	;
     926/431A : 06 43                   		dw unk_42F0	; qq 16-Bit-Register
     927/431C :                         
     928/431C :                         ;---------------------------------------
     929/431C :                         ; Abarbeitung nächstes Token
     930/431C : D9                      sub_4306:	exx
     931/431D : E1                      		pop	hl
     932/431E : D1                      		pop	de
     933/431F : E3                      		ex	(sp), hl	; Parse-Tree (z.B. 40AA)
     934/4320 : 47                      		ld	b, a
     935/4321 : 14                      		inc	d		; next pos (?)
     936/4322 : CB 7E                   		bit	7, (hl)		; Befehlsende?
     937/4324 : 20 77                   		jr	nz, loc_4387	; ja
 AS V1.42 Beta [Bld 297] - Source File picoedas4-as.asm - Page 21 - 4/1/2026 15:28:38


     938/4326 :                         		; Tokenvergleich
     939/4326 : 23                      loc_4310:	inc	hl		; nächstes Token aus Baum
     940/4327 : 7E                      		ld	a, (hl)		; holen
     941/4328 : E6 7F                   		and	7Fh 		; strip hi bit
     942/432A : FE 70                   		cp	70h 		; codeklasse?
     943/432C : 38 32                   		jr	c, loc_434A	; nein
     944/432E :                         		; codeklassen Token 72..7E
     945/432E : 4F                      		ld	c, a		; Token merken
     946/432F : A8                      		xor	b		; 70 (?)
     947/4330 : 0F                      		rrca
     948/4331 : FE 08                   		cp	8
     949/4333 : 30 62                   		jr	nc, loc_4381
     950/4335 : FE 05                   		cp	5
     951/4337 : 38 73                   		jr	c, loc_4396	; <5, d.h. 72..78
     952/4339 :                         		; 7A..7E  (5..7)
     953/4339 : 08                      		ex	af, af'	;'
     954/433A : FD 7E F5                		ld	a, (iy-0Bh)	; 55F3
     955/433D : B7                      		or	a
     956/433E : 20 1B                   		jr	nz, loc_4345
     957/4340 : 08                      		ex	af, af'	;'
     958/4341 : FE 06                   		cp	6		;
     959/4343 : FD 7E F4                		ld	a, (iy-0Ch)	; 55F2
     960/4346 : 38 0B                   		jr	c, loc_433D	; wenn < 6 (7A bit)
     961/4348 : 28 0C                   		jr	z, loc_4340	; wenn = 6 (7C rst)
     962/434A : FE 03                   		cp	3
     963/434C : 3D                      		dec	a
     964/434D : 30 0C                   		jr	nc, loc_4345	;
     965/434F : 3C                      		inc	a
     966/4350 : 28 01                   		jr	z, loc_433D
     967/4352 : 3C                      		inc	a
     968/4353 :                         loc_433D:	; bei bit-Befehlen pos auf bitpos 3 schieben
     969/4353 : 07                      		rlca
     970/4354 : 07                      		rlca
     971/4355 : 07                      		rlca
     972/4356 :                         loc_4340:	; bei rst wert direkt einfuegen
     973/4356 : FD 77 F3                		ld	(iy-0Dh), a	; 55F1 byte modifier
     974/4359 : E6 C7                   		and	0C7h
     975/435B : C4 CB 43                loc_4345:	call	nz, sub_43B5
     976/435E : 18 4F                   		jr	loc_4399	; -> Ende
     977/4360 :                         
     978/4360 :                         		; einfaches Token oder register o. flag
     979/4360 : FE 20                   loc_434A:	cp	20h 		; indiv Register o. Flag?
     980/4362 : 30 30                   		jr	nc, loc_437E	; nein
     981/4364 :                         		; register o. flag
     982/4364 : E5                      		push	hl
     983/4365 : 2A 1B FE                		ld	hl, (word_551B)	; unk_42F4 TokenklassenTab
     984/4368 : 85                      		add	a, l	; HL + A
     985/4369 : 6F                      		ld	l, a
     986/436A : 30 01                   		jr	nc, loc_4357
     987/436C : 24                      		inc	h
     988/436D : 78                      loc_4357:	ld	a, b
     989/436E : 08                      		ex	af, af'	;'
     990/436F : 7E                      		ld	a, (hl)		; Bitpos+Anzahl
     991/4370 : E6 0F                   		and	0Fh		; nur Anzahl
     992/4372 : 4F                      		ld	c, a		; merken
     993/4373 : 7E                      		ld	a, (hl)
     994/4374 : 08                      		ex	af, af'	;'
     995/4375 : 23                      		inc	hl
     996/4376 : 46                      		ld	b, (hl)
     997/4377 : 23                      		inc	hl
 AS V1.42 Beta [Bld 297] - Source File picoedas4-as.asm - Page 22 - 4/1/2026 15:28:38


     998/4378 : 66                      		ld	h, (hl)
     999/4379 : 68                      		ld	l, b		; HL=Zeiger auf Liste
    1000/437A : 06 00                   		ld	b, 0		; C=Anzahl
    1001/437C : ED B1                   		cpir			; suche A in Liste
    1002/437E : E1                      		pop	hl
    1003/437F : 47                      		ld	b, a
    1004/4380 : 20 15                   		jr	nz, loc_4381	; wenn Token nicht in Liste
    1005/4382 :                         		; in Liste gefunden
    1006/4382 : 08                      		ex	af, af'	;'
    1007/4383 : CB 21                   loc_436D:	sla	c		; c=Pos
    1008/4385 : D6 10                   		sub	10h		; verschieben auf Ziel Bitpos.
    1009/4387 : 30 FA                   		jr	nc, loc_436D
    1010/4389 : CB 39                   		srl	c		; eins zurück; fertig
    1011/438B : FD 7E F3                		ld	a, (iy-0Dh)	; byte modifier
    1012/438E : B1                      		or	c		; modify
    1013/438F : FD 77 F3                		ld	(iy-0Dh), a	; write back
    1014/4392 : 18 1B                   		jr	loc_4399	; Ende
    1015/4394 :                         
    1016/4394 :                         ; einfaches Token
    1017/4394 : B8                      loc_437E:	cp	b		; nächstes Zeichen gleich?
    1018/4395 : 28 18                   		jr	z, loc_4399	; ja -> Ende
    1019/4397 :                         ;
    1020/4397 : CB 7E                   loc_4381:	bit	7, (hl)		; Befehlsende?
    1021/4399 : 23                      		inc	hl		; weiter im Baum
    1022/439A : 28 FB                   		jr	z, loc_4381	; nein, weiter suchen
    1023/439C : 2B                      		dec	hl		; hl=befehlsende
    1024/439D :                         ; Befehlsende erreicht
    1025/439D : 23                      loc_4387:	inc	hl		; hl=codebyte
    1026/439E : 23                      		inc	hl		; hl=nächster Eintrag im Baum
    1027/439F : 7E                      		ld	a, (hl)		; Anzahl (und Modifier)
    1028/43A0 : 5F                      		ld	e, a		; merken
    1029/43A1 : E6 07                   		and	7		; gilt ab Pos (SollPos)
    1030/43A3 : BA                      		cp	d		; vergleichen mit aktueller Pos
    1031/43A4 : CA 26 43                		jp	z, loc_4310	; Pos passt
    1032/43A7 : 23                      		inc	hl		; weiter im Baum
    1033/43A8 : 30 ED                   		jr	nc, loc_4381	; wenn akt. Pos > SollPos
    1034/43AA :                         					; dann weitersuchen
    1035/43AA : D9                      		exx
    1036/43AB : C9                      		ret
    1037/43AC :                         
    1038/43AC :                         ; Tokenklasse 72..78 (1..4)
    1039/43AC : FD 77 F2                loc_4396:	ld	(iy-0Eh), a	; sichern
    1040/43AF :                         ; Ende Abarbeitung nächstes Token
    1041/43AF : E3                      loc_4399:	ex	(sp), hl
    1042/43B0 : D5                      		push	de
    1043/43B1 : E5                      		push	hl
    1044/43B2 : D9                      		exx
    1045/43B3 : B7                      		or	a		; set flags
    1046/43B4 : C9                      		ret
    1047/43B5 :                         
    1048/43B5 :                         ;---------------------------------------
    1049/43B5 :                         ;
    1050/43B5 : D9                      sub_439F:	exx
    1051/43B6 : E1                      		pop	hl
    1052/43B7 : D1                      		pop	de
    1053/43B8 : E3                      		ex	(sp), hl
    1054/43B9 : 7E                      		ld	a, (hl)
    1055/43BA : FE 80                   		cp	80h ; 'Ç'
    1056/43BC : 23                      		inc	hl
    1057/43BD : 56                      		ld	d, (hl)
 AS V1.42 Beta [Bld 297] - Source File picoedas4-as.asm - Page 23 - 4/1/2026 15:28:38


    1058/43BE : D5                      		push	de
    1059/43BF : D9                      		exx
    1060/43C0 : D1                      		pop	de
    1061/43C1 : 7A                      		ld	a, d
    1062/43C2 : C9                      		ret
    1063/43C3 :                         
    1064/43C3 :                         
    1065/43C3 :                         ;---------------------------------------
    1066/43C3 :                         ;
    1067/43C3 : 7A                      sub_43AD:	ld	a, d
    1068/43C4 : F6 7F                   		or	7Fh ; ''
    1069/43C6 : A3                      		and	e
    1070/43C7 :                         
    1071/43C7 : 07                      sub_43B1:	rlca
    1072/43C8 : 9F                      		sbc	a, a
    1073/43C9 : 92                      		sub	d
    1074/43CA : C8                      		ret	z
    1075/43CB :                         ;
    1076/43CB : FD CB 00 4E             sub_43B5:	bit	1, (iy+0)
    1077/43CF : C8                      		ret	z
    1078/43D0 : FD CB F6 F6             		set	6, (iy-0Ah)
    1079/43D4 : C9                      		ret
    1080/43D5 :                         
    1081/43D5 :                         ;---------------------------------------
    1082/43D5 :                         ;orig nas_outch (3 Byte)
    1083/43D5 :                         ;;		jp	loc_4B2E	; error 99 illegal command
    1084/43D5 :                         
    1085/43D5 :                         ;---------------------------------------
    1086/43D5 :                         ;
    1087/43D5 : 44                      sub_43C2:	ld	b, h
    1088/43D6 : 4D                      		ld	c, l
    1089/43D7 : 2A 85 FE                		ld	hl, (word_5585)
    1090/43DA : B7                      		or	a
    1091/43DB : ED 52                   		sbc	hl, de
    1092/43DD : 19                      		add	hl, de
    1093/43DE : 38 0B                   		jr	c, loc_43D8
    1094/43E0 : ED 42                   		sbc	hl, bc
    1095/43E2 : 30 03                   		jr	nc, loc_43D4
    1096/43E4 : B7                      		or	a
    1097/43E5 : ED 62                   		sbc	hl, hl
    1098/43E7 : 19                      loc_43D4:	add	hl, de
    1099/43E8 : 22 85 FE                		ld	(word_5585), hl
    1100/43EB : EB                      loc_43D8:	ex	de, hl
    1101/43EC : CD 48 44                		call	sub_4435	; Textende ermitteln
    1102/43EF : EB                      		ex	de, hl
    1103/43F0 : B7                      		or	a
    1104/43F1 : ED 42                   		sbc	hl, bc
    1105/43F3 : C5                      		push	bc
    1106/43F4 : E3                      		ex	(sp), hl
    1107/43F5 : C1                      		pop	bc
    1108/43F6 : C5                      		push	bc
    1109/43F7 : ED B0                   		ldir
    1110/43F9 : CD 55 44                		call	sub_4442
    1111/43FC : C1                      		pop	bc
    1112/43FD : C9                      		ret
    1113/43FE :                         
    1114/43FE :                         ;---------------------------------------
    1115/43FE :                         ; DE (BWS) dez ascii -> hex num HL
    1116/43FE : 21 00 00                sub_43EB:	ld	hl, 0
    1117/4401 : 1A                      loc_43EE:	ld	a, (de)
 AS V1.42 Beta [Bld 297] - Source File picoedas4-as.asm - Page 24 - 4/1/2026 15:28:38


    1118/4402 : D6 30                   		sub	30h ; '0'
    1119/4404 : D8                      		ret	c		; Ende,	wenn keine Dezimalziffer
    1120/4405 : FE 0A                   		cp	0Ah ; .. '9'
    1121/4407 : D0                      		ret	nc		; Ende,	wenn keine Dezimalziffer
    1122/4408 : D5                      		push	de
    1123/4409 : 54                      		ld	d, h	; HL*10
    1124/440A : 5D                      		ld	e, l
    1125/440B : 29                      		add	hl, hl
    1126/440C : 29                      		add	hl, hl
    1127/440D : 19                      		add	hl, de
    1128/440E : 29                      		add	hl, hl
    1129/440F : 16 00                   		ld	d, 0
    1130/4411 : 5F                      		ld	e, a
    1131/4412 : 19                      		add	hl, de
    1132/4413 : D1                      		pop	de
    1133/4414 : 1B                      		dec	de		; nächste Stelle (BWS), deshalb AC1 dec
    1134/4415 : 18 EA                   		jr	loc_43EE
    1135/4417 :                         
    1136/4417 :                         ;---------------------------------------
    1137/4417 :                         ; Parameter f. RENUM und INUM, Defaults 10
    1138/4417 : 2A 5B 18                sub_4404:	ld	hl, (ARG1)	; erste Zeile
    1139/441A : 3A 9F FE                		ld	a, (byte_559F)	; Anzahl Kdo.Argumente
    1140/441D : FE 02                   		cp	2
    1141/441F : 3E 10                   		ld	a, 10h		; Defaultwert Schrittweite 10
    1142/4421 : 20 03                   		jr	nz, loc_4413
    1143/4423 : 3A 5D 18                		ld	a, (ARG2)
    1144/4426 : 32 84 FE                loc_4413:	ld	(byte_5584), a	; Schrittweite
    1145/4429 : B7                      		or	a		; Schrittweite=0 ?
    1146/442A : 3E 06                   		ld	a, 6		; Error 06 - Inkrement ist 0
    1147/442C : CA 23 4B                		jp	z, loc_4B30	; Fehler ausgeben
    1148/442F : 7C                      		ld	a, h
    1149/4430 : B5                      		or	l		; erste Zeile <> 0?
    1150/4431 : C0                      		ret	nz		; dann raus hier
    1151/4432 :                         ; Nächste Zeilennummer berechnen (BCD)
    1152/4432 : 3A 84 FE                sub_441F:	ld	a, (byte_5584)	; Schrittweite
    1153/4435 : 85                      		add	a, l		; + Zeilennummer
    1154/4436 : 27                      		daa
    1155/4437 : 6F                      		ld	l, a
    1156/4438 : 7C                      		ld	a, h
    1157/4439 : CE 00                   		adc	a, 0
    1158/443B : 27                      		daa
    1159/443C : 67                      		ld	h, a
    1160/443D : C9                      		ret			; Cy=1 Nummer > 9999
    1161/443E :                         
    1162/443E :                         ;---------------------------------------
    1163/443E :                         ; Suche nächste Zeile
    1164/443E :                         ; suche ab HL+2 Zeilenendebyte 00. Folgt FF, dann Z=1
    1165/443E : 23                      sub_442B:	inc	hl
    1166/443F :                         
    1167/443F :                         ; f. RENUM, Suche nächste Zeile
    1168/443F :                         ; suche ab HL+1 Zeilenendebyte 00. Folgt FF, dann Z=1
    1169/443F : 23                      loc_442C:	inc	hl
    1170/4440 :                         ;
    1171/4440 : AF                      loc_442D:	xor	a		; 00 Zeilenende
    1172/4441 : 47                      		ld	b, a
    1173/4442 : 4F                      		ld	c, a
    1174/4443 : ED B1                   		cpir			; DE = Anf. neue Zeile
    1175/4445 : 3D                      		dec	a		; FF Textende
    1176/4446 : BE                      		cp	(hl)
    1177/4447 : C9                      		ret
 AS V1.42 Beta [Bld 297] - Source File picoedas4-as.asm - Page 25 - 4/1/2026 15:28:38


    1178/4448 :                         
    1179/4448 :                         ;---------------------------------------
    1180/4448 :                         ; Textende ermitteln
    1181/4448 :                         ; ret DE=Anfangsdresse+Textlänge
    1182/4448 : E5                      sub_4435:	push	hl
    1183/4449 : 2A 00 FE                		ld	hl, (BUFBEG)	; Anfangsdresse
    1184/444C : 5E                      		ld	e, (hl)		; Textlänge
    1185/444D : 23                      		inc	hl
    1186/444E : 56                      		ld	d, (hl)
    1187/444F : 2B                      		dec	hl
    1188/4450 : EB                      		ex	de, hl
    1189/4451 : 19                      		add	hl, de
    1190/4452 : EB                      		ex	de, hl
    1191/4453 : E1                      		pop	hl
    1192/4454 : C9                      		ret
    1193/4455 :                         
    1194/4455 :                         ;---------------------------------------
    1195/4455 :                         ;
    1196/4455 : E5                      sub_4442:	push	hl
    1197/4456 : D5                      		push	de
    1198/4457 : 2A 00 FE                		ld	hl, (BUFBEG)	; Anfangsdresse
    1199/445A : EB                      		ex	de, hl
    1200/445B : B7                      		or	a
    1201/445C : ED 52                   		sbc	hl, de
    1202/445E : EB                      		ex	de, hl
    1203/445F : 18 12                   		jr	loc_4460
    1204/4461 :                         
    1205/4461 :                         ;---------------------------------------
    1206/4461 :                         ; freier Speicher am Ende
    1207/4461 : E5                      sub_444E:	push	hl
    1208/4462 : 2A 00 FE                		ld	hl, (BUFBEG)	; Anfangsdresse
    1209/4465 : 23                      		inc	hl		; Textlänge übergehen
    1210/4466 : 23                      		inc	hl
    1211/4467 : 5E                      		ld	e, (hl)		; freier Speicher am Ende
    1212/4468 : 23                      		inc	hl
    1213/4469 : 56                      		ld	d, (hl)
    1214/446A : E1                      		pop	hl
    1215/446B : C9                      		ret
    1216/446C :                         
    1217/446C :                         ;---------------------------------------
    1218/446C :                         ;
    1219/446C : E5                      sub_4459:	push	hl
    1220/446D : D5                      		push	de
    1221/446E : 2A 00 FE                		ld	hl, (BUFBEG)	; Anfangsdresse
    1222/4471 : 23                      		inc	hl
    1223/4472 : 23                      		inc	hl
    1224/4473 : 73                      loc_4460:	ld	(hl), e
    1225/4474 : 23                      		inc	hl
    1226/4475 : 72                      		ld	(hl), d
    1227/4476 : D1                      		pop	de
    1228/4477 : E1                      		pop	hl
    1229/4478 : C9                      		ret
    1230/4479 :                         
    1231/4479 :                         ;---------------------------------------
    1232/4479 :                         ; Bufferende berechnen
    1233/4479 : CD 48 44                sub_4466:	call	sub_4435	; Textende ermitteln
    1234/447C : EB                      		ex	de, hl
    1235/447D : CD 61 44                		call	sub_444E	; freier Speicher am Ende
    1236/4480 : 19                      		add	hl, de
    1237/4481 : C9                      		ret
 AS V1.42 Beta [Bld 297] - Source File picoedas4-as.asm - Page 26 - 4/1/2026 15:28:38


    1238/4482 :                         ; Ende orig ZEAP20
    1239/4482 :                         ;---------------------------------------
    1240/4482 :                         
    1241/4482 :                         ;;		db    0
    1242/4482 :                         ;;		db    0
    1243/4482 :                         ;;		db  3Eh	; >
    1244/4482 :                         ;;		db 0FFh
    1245/4482 :                         
    1246/4482 : B7                      sub_4473:	or	a
    1247/4483 : C8                      		ret	z
    1248/4484 : C5                      		push	bc
    1249/4485 : 47                      		ld	b, a
    1250/4486 : AF                      loc_4477:	xor	a
    1251/4487 : E7                      		rst	20h		; MS30
    1252/4488 : CD 33 4D                		call	sub_4D22	; ggf. Abbruch bei Stop
    1253/448B : 10 F9                   		djnz	loc_4477
    1254/448D : C1                      		pop	bc
    1255/448E : C9                      		ret
    1256/448F :                         
    1257/448F : 3E 0D                   sub_4480:	ld	a, 0Dh
    1258/4491 : CD 45 4D                		call	sub_4D34
    1259/4494 : 3A 08 FE                		ld	a, (byte_5508)	; Ausgabeverzögerung Druck
    1260/4497 : 18 E9                   		jr	sub_4473
    1261/4499 :                         ;;		db    0
    1262/4499 :                         ;;		db    0
    1263/4499 :                         
    1264/4499 :                         ;---------------------------------------
    1265/4499 :                         ;;loc_448C:	jp	QUIT
    1266/4499 :                         
    1267/4499 :                         ;---------------------------------------
    1268/4499 :                         ; Prüfsumme über Programm
    1269/4499 :                         ; Schutz vor versehenlichen Überschreiben
    1270/4499 : 21 0D 40                chksum:		ld	hl, unk_400D
    1271/449C : 11 BF 5F                		ld	de, unk_543F
    1272/449F : AF                      		xor	a
    1273/44A0 : AE                      chksum1:	xor	(hl)
    1274/44A1 : 23                      		inc	hl
    1275/44A2 : ED 52                   		sbc	hl, de
    1276/44A4 : 19                      		add	hl, de
    1277/44A5 : 38 F9                   		jr	c, chksum1
    1278/44A7 : AE                      		xor	(hl)
    1279/44A8 : C8                      		ret	z
    1280/44A9 :                         ;;		ld	a, 90h 		; checksum error
    1281/44A9 :                         ;;		call	error		; Ausgabe "Error "
    1282/44A9 :                         		;
    1283/44A9 : DF                      		rst     18h
    1284/44AA : 45 44 41 53 20 64 65 66 		db 'EDAS defekt!',8Dh
         44B2 : 65 6B 74 21 8D         
    1285/44B7 :                         		;
    1286/44B7 :                         ;;		jr	loc_448C
    1287/44B7 : C3 35 51                		jp	QUIT
    1288/44BA :                         ;---------------------------------------
    1289/44BA :                         ;
    1290/44BA : 3E 20                   sub_44A6:	ld	a, 20h ; ' '
    1291/44BC : 36 A0                   		ld	(hl), 0A0h ; 'á'
    1292/44BE : 23                      		inc	hl
    1293/44BF : AE                      		xor	(hl)
    1294/44C0 : E6 7F                   		and	7Fh ; ''
    1295/44C2 : 28 F6                   		jr	z, sub_44A6
    1296/44C4 : E5                      		push	hl
 AS V1.42 Beta [Bld 297] - Source File picoedas4-as.asm - Page 27 - 4/1/2026 15:28:38


    1297/44C5 : AF                      loc_44B1:	xor	a
    1298/44C6 : 23                      		inc	hl
    1299/44C7 : AE                      		xor	(hl)
    1300/44C8 : 28 09                   		jr	z, loc_44BF
    1301/44CA : 3E A0                   		ld	a, 0A0h	; 'á'
    1302/44CC : AE                      		xor	(hl)
    1303/44CD : 20 F6                   		jr	nz, loc_44B1
    1304/44CF : 36 20                   		ld	(hl), 20h ; ' '
    1305/44D1 : 18 F2                   		jr	loc_44B1
    1306/44D3 : E1                      loc_44BF:	pop	hl
    1307/44D4 : C9                      		ret
    1308/44D5 :                         
    1309/44D5 :                         ;---------------------------------------
    1310/44D5 :                         ; Ausgabe "AC1 U880 Assembler"
    1311/44D5 : DF                      loc_44C1:	rst	18h		; ed_prnst
    1312/44D6 : 41 43 31 20 55 38 38 30 		db "AC1 U880 Assembler -",0A0h
         44DE : 20 41 73 73 65 6D 62 6C
         44E6 : 65 72 20 2D A0         
    1313/44EB :                         ;;		nop
    1314/44EB : C9                      		ret
    1315/44EC :                         
    1316/44EC :                         ;---------------------------------------
    1317/44EC :                         ;
    1318/44EC : C5                      sub_44D9:	push	bc
    1319/44ED : 23                      		inc	hl
    1320/44EE : E5                      loc_44DB:	push	hl
    1321/44EF : ED 5B 19 FE             		ld	de, (word_5519)	; unk_428F Parse Tree Register
    1322/44F3 : D5                      		push	de
    1323/44F4 : 16 00                   		ld	d, 0
    1324/44F6 : D5                      		push	de
    1325/44F7 : CD BE 48                loc_44E4:	call	sub_48BE	; nächstes Zeichen
    1326/44FA : CB 71                   		bit	6, c
    1327/44FC : 28 0D                   		jr	z, loc_44F8
    1328/44FE : CD 1C 43                		call	sub_4306	; Abarbeitung nächstes Token
    1329/4501 : 30 F4                   		jr	nc, loc_44E4
    1330/4503 : CD 48 44                loc_44F0:	call	sub_4435	; Textende ermitteln
    1331/4506 : 2A 89 FE                		ld	hl, (word_5589)
    1332/4509 : 18 1C                   		jr	loc_4514
    1333/450B :                         ;
    1334/450B : CD B5 43                loc_44F8:	call	sub_439F
    1335/450E : 38 F3                   		jr	c, loc_44F0
    1336/4510 : CB 7B                   		bit	7, e
    1337/4512 : 28 39                   		jr	z, loc_453A
    1338/4514 : ED 5B 0C FE             loc_4501:	ld	de, (word_550C)	; MC-Adr.
    1339/4518 : 18 33                   		jr	loc_453A
    1340/451A : CD 7F 45                loc_4507:	call	sub_456C
    1341/451D : 38 0D                   		jr	c, loc_4519
    1342/451F : 13                      		inc	de
    1343/4520 : 13                      		inc	de
    1344/4521 : CD 50 45                		call	sub_453D
    1345/4524 : 28 19                   		jr	z, loc_452C
    1346/4526 : C1                      		pop	bc
    1347/4527 : C1                      loc_4514:	pop	bc
    1348/4528 : C5                      		push	bc
    1349/4529 : C5                      		push	bc
    1350/452A : 18 EE                   		jr	loc_4507
    1351/452C :                         ;
    1352/452C : E1                      loc_4519:	pop	hl
    1353/452D : CD BE 48                loc_451A:	call	sub_48BE
    1354/4530 : CB 71                   		bit	6, c
 AS V1.42 Beta [Bld 297] - Source File picoedas4-as.asm - Page 28 - 4/1/2026 15:28:38


    1355/4532 : 20 F9                   		jr	nz, loc_451A
    1356/4534 : 11 00 00                		ld	de, 0
    1357/4537 : FD CB F6 DE             		set	3, (iy-0Ah)	; 55F4 ??
    1358/453B : 37                      		scf
    1359/453C : 9F                      		sbc	a, a
    1360/453D : 18 0E                   		jr	loc_453A
    1361/453F :                         ;
    1362/453F : DD E5                   loc_452C:	push	ix
    1363/4541 : E3                      		ex	(sp), hl
    1364/4542 : 23                      		inc	hl
    1365/4543 : B7                      		or	a
    1366/4544 : ED 52                   		sbc	hl, de
    1367/4546 : E1                      		pop	hl
    1368/4547 : EB                      		ex	de, hl
    1369/4548 : 2B                      		dec	hl
    1370/4549 : 56                      		ld	d, (hl)
    1371/454A : 2B                      		dec	hl
    1372/454B : 5E                      		ld	e, (hl)
    1373/454C : E1                      		pop	hl
    1374/454D :                         loc_453A:					; sub_48B1-3ACj ...
    1375/454D : C1                      		pop	bc
    1376/454E : C1                      		pop	bc
    1377/454F : C9                      		ret
    1378/4550 :                         
    1379/4550 : 44                      sub_453D:	ld	b, h
    1380/4551 : 4D                      		ld	c, l
    1381/4552 : E1                      		pop	hl
    1382/4553 : E3                      		ex	(sp), hl
    1383/4554 : C5                      		push	bc
    1384/4555 : E3                      		ex	(sp), hl
    1385/4556 : E3                      loc_4543:	ex	(sp), hl
    1386/4557 : CD BE 48                		call	sub_48BE
    1387/455A : E3                      		ex	(sp), hl
    1388/455B : CB 71                   		bit	6, c
    1389/455D : 28 10                   		jr	z, loc_455C
    1390/455F : 23                      		inc	hl
    1391/4560 : BE                      		cp	(hl)
    1392/4561 : 28 F3                   		jr	z, loc_4543
    1393/4563 : F5                      		push	af
    1394/4564 : CD 6B 46                		call	loc_4664	; Zeichenklasse ermitteln
    1395/4567 : F1                      		pop	af
    1396/4568 : CB 71                   		bit	6, c
    1397/456A : 20 0C                   		jr	nz, loc_4565
    1398/456C : B1                      		or	c
    1399/456D : 18 09                   		jr	loc_4565
    1400/456F : CD BE 48                loc_455C:	call	sub_48BE
    1401/4572 : AF                      		xor	a
    1402/4573 : CB 71                   		bit	6, c
    1403/4575 : 28 01                   		jr	z, loc_4565
    1404/4577 : 91                      		sub	c
    1405/4578 : E3                      loc_4565:	ex	(sp), hl
    1406/4579 : C1                      		pop	bc
    1407/457A : E3                      		ex	(sp), hl
    1408/457B : E5                      		push	hl
    1409/457C : 60                      		ld	h, b
    1410/457D : 69                      		ld	l, c
    1411/457E : C9                      		ret
    1412/457F :                         sub_456C:					; sub_456C+Dj ...
    1413/457F : CD 40 44                		call	loc_442D		; Suche nächste Zeile
    1414/4582 : D5                      		push	de
 AS V1.42 Beta [Bld 297] - Source File picoedas4-as.asm - Page 29 - 4/1/2026 15:28:38


    1415/4583 : CD 56 46                		call	sub_464F		; Zeilennummer holen
    1416/4586 : D1                      		pop	de
    1417/4587 : D8                      		ret	c			; wenn Bereichsüberschreitung
    1418/4588 : 23                      		inc	hl
    1419/4589 : CD BE 48                		call	sub_48BE
    1420/458C : 30 F1                   		jr	nc, sub_456C
    1421/458E : 2B                      		dec	hl
    1422/458F : B7                      		or	a
    1423/4590 : C9                      		ret
    1424/4591 :                         
    1425/4591 :                         ;---------------------------------------
    1426/4591 :                         ; Ausgabe Symboltabelle
    1427/4591 : CD CF 4C                loc_457E:	call	sub_4CB6
    1428/4594 : CD D5 44                		call	loc_44C1	; Ausgabe "AC1 U880 Assembler"
    1429/4597 : DF                      		rst	18h		; ed_prnst
    1430/4598 :                         ;;		db "Symbol Tabl",0E5h
    1431/4598 : 53 79 6D 62 6F 6C 74 61 		db "Symboltabell",0E5h
         45A0 : 62 65 6C 6C E5         
    1432/45A5 :                         ;;		nop
    1433/45A5 : CD CF 4C                		call	sub_4CB6
    1434/45A8 : CD CF 4C                		call	sub_4CB6
    1435/45AB : 11 BC 40                		ld	de, unk_40A4	; Text "ZZZZZZ"
    1436/45AE : 21 B5 40                loc_459B:	ld	hl, unk_409D	; Text "FREE: END: SEC:"
    1437/45B1 : E5                      		push	hl
    1438/45B2 : E5                      		push	hl
    1439/45B3 : 2A 89 FE                		ld	hl, (word_5589)
    1440/45B6 : CD 7F 45                loc_45A3:	call	sub_456C
    1441/45B9 : 38 18                   		jr	c, loc_45C0
    1442/45BB : E5                      		push	hl
    1443/45BC : D5                      		push	de
    1444/45BD : CD 50 45                		call	sub_453D
    1445/45C0 : C1                      		pop	bc
    1446/45C1 : C1                      		pop	bc
    1447/45C2 : 30 F2                   		jr	nc, loc_45A3
    1448/45C4 : E1                      		pop	hl
    1449/45C5 : E5                      		push	hl
    1450/45C6 : C5                      		push	bc
    1451/45C7 : C5                      		push	bc
    1452/45C8 : CD 50 45                		call	sub_453D
    1453/45CB : E1                      		pop	hl
    1454/45CC : C1                      		pop	bc
    1455/45CD : 30 E7                   		jr	nc, loc_45A3
    1456/45CF : F1                      		pop	af
    1457/45D0 : C5                      		push	bc
    1458/45D1 : 18 E3                   		jr	loc_45A3
    1459/45D3 : E1                      loc_45C0:		pop	hl
    1460/45D4 : C1                      		pop	bc
    1461/45D5 : B7                      		or	a
    1462/45D6 : ED 42                   		sbc	hl, bc
    1463/45D8 : 09                      		add	hl, bc
    1464/45D9 : CA CF 4C                		jp	z, sub_4CB6
    1465/45DC : E5                      		push	hl
    1466/45DD : E5                      		push	hl
    1467/45DE : 23                      		inc	hl
    1468/45DF : CD B1 48                		call	sub_48B1
    1469/45E2 : E1                      		pop	hl
    1470/45E3 : 28 1E                   		jr	z, loc_45F2
    1471/45E5 : E5                      		push	hl
    1472/45E6 : EB                      		ex	de, hl
    1473/45E7 : EF                      		rst	28h		; ed_outhls
 AS V1.42 Beta [Bld 297] - Source File picoedas4-as.asm - Page 30 - 4/1/2026 15:28:38


    1474/45E8 :                         ;;		nop
    1475/45E8 : DF                      		rst	18h		; ed_prnst
    1476/45E9 : 08 48 A0                		db 8,'H',0A0h
    1477/45EC :                         ;;		nop
    1478/45EC : E1                      		pop	hl
    1479/45ED : 2B                      		dec	hl
    1480/45EE : CD 2B 46                		call	sub_4623	; Ausgabe Zeilennummer
    1481/45F1 : 06 07                   loc_45E0:		ld	b, 7
    1482/45F3 : CD A0 46                		call	sub_4699
    1483/45F6 : 21 D9 EF                		ld	hl, -1027h
    1484/45F9 : 19                      		add	hl, de
    1485/45FA : 11 27 10                		ld	de, 1027h
    1486/45FD : DC 3F 46                		call	c, setcu	; set cursor
    1487/4600 : D4 CF 4C                		call	nc, sub_4CB6
    1488/4603 : D1                      loc_45F2:	pop	de
    1489/4604 : 18 A8                   		jr	loc_459B
    1490/4606 :                         
    1491/4606 :                         
    1492/4606 :                         ;---------------------------------------
    1493/4606 :                         ; suche Zeile ARG1
    1494/4606 :                         ; ret HL = Zeilenanfang
    1495/4606 : 2A 00 FE                sub_45F5:	ld	hl, (BUFBEG)	; Anfangsdresse
    1496/4609 : 23                      loc_45F8:	inc	hl
    1497/460A : 23                      		inc	hl
    1498/460B : CD 3E 44                loc_45FA:	call	sub_442B	; Suche nächste Zeile
    1499/460E : C8                      		ret	z		; Textende erreicht
    1500/460F : 5E                      		ld	e, (hl)
    1501/4610 : 23                      		inc	hl
    1502/4611 : 56                      		ld	d, (hl)		; DE=Zeilennummer
    1503/4612 : 2B                      		dec	hl
    1504/4613 : E5                      		push	hl		; Zeilenanfang
    1505/4614 :                         ;;		nop
    1506/4614 :                         ;;		nop
    1507/4614 :                         ;;		nop
    1508/4614 :                         ;;		nop
    1509/4614 :                         ;;		nop
    1510/4614 :                         ;;		nop
    1511/4614 :                         ;;		nop
    1512/4614 :                         ;;		nop
    1513/4614 : 2A 5B 18                		ld	hl, (ARG1)	; wird ARG1 überschritten?
    1514/4617 : B7                      		or	a
    1515/4618 : ED 52                   		sbc	hl, de
    1516/461A : E1                      		pop	hl
    1517/461B : 3F                      		ccf
    1518/461C : D0                      		ret	nc		; schon größer
    1519/461D : C8                      		ret	z		; gefunden
    1520/461E : 18 EB                   		jr	loc_45FA
    1521/4620 :                         
    1522/4620 :                         ;---------------------------------------
    1523/4620 :                         ; Patch zu loc_4664 Zeichenklasse ermitteln
    1524/4620 :                         ; komprimierte Leerzeichen
    1525/4620 : B7                      loc_4617:	or	a		; 00?
    1526/4621 : 28 60                   		jr	z, loc_467C
    1527/4623 : FE 20                   		cp	' '		; komprimierte Leerzeichen?
    1528/4625 : 30 5C                   		jr	nc, loc_467C	; nein
    1529/4627 : 3E 20                   		ld	a, ' '		; ja, als Leerzeichen auswerten
    1530/4629 : 18 58                   		jr	loc_467C
    1531/462B :                         ;;		db    0
    1532/462B :                         
    1533/462B :                         ;---------------------------------------
 AS V1.42 Beta [Bld 297] - Source File picoedas4-as.asm - Page 31 - 4/1/2026 15:28:38


    1534/462B :                         ; Ausgabe Zeilennummer
    1535/462B : CD 56 46                sub_4623:	call	sub_464F	; ret DE=Zeilennummer
    1536/462E : D8                      		ret	c		; wenn Bereichsüberschreitung
    1537/462F : E5                      		push	hl		; Zeilenanfang
    1538/4630 : EB                      		ex	de, hl		; HL=Zeilennummer
    1539/4631 : EF                      		rst	28h		; ed_outhls Ausgabe HL
    1540/4632 :                         ;;		nop
    1541/4632 : 22 12 FE                		ld	(word_5512), hl	; Zeilennummer merken
    1542/4635 : E1                      		pop	hl		; Zeilenanfang
    1543/4636 : 23                      		inc	hl
    1544/4637 : CD BE 48                		call	sub_48BE
    1545/463A : CB 7F                   		bit	7, a
    1546/463C :                         ; set cursor bws(31,0)
    1547/463C : 11 3F 10                sub_4635:	ld	de, bws(31,0)
    1548/463F :                         ;---------------------------------------
    1549/463F :                         ; set cursor
    1550/463F :                         ; ret de=alte Cursorposition
    1551/463F : E5                      setcu:		push	hl
    1552/4640 : 2A 00 18                		ld	hl, (cupos)
    1553/4643 : EB                      		ex	de, hl
    1554/4644 : 22 00 18                		ld	(cupos), hl
    1555/4647 : E1                      		pop	hl
    1556/4648 : C9                      		ret
    1557/4649 :                         
    1558/4649 :                         ;---------------------------------------
    1559/4649 :                         ;die letzten beiden BWS-Zeilen leeren
    1560/4649 : 11 00 10                sub_4642:	ld	de, 1000h
    1561/464C : 06 7F                   		ld	b, 7Fh
    1562/464E :                         ; ab DE Bx Leerzeichen
    1563/464E : 3E 20                   sub_4647:	ld	a, ' '
    1564/4650 : 13                      loc_4649:	inc	de
    1565/4651 : 12                      		ld	(de), a
    1566/4652 : 10 FC                   		djnz	loc_4649
    1567/4654 : 18 E9                   		jr	setcu		; set cursor
    1568/4656 :                         
    1569/4656 :                         ; Zeilennummer holen
    1570/4656 :                         ; ret DE=Nummer, Cy=1 bei Ende oder Bereichsüberschreitung
    1571/4656 : 7E                      sub_464F:	ld	a, (hl)		; Test auf FF
    1572/4657 : C6 01                   		add	a, 1		; wenn A=FF war, dann Cy=1
    1573/4659 : 9F                      		sbc	a, a		;
    1574/465A : D8                      		ret	c		; bei FF
    1575/465B : 5E                      		ld	e, (hl)
    1576/465C : 23                      		inc	hl
    1577/465D : 56                      		ld	d, (hl)		; DE=Zeilennummer
    1578/465E : 2B                      		dec	hl
    1579/465F : E5                      		push	hl		; HL=Zeilenanfang
    1580/4660 : 2A 5D 18                		ld	hl, (ARG2)	; FFFF
    1581/4663 : ED 52                   		sbc	hl, de
    1582/4665 : E1                      		pop	hl
    1583/4666 : C9                      		ret
    1584/4667 :                         
    1585/4667 :                         ;---------------------------------------
    1586/4667 :                         ; Zeichen (HL) ausgeben
    1587/4667 : 7E                      sub_4660:	ld	a, (hl)
    1588/4668 :                         ; Zeichen (A) ausgeben
    1589/4668 : 12                      sub_4661:	ld	(de), a		; schreiben in BWS
    1590/4669 : 1B                      		dec	de		; Cursor weiter
    1591/466A :                         ;
    1592/466A : 23                      sub_4663:	inc	hl
    1593/466B :                         ;---------------------------------------
 AS V1.42 Beta [Bld 297] - Source File picoedas4-as.asm - Page 32 - 4/1/2026 15:28:38


    1594/466B :                         ;ret: C = Zeichenklasse
    1595/466B :                         ;	C0: A..Z
    1596/466B :                         ;	E0: 0..9
    1597/466B :                         ;	98: 0A0h ; Ende-Marker
    1598/466B :                         ;	Spezialzeichen s. unk_551D
    1599/466B :                         ; 	bit 6=1 bei ..
    1600/466B :                         ; 	bit 4=1 bei Kommentar, Zeilenende oder Ende-Marker
    1601/466B :                         ;	bit 0=1 bei Trenner (Leerzeichen, Komma)
    1602/466B : 7E                      loc_4664:	ld	a, (hl)
    1603/466C : FE 30                   		cp	30h ; '0'
    1604/466E : 38 B0                   		jr	c, loc_4617	; < 30h
    1605/4670 : FE 41                   		cp	41h ; 'A'
    1606/4672 : 38 0A                   		jr	c, loc_4677	; '0'..'@'
    1607/4674 : 0E C0                   		ld	c, 0C0h
    1608/4676 : FE 5B                   		cp	5Bh ; '['	; 'A'..'Z'
    1609/4678 : D8                      		ret	c
    1610/4679 : 0E 98                   		ld	c, 98h
    1611/467B : FE A0                   		cp	0A0h 		; Ende-Marker
    1612/467D : C8                      		ret	z
    1613/467E : 0E E0                   loc_4677:	ld	c, 0E0h
    1614/4680 : FE 3A                   		cp	3Ah ; ':'	; '0'..'9'
    1615/4682 : D8                      		ret	c
    1616/4683 :                         
    1617/4683 :                         ;---------------------------------------
    1618/4683 :                         ;
    1619/4683 : E5                      loc_467C:	push	hl
    1620/4684 : E6 7F                   		and	7Fh
    1621/4686 : 32 2D FE                		ld	(unk_552D), a	; Zeichen auch in Tabelle eintragen
    1622/4689 :                         					; damit die Fkt. determiniert
    1623/4689 : 21 1D FE                		ld	hl, unk_551D	; Tabelle Zeichenklassen Spezialzeichen
    1624/468C : 4E                      loc_4685:	ld	c, (hl)		; Zeichenklasse
    1625/468D : 23                      loc_4686:	inc	hl
    1626/468E : CB 7E                   		bit	7, (hl)
    1627/4690 : 20 FA                   		jr	nz, loc_4685
    1628/4692 : BE                      		cp	(hl)		; Vgl. Zeichen
    1629/4693 : 20 F8                   		jr	nz, loc_4686
    1630/4695 : E1                      		pop	hl
    1631/4696 : CB 61                   		bit	4, c		; bei Kommentar, Zeilenende oder Ende-Marker
    1632/4698 : C0                      		ret	nz
    1633/4699 : 37                      		scf			; Cy=1,wenn Bit4=0
    1634/469A : C9                      		ret
    1635/469B :                         
    1636/469B :                         ;---------------------------------------
    1637/469B :                         ;
    1638/469B : CB 59                   sub_4694:	bit	3, c
    1639/469D : C0                      		ret	nz
    1640/469E : 06 05                   		ld	b, 5
    1641/46A0 :                         ;
    1642/46A0 :                         ; in B = Anz. Zeichen
    1643/46A0 : CB 61                   sub_4699:	bit	4, c		; Kommentar, Zeilenende oder Ende-Marker?
    1644/46A2 : 20 07                   		jr	nz, loc_46A4	; ja
    1645/46A4 : CD 67 46                		call	sub_4660	; Zeichen (HL) ausgeben
    1646/46A7 : 10 F7                   		djnz	sub_4699
    1647/46A9 : 04                      		inc	b		; B=1
    1648/46AA : C9                      		ret
    1649/46AB : 1B                      loc_46A4:	dec	de		; cupos
    1650/46AC : 10 FD                   		djnz	loc_46A4
    1651/46AE : CD 6B 46                		call	loc_4664	; Zeichenklasse ermitteln
    1652/46B1 : CB 41                   loc_46AA:	bit	0, c		; Trenner (Leerzeichen, Komma) ?
    1653/46B3 : C8                      		ret	z		; nein
 AS V1.42 Beta [Bld 297] - Source File picoedas4-as.asm - Page 33 - 4/1/2026 15:28:38


    1654/46B4 : CD BE 48                		call	sub_48BE
    1655/46B7 : 18 F8                   		jr	loc_46AA
    1656/46B9 :                         
    1657/46B9 :                         ;---------------------------------------
    1658/46B9 :                         ; Ausgabe HL, wenn <> FFFF
    1659/46B9 :                         ; in DE=cupos
    1660/46B9 : 7C                      sub_46B2:	ld	a, h
    1661/46BA : A5                      		and	l
    1662/46BB : 3C                      		inc	a
    1663/46BC : C8                      		ret	z
    1664/46BD : CD 3F 46                		call	setcu		; set cursor
    1665/46C0 : EF                      		rst	28h		; ed_outhls
    1666/46C1 :                         ;;		nop
    1667/46C1 : C9                      		ret
    1668/46C2 :                         
    1669/46C2 :                         ;---------------------------------------
    1670/46C2 :                         ;in HL Ende erster Parameter (in BWS)
    1671/46C2 : 06 00                   sub_46BC:	ld	b, 0
    1672/46C4 : E5                      sub_46BE:	push	hl
    1673/46C5 : FD 66 F6                		ld	h, (iy-0Ah)
    1674/46C8 : 2E 70                   		ld	l, 70h ; 'p'
    1675/46CA : E3                      		ex	(sp), hl	; Wert auf Stack, HL restaurieren
    1676/46CB : 11 00 00                		ld	de, 0
    1677/46CE : CD 6B 46                		call	loc_4664	; Zeichenklasse ermitteln
    1678/46D1 : FE 28                   		cp	28h ; '('
    1679/46D3 : 20 2E                   		jr	nz, loc_46FD
    1680/46D5 : E3                      		ex	(sp), hl
    1681/46D6 : CB 54                   		bit	2, h
    1682/46D8 : 20 76                   		jr	nz, loc_474C
    1683/46DA : CB D4                   		set	2, h
    1684/46DC : 2C                      		inc	l
    1685/46DD :                         ; nächsten Parameter bearbeiten
    1686/46DD : CB 98                   loc_46D7:	res	3, b
    1687/46DF : E3                      loc_46D9:	ex	(sp), hl
    1688/46E0 : CD BE 48                		call	sub_48BE
    1689/46E3 : 38 1E                   		jr	c, loc_46FD
    1690/46E5 : E3                      		ex	(sp), hl
    1691/46E6 : FD 74 F6                		ld	(iy-0Ah), h
    1692/46E9 : CB 60                   		bit	4, b
    1693/46EB : 20 0A                   		jr	nz, loc_46F1
    1694/46ED : CB 48                   		bit	1, b
    1695/46EF : 20 0D                   		jr	nz, loc_46F8
    1696/46F1 : ED 53 F2 FE             		ld	(word_55F2), de
    1697/46F5 : 18 07                   		jr	loc_46F8
    1698/46F7 : 7B                      loc_46F1:	ld	a, e
    1699/46F8 : CD C7 43                		call	sub_43B1
    1700/46FB : FD 73 F7                		ld	(iy-9), e
    1701/46FE : 45                      loc_46F8:	ld	b, l
    1702/46FF : E1                      		pop	hl
    1703/4700 : C3 DE 48                		jp	loc_48DE
    1704/4703 :                         ;
    1705/4703 : ED 53 82 FE             loc_46FD:	ld	(word_5582), de
    1706/4707 : CB 69                   		bit	5, c		; Zeichenklasse
    1707/4709 : 28 36                   		jr	z, loc_473D
    1708/470B : FE 22                   		cp	22h ; '"'
    1709/470D : 20 0F                   		jr	nz, loc_4718
    1710/470F : CD BE 48                		call	sub_48BE
    1711/4712 : 16 00                   		ld	d, 0
    1712/4714 : 5F                      		ld	e, a
    1713/4715 : FE A0                   		cp	0A0h ; 'á'
 AS V1.42 Beta [Bld 297] - Source File picoedas4-as.asm - Page 34 - 4/1/2026 15:28:38


    1714/4717 : 20 25                   		jr	nz, loc_473A
    1715/4719 : 1E 20                   		ld	e, 20h ; ' '
    1716/471B : 23                      		inc	hl
    1717/471C : 18 20                   		jr	loc_473A
    1718/471E : EB                      loc_4718:	ex	de, hl
    1719/471F : FE 23                   		cp	23h ; '#'
    1720/4721 : 28 14                   		jr	z, loc_4732
    1721/4723 : D5                      		push	de
    1722/4724 : F7                      		rst	30h		; ed_konvx
    1723/4725 :                         ;;		nop
    1724/4725 : 1A                      		ld	a, (de)		; Zeichen nach Ziffern
    1725/4726 : FE 48                   		cp	'H'		; folgt suffix 'H'?
    1726/4728 : 20 07                   		jr	nz, loc_472C	; nein, dezimal
    1727/472A : E1                      		pop	hl
    1728/472B : 2A 59 18                		ld	hl, (data+1)	; Wert
    1729/472E : 1B                      		dec	de		; nächstes Zeichen (BWS)
    1730/472F : 18 0B                   		jr	loc_4738
    1731/4731 : D1                      loc_472C:	pop	de
    1732/4732 : CD FE 43                		call	sub_43EB	; Ascii Dez -> Hex
    1733/4735 : 18 05                   		jr	loc_4738
    1734/4737 : 1B                      loc_4732:	dec	de
    1735/4738 : F7                      		rst	30h		; ed_konvx
    1736/4739 :                         ;;		nop
    1737/4739 : 2A 59 18                		ld	hl, (data+1)
    1738/473C : EB                      loc_4738:	ex	de, hl		; DE=num. Parameter
    1739/473D : 23                      		inc	hl		; vorheriges Zeichen (BWS)
    1740/473E : E3                      loc_473A:	ex	(sp), hl
    1741/473F : 18 58                   		jr	loc_4795
    1742/4741 : CB 71                   loc_473D:	bit	6, c
    1743/4743 : 28 74                   		jr	z, loc_47B5
    1744/4745 : CD EC 44                		call	sub_44D9
    1745/4748 : 23                      		inc	hl
    1746/4749 : E3                      		ex	(sp), hl
    1747/474A : 20 3E                   		jr	nz, loc_4786
    1748/474C : CB 48                   		bit	1, b
    1749/474E : 3E 24                   		ld	a, 24h 		; Error 24 - zu viele Register
    1750/4750 : 20 75                   loc_474C:	jr	nz, loc_47C3	; Fehler ausgeben
    1751/4752 : CB 50                   		bit	2, b
    1752/4754 : 20 71                   		jr	nz, loc_47C3	; Fehler ausgeben
    1753/4756 : CB C8                   		set	1, b
    1754/4758 : 7A                      		ld	a, d
    1755/4759 : FE 62                   		cp	62h ; 'b'
    1756/475B : 20 21                   		jr	nz, loc_477A
    1757/475D : 7B                      		ld	a, e
    1758/475E : E6 30                   		and	30h ; '0'
    1759/4760 : F5                      		push	af
    1760/4761 : B0                      		or	b
    1761/4762 : 47                      		ld	b, a
    1762/4763 : 0F                      		rrca
    1763/4764 : 0F                      		rrca
    1764/4765 : 0F                      		rrca
    1765/4766 : 0F                      		rrca
    1766/4767 : A5                      		and	l
    1767/4768 : E6 01                   		and	1
    1768/476A : B4                      		or	h
    1769/476B : 67                      		ld	h, a
    1770/476C : F1                      		pop	af
    1771/476D : CB 7C                   		bit	7, h
    1772/476F : 20 06                   		jr	nz, loc_4773
    1773/4771 : CB FC                   		set	7, h
 AS V1.42 Beta [Bld 297] - Source File picoedas4-as.asm - Page 35 - 4/1/2026 15:28:38


    1774/4773 : B4                      		or	h
    1775/4774 : 67                      		ld	h, a
    1776/4775 : 18 07                   		jr	loc_477A
    1777/4777 : AC                      loc_4773:	xor	h
    1778/4778 : E6 30                   		and	30h ; '0'
    1779/477A : 3E 25                   		ld	a, 25h 		; Error 25 - unzulässige Operandenkombination
    1780/477C : 20 49                   		jr	nz, loc_47C3	; Fehler ausgeben
    1781/477E : 7D                      loc_477A:	ld	a, l
    1782/477F : E6 01                   		and	1
    1783/4781 : B2                      		or	d
    1784/4782 : 6F                      		ld	l, a
    1785/4783 : ED 5B 82 FE             		ld	de, (word_5582)
    1786/4787 : C3 DD 46                loc_4783:	jp	loc_46D7
    1787/478A :                         ;
    1788/478A : 30 0D                   loc_4786:	jr	nc, loc_4795
    1789/478C : FD 7E F6                		ld	a, (iy-0Ah)
    1790/478F : E6 08                   		and	8
    1791/4791 : B4                      		or	h
    1792/4792 : 67                      		ld	h, a
    1793/4793 : CB 40                   		bit	0, b
    1794/4795 : 3E 41                   		ld	a, 41h 		; Error 41 - illegale Vorwärtsreferenz
    1795/4797 : 20 2E                   		jr	nz, loc_47C3	; Fehler ausgeben
    1796/4799 :                         loc_4795:
    1797/4799 : E5                      		push	hl
    1798/479A : CB 58                   		bit	3, b
    1799/479C : 2A 82 FE                		ld	hl, (word_5582)
    1800/479F : 20 03                   		jr	nz, loc_47A0
    1801/47A1 : 19                      		add	hl, de
    1802/47A2 : 18 03                   		jr	loc_47A3
    1803/47A4 : B7                      loc_47A0:	or	a
    1804/47A5 : ED 52                   		sbc	hl, de
    1805/47A7 : EB                      loc_47A3:	ex	de, hl
    1806/47A8 : E1                      		pop	hl
    1807/47A9 : CB 48                   		bit	1, b
    1808/47AB : 28 DA                   		jr	z, loc_4783
    1809/47AD : CB 60                   		bit	4, b
    1810/47AF : 3E 27                   		ld	a, 27h 		; Error 27 - illegaler Operand
    1811/47B1 : 28 14                   		jr	z, loc_47C3	; Fehler ausgeben
    1812/47B3 : CB 45                   		bit	0, l
    1813/47B5 : 28 10                   		jr	z, loc_47C3	; Fehler ausgeben
    1814/47B7 : 18 CE                   		jr	loc_4783
    1815/47B9 : CB D8                   loc_47B5:	set	3, b
    1816/47BB : E3                      		ex	(sp), hl
    1817/47BC : FE 2D                   		cp	2Dh ; '-'
    1818/47BE : CA DF 46                		jp	z, loc_46D9
    1819/47C1 : CB 49                   		bit	1, c
    1820/47C3 : 20 C2                   		jr	nz, loc_4783
    1821/47C5 : 3E 26                   		ld	a, 26h 		; Error 26 - illegales Zeichen
    1822/47C7 :                         ; Fehler ausgeben (fwd)
    1823/47C7 : C3 23 4B                loc_47C3:	jp	loc_4B30	; Fehler ausgeben
    1824/47CA :                         
    1825/47CA :                         ;---------------------------------------
    1826/47CA :                         ; Ausgabe MC
    1827/47CA : D9                      sub_47C6:	exx
    1828/47CB : 2A 0C FE                		ld	hl, (word_550C)	; MC-Adr.
    1829/47CE : FD CB 00 4E             		bit	1, (iy+0)	;
    1830/47D2 : CA 67 48                		jp	z, loc_4864	; Byte eintragen
    1831/47D5 : FD CB 01 5E             		bit	3, (iy+1)	; Assembleroptionen
    1832/47D9 : 18 32                   		jr	loc_4809	; ..weiter
    1833/47DB :                         
 AS V1.42 Beta [Bld 297] - Source File picoedas4-as.asm - Page 36 - 4/1/2026 15:28:38


    1834/47DB :                         ;---------------------------------------
    1835/47DB :                         ; rst30
    1836/47DB :                         ; fuehrende Leerzeichen ueberlesen,
    1837/47DB :                         ; letzen vier Zeichen als Hexzahl konvertieren
    1838/47DB :                         ; und in data ablegen
    1839/47DB :                         ; entspricht Routine im Monitor
    1840/47DB :                         ; ret HL = data, data = Anz. Stellen; data+1=word
    1841/47DB : 1A                      konvx:		ld	a, (de)
    1842/47DC : FE 20                   		cp	' '
    1843/47DE : 1B                      		dec	de
    1844/47DF : 28 FA                   		jr	z, konvx
    1845/47E1 : 13                      		inc	de
    1846/47E2 : AF                      		xor	a
    1847/47E3 : 21 58 18                konvx1:		ld	hl, data	; Puffer, im Monitor
    1848/47E6 : 77                      		ld	(hl), a
    1849/47E7 : 23                      		inc	hl
    1850/47E8 : 77                      		ld	(hl), a
    1851/47E9 : 23                      		inc	hl
    1852/47EA : 77                      		ld	(hl), a
    1853/47EB : 1A                      konvx2:		ld	a, (de)
    1854/47EC : 2B                      		dec	hl
    1855/47ED : 2B                      		dec	hl
    1856/47EE : D6 30                   		sub	30h ; '0'
    1857/47F0 : F8                      		ret	m
    1858/47F1 : FE 0A                   		cp	0Ah
    1859/47F3 : 38 08                   		jr	c, konvx3
    1860/47F5 : D6 07                   		sub	7
    1861/47F7 : FE 0A                   		cp	0Ah
    1862/47F9 : F8                      		ret	m
    1863/47FA : FE 10                   		cp	10h
    1864/47FC : F0                      		ret	p
    1865/47FD : 1B                      konvx3:		dec	de
    1866/47FE : 34                      		inc	(hl)
    1867/47FF : 23                      		inc	hl
    1868/4800 : ED 6F                   		rld
    1869/4802 : 23                      		inc	hl
    1870/4803 : ED 6F                   		rld
    1871/4805 : 18 E4                   		jr	konvx2
    1872/4807 :                         
    1873/4807 :                         ;---------------------------------------
    1874/4807 :                         ; UP zu SWAP
    1875/4807 : CD 7C 51                loc_4803:	call	sub_5169
    1876/480A : C3 E8 4B                		jp	loc_4BE6
    1877/480D :                         
    1878/480D :                         ;---------------------------------------
    1879/480D :                         ; UP zu sub_47C6
    1880/480D : 2A 0C FE                loc_4809:	ld	hl, (word_550C)	; MC-Adr.
    1881/4810 : E5                      		push	hl
    1882/4811 : FD CB 01 4E             		bit	1, (iy+1)	; Assembleroptionen
    1883/4815 :                         					; "MC in Speicher laden"
    1884/4815 : 28 2B                   		jr	z, loc_483E	; nein
    1885/4817 : ED 5B 0A FE             		ld	de, (mc_ofs)	; offset for code generation
    1886/481B : 19                      		add	hl, de
    1887/481C : FD CB 00 76             		bit	6, (iy+0)
    1888/4820 : 20 20                   		jr	nz, loc_483E
    1889/4822 :                         		;;ld	bc, RAMA	; Bereich loc_5400..unk_5600
    1890/4822 : 01 B0 FD                		LD	BC, word_54B0
    1891/4825 : 11 00 FF                		ld	de, unk_5600
    1892/4828 : CD F3 48                		call	sub_48F5	; testen
    1893/482B : 01 00 40                		ld	bc, loc_4000	; Bereich loc_4000..loc_53FC+3
 AS V1.42 Beta [Bld 297] - Source File picoedas4-as.asm - Page 37 - 4/1/2026 15:28:38


    1894/482E :                         		;;ld	de, loc_53FC+3
    1895/482E : 11 00 60                		ld	de, unk_6000
    1896/4831 : CD F3 48                		call	sub_48F5	; testen
    1897/4834 : ED 4B 00 FE             		ld	bc, (BUFBEG)	; Anfangsdresse
    1898/4838 : E5                      		push	hl
    1899/4839 : CD 79 44                		call	sub_4466	; Bufferende
    1900/483C : EB                      		ex	de, hl
    1901/483D : E1                      		pop	hl
    1902/483E : CD F3 48                		call	sub_48F5	; testen
    1903/4841 : 77                      		ld	(hl), a		; Code in Speicher schreiben
    1904/4842 : FD CB 00 46             loc_483E:	bit	0, (iy+0)
    1905/4846 : 20 1E                   		jr	nz, loc_4863
    1906/4848 : 2A 00 18                		ld	hl, (cupos)
    1907/484B : C3 C8 48                		jp	loc_48C8
    1908/484E :                         ;;		db    0
    1909/484E :                         
    1910/484E :                         
    1911/484E :                         ;
    1912/484E : 30 13                   loc_484B:	jr	nc, loc_4860
    1913/4850 : F5                      		push	af
    1914/4851 : CD CF 4C                		call	sub_4CB6
    1915/4854 : 11 39 10                		ld	de, bws(31,6)	; 1039h
    1916/4857 : 06 46                   		ld	b, 46h ; 'F'
    1917/4859 : CD 4E 46                		call	sub_4647
    1918/485C : 11 7A 10                		ld	de, bws(30,5)	; 107Ah
    1919/485F : CD 3F 46                		call	setcu		; set cursor
    1920/4862 : F1                      		pop	af
    1921/4863 : CD EE 07                loc_4860:	call	OUTHEX
    1922/4866 : E1                      loc_4863:	pop	hl
    1923/4867 :                         ; Byte eintragen
    1924/4867 : 23                      loc_4864:	inc	hl
    1925/4868 : 22 0C FE                		ld	(word_550C), hl	; MC-Adr.
    1926/486B : D9                      		exx
    1927/486C : C9                      		ret
    1928/486D :                         
    1929/486D :                         ; Fehlerzähler rücksetzen
    1930/486D : 21 B2 FE                sub_486A:	ld	hl, errcnt		; Fehlerzähler
    1931/4870 : AF                      		xor	a
    1932/4871 : 77                      		ld	(hl), a
    1933/4872 : 23                      		inc	hl
    1934/4873 : 77                      		ld	(hl), a
    1935/4874 : 21 09 09                		ld	hl, 909h		; Defaultwert f. word_557C
    1936/4877 : C9                      		ret
    1937/4878 :                         
    1938/4878 :                         ; Fehlerzähler um 1 erhöhen (BCD)
    1939/4878 : 2A B2 FE                sub_4875:	ld	hl, (errcnt)		; Fehlerzähler
    1940/487B : B7                      		or	a
    1941/487C : 7D                      		ld	a, l
    1942/487D : 3C                      		inc	a
    1943/487E : 27                      		daa
    1944/487F : 20 02                   		jr	nz, loc_4880
    1945/4881 : AF                      		xor	a
    1946/4882 : 24                      		inc	h
    1947/4883 : 6F                      loc_4880:	ld	l, a
    1948/4884 : 22 B2 FE                		ld	(errcnt), hl		; Fehlerzähler
    1949/4887 : C9                      		ret
    1950/4888 :                         
    1951/4888 :                         ;---------------------------------------
    1952/4888 :                         ; Ausgabe "Error "
    1953/4888 : DF                      error:		rst	18h		; ed_prnst
 AS V1.42 Beta [Bld 297] - Source File picoedas4-as.asm - Page 38 - 4/1/2026 15:28:38


    1954/4889 : 46 65 68 6C 65 72 A0    		db "Fehler",0A0h
    1955/4890 : C9                      		ret
    1956/4891 :                         
    1957/4891 :                         ;---------------------------------------
    1958/4891 :                         ; Ausgabe Anz. Fehler
    1959/4891 : 2A B2 FE                loc_488D:	ld	hl, (errcnt)	; Fehlerzähler
    1960/4894 : D5                      		push	de
    1961/4895 : CD CF 4C                		call	sub_4CB6
    1962/4898 : 11 77 10                		ld	de, bws(30,8)
    1963/489B : CD 3F 46                		call	setcu		; set cursor
    1964/489E : D1                      		pop	de
    1965/489F : CD B6 48                		call	sub_48B6	; Ausgabe "******"
    1966/48A2 : EF                      		rst	28h		; ed_outhls
    1967/48A3 :                         					; Ausgabe Fehlerzähler
    1968/48A3 : CD 88 48                		call	error		; Ausgabe "Error "
    1969/48A6 : 2B                      		dec	hl
    1970/48A7 : 7D                      		ld	a, l
    1971/48A8 : B4                      		or	h		; Fehlerzähler = 1?
    1972/48A9 : 28 00                   		jr	z, loc_48AB	; ja
    1973/48AB :                         ;;		rst	18h		; ed_prnst
    1974/48AB :                         ;;		db 8,'s',0A0h		; sonst Plural "Errors "
    1975/48AB : CD B6 48                loc_48AB:	call	sub_48B6	; Ausgabe "******"
    1976/48AE : C3 CF 4C                		jp	sub_4CB6
    1977/48B1 :                         
    1978/48B1 :                         ;---------------------------------------
    1979/48B1 :                         ; Patch zu
    1980/48B1 : C5                      sub_48B1:	push	bc
    1981/48B2 : 2B                      		dec	hl
    1982/48B3 : C3 EE 44                		jp	loc_44DB
    1983/48B6 :                         
    1984/48B6 :                         ;---------------------------------------
    1985/48B6 :                         ; Ausgabe "******"
    1986/48B6 : DF                      sub_48B6:	rst	18h		; ed_prnst
    1987/48B7 : 2A 2A 2A 2A 2A A0       		db "*****",0A0h
    1988/48BD : C9                      		ret
    1989/48BE :                         
    1990/48BE :                         ;---------------------------------------
    1991/48BE :                         ; nächstes Zeichen
    1992/48BE :                         sub_48BE:	; test auf BWS Ende
    1993/48BE : 3E 17                   		ld	a, 17h		; BWS
    1994/48C0 : 94                      		sub	h		; HL=cupos
    1995/48C1 : DA 6A 46                		jp	c, sub_4663	; wenn BWS unterschritten
    1996/48C4 :                         					; dann ein Zeichen zurück
    1997/48C4 :                         					; und Zeichenklasse ermitteln
    1998/48C4 : 2B                      sub_48C4:	dec	hl		; sonst ein Zeichen vor
    1999/48C5 : C3 6B 46                		jp	loc_4664	; und Zeichenklasse ermitteln
    2000/48C8 :                         
    2001/48C8 :                         ;---------------------------------------
    2002/48C8 :                         ;
    2003/48C8 : 11 74 10                loc_48C8:	ld	de, 1074h	; bws(30,11)
    2004/48CB : B7                      		or	a
    2005/48CC : ED 52                   		sbc	hl, de
    2006/48CE : C3 4E 48                		jp	loc_484B
    2007/48D1 :                         ;
    2008/48D1 : F5                      sub_48D1:	push	af
    2009/48D2 : 7E                      loc_48D2:	ld	a, (hl)
    2010/48D3 : 12                      		ld	(de), a
    2011/48D4 : 23                      		inc	hl
    2012/48D5 : 1B                      		dec	de
    2013/48D6 : 0D                      		dec	c
 AS V1.42 Beta [Bld 297] - Source File picoedas4-as.asm - Page 39 - 4/1/2026 15:28:38


    2014/48D7 : 20 F9                   		jr	nz, loc_48D2
    2015/48D9 : F1                      		pop	af
    2016/48DA : 21 5A 18                		ld	hl, data+2
    2017/48DD : C9                      		ret
    2018/48DE :                         
    2019/48DE :                         ;
    2020/48DE : CD 6B 46                loc_48DE:	call	loc_4664	; Zeichenklasse ermitteln
    2021/48E1 : CB 41                   sub_48E1:	bit	0, c		; Trenner (Leerzeichen, Komma) ?
    2022/48E3 : C8                      		ret	z		; nein
    2023/48E4 : CD BE 48                		call	sub_48BE
    2024/48E7 : 18 F8                   		jr	sub_48E1
    2025/48E9 :                         
    2026/48E9 :                         ;---------------------------------------
    2027/48E9 : E3                      prnst0:		ex	(sp), hl
    2028/48EA : 7E                      prnst1:		ld	a, (hl)
    2029/48EB : 23                      		inc	hl
    2030/48EC : D7                      		rst	10h		; ed_outch0
    2031/48ED : CB 7F                   		bit	7, a
    2032/48EF : 28 F9                   		jr	z, prnst1
    2033/48F1 : E3                      		ex	(sp), hl
    2034/48F2 : C9                      		ret
    2035/48F3 :                         
    2036/48F3 :                         ;---------------------------------------
    2037/48F3 :                         ;;		db    0
    2038/48F3 :                         ;;		db 0FFh
    2039/48F3 :                         
    2040/48F3 :                         ;---------------------------------------
    2041/48F3 :                         ; Bereichstest HL between BC and DE
    2042/48F3 : E5                      sub_48F5:	push	hl
    2043/48F4 : B7                      		or	a
    2044/48F5 : ED 52                   		sbc	hl, de
    2045/48F7 : E1                      		pop	hl
    2046/48F8 : D0                      		ret	nc
    2047/48F9 : E5                      		push	hl
    2048/48FA : B7                      		or	a
    2049/48FB : ED 42                   		sbc	hl, bc
    2050/48FD : E1                      		pop	hl
    2051/48FE : D8                      		ret	c
    2052/48FF :                         		; Fehlerfall
    2053/48FF : FD CB 00 F6             		set	6, (iy+0)
    2054/4903 : 3E 60                   		ld	a, 60h 		; Error 60 - memory object code overwriting
    2055/4905 : C3 23 4B                		jp	loc_4B30	; Fehler ausgeben
    2056/4908 :                         
    2057/4908 :                         ;---------------------------------------
    2058/4908 :                         ; Reaktivieren eines vorhandenen Quelltextes
    2059/4908 :                         ; Y - Reaktivieren des Editierpuffers. Hiermit kann ein im Speicher vorhandener
    2060/4908 :                         ; Quelltext nach einem Kaltstart von EDAS*4 wieder aktiviert werden. Das ist
    2061/4908 :                         ; notwendig, wenn eine Quelle von Kassette geladen wurde oder wenn nach einem
    2062/4908 :                         ; eventuellen Systemabsturz die Quelle noch erhalten geblieben ist. Ein
    2063/4908 :                         ; Reaktivieren ist jedoch nur so lange möglich, wie noch keine Quellzeile
    2064/4908 :                         ; eingegeben wurde. Außerdem muß natürlich der Anfang des vereinbarten
    2065/4908 :                         ; Editierpuffers mit dem Anfang des Quelltextes übereinstimmen.
    2066/4908 :                         
    2067/4908 : 2A 00 FE                REUSE:		ld	hl, (BUFBEG)	; Anfangsdresse
    2068/490B : 23                      		inc	hl
    2069/490C : 23                      		inc	hl		; Länge
    2070/490D : 23                      		inc	hl
    2071/490E : 23                      		inc	hl		; Offs
    2072/490F : 23                      		inc	hl		; Trenner
    2073/4910 : 7E                      		ld	a, (hl)		; 1. Zeilennummer bzw. FF
 AS V1.42 Beta [Bld 297] - Source File picoedas4-as.asm - Page 40 - 4/1/2026 15:28:38


    2074/4911 : FE FF                   		cp	0FFh		; bei leerem Puffer
    2075/4913 : 3E 05                   		ld	a, 5		; Error 05 - Reaktivieren des Puffers nicht möglich
    2076/4915 : C2 27 4B                		jp	nz, sub_4B34	; Fehler ausgeben, wenn nicht FF
    2077/4918 : 2A 75 FE                		ld	hl, (p_BUFBEG)	; Parameter ARG2 Anfangsadresse
    2078/491B : 22 00 FE                		ld	(BUFBEG), hl	; Anfangsdresse
    2079/491E : 11 6F FE                		ld	de, unk_556F	; Buffersicherung
    2080/4921 : 01 06 00                		ld	bc, 6		; Länge
    2081/4924 : EB                      		ex	de, hl
    2082/4925 : ED B0                   		ldir			; rückschreiben
    2083/4927 : C9                      		ret
    2084/4928 :                         ;---------------------------------------
    2085/4928 :                         ; Assembleroptionen setzen/rücksetzen
    2086/4928 :                         ; +x - Ergänze Option (nur bitweise).
    2087/4928 :                         
    2088/4928 : 7D                      SETOPT:		ld	a, l
    2089/4929 : FD B6 01                		or	(iy+1)		; Assembleroptionen
    2090/492C : 18 08                   		jr	loc_4938
    2091/492E :                         
    2092/492E :                         ;---------------------------------------
    2093/492E :                         ; Assembleroptionen setzen/rücksetzen
    2094/492E :                         ; -x - Streiche Option (nur bitweise).
    2095/492E :                         
    2096/492E : 7D                      RESOPT:		ld	a, l
    2097/492F : 2F                      		cpl
    2098/4930 : FD A6 01                		and	(iy+1)		; Assembleroptionen
    2099/4933 : 18 01                   		jr	loc_4938
    2100/4935 :                         
    2101/4935 :                         ;---------------------------------------
    2102/4935 :                         ; Assembleroptionen setzen/rücksetzen
    2103/4935 :                         ; O x - Setze Assembler-Option mit Maske (1 Byte).
    2104/4935 :                         ; Bit 0 +01 - Unterdrücke Assemblerlisting; fehlerhafte Zeilen werden trotzdem
    2105/4935 :                         ; ausgegeben.
    2106/4935 :                         ; Bit 1 +02 - Maschinenkode in Speicher laden; nur wenn dieses Bit gesetzt ist,
    2107/4935 :                         ; wird der Maschinenkode im zugehörenden Speicher abgelegt.
    2108/4935 :                         ; Bit 2 +04 - Assemblerlisting zur Druckerschnittstelle; das Assemblerlisting wird
    2109/4935 :                         ; zeichenweise der Druckerschnittstelle übergeben.
    2110/4935 :                         ; Bit 4 + 10 - Erzwinge 2. Lauf bei Fehlern im 1. Lauf; im Normalfall wird bei
    2111/4935 :                         ; Fehlern im Lauf 1 an dessen Ende der Assembler abgebrochen.
    2112/4935 :                         ; Bit 5 +20 - Relative Sprungdistanzen sind absolut angegeben; hiermit kann z.B.
    2113/4935 :                         ; der Sprungangabe bei SYPS K 1520 entsprochen werden (z.B. JR marke-$).
    2114/4935 :                         ; Bit 7 + 80 - Ausgabe einer Symboltabelle; im Anschluß an den zweiten
    2115/4935 :                         ; Assemblerlauf wird eine alphabetisch geordnete Liste aller verwendeten Symbole
    2116/4935 :                         ; erzeugt, die auch deren Werte und die Zeilen, in denen sie definiert wurden,
    2117/4935 :                         ; enthält.
    2118/4935 :                         
    2119/4935 : 7D                      OPTIONS:	ld	a, l
    2120/4936 :                         loc_4938:	;;and	0B7h
    2121/4936 : E6 F7                   		and	0F7h
    2122/4938 : FD 77 01                		ld	(iy+1),	a	; Assembleroptionen
    2123/493B : 32 07 FE                		ld	(byte_5507), a	; Assembleroptionen
    2124/493E : C9                      		ret
    2125/493F :                         ;;		nop
    2126/493F :                         ;;		nop
    2127/493F :                         
    2128/493F :                         ;---------------------------------------
    2129/493F :                         ; Seitengröße auf Bildschirm einstellen
    2130/493F :                         ; H h - Setzen der Seitengröße auf h (hex.).
    2131/493F :                         ; H - Setzen der Seitengröße auf 25 Zeilen.
    2132/493F :                         ; H 0 - Setzen auf kontinuierliche Ausgabe.
    2133/493F :                         ; Nach der Ausgabe von h Zeilen auf dem Bildschirm wird die Ausgabe unterbrochen
 AS V1.42 Beta [Bld 297] - Source File picoedas4-as.asm - Page 41 - 4/1/2026 15:28:38


    2134/493F :                         ; und nach dem Drücken einer Taste um jeweils eine weitere Seitengröße
    2135/493F :                         ; fortgesetzt. Nach dem Start ist die Seitengröße auf 25 Zeilen festgelegt.
    2136/493F :                         
    2137/493F : 7D                      HEIGHT:		ld	a, l		; in HL=1.Parameter Hex
    2138/4940 : 20 02                   		jr	nz, loc_4948
    2139/4942 : 3E 19                   		ld	a, 25
    2140/4944 : 32 14 FE                loc_4948:	ld	(byte_5514), a
    2141/4947 : C9                      		ret
    2142/4948 :                         
    2143/4948 :                         ;---------------------------------------
    2144/4948 :                         ; Ansprung des assemblierten Programms
    2145/4948 :                         ; G - direkter Ansprung des assemblierten Programms zur Adresse, die mit ENT
    2146/4948 :                         ; markiert wurde. Voraussetzung zur Ausführung dieses Kommandos sind ein
    2147/4948 :                         ; Assemblerlauf mit gesetztem Bit 1 und eine ENT-Anweisung im Quelltext. Vor
    2148/4948 :                         ; Ausführung dieses Kommandos empfiehlt es sich, die aktuelle Quelle auf Kassette
    2149/4948 :                         ; zu sichern, da man nie sicher ist, ob sich nicht doch ein Fehler im Programm
    2150/4948 :                         ; befindet.
    2151/4948 :                         
    2152/4948 : 2A 0A FE                GO:		ld	hl, (mc_ofs)	; offset for code generation
    2153/494B : 7C                      		ld	a, h
    2154/494C : B5                      		or	l
    2155/494D : 20 26                   		jr	nz, loc_4963	; bei offs kein Go
    2156/494F : FD CB 01 4E             		bit	1, (iy+1)	; Assembleroptionen
    2157/4953 : 28 20                   		jr	z, loc_4963	; no code, no Go
    2158/4955 : 2A 0E FE                		ld	hl, (word_550E)	; ENT-Adresse
    2159/4958 : 23                      		inc	hl
    2160/4959 : 7C                      		ld	a, h
    2161/495A : B5                      		or	l
    2162/495B : 28 18                   		jr	z, loc_4963	; no ENT Adr.
    2163/495D :                         ;;		jr	loc_497A
    2164/495D :                         
    2165/495D : CD 88 49                		call    loc_497A
    2166/4960 : 21 3F 10                		ld      hl, 103Fh
    2167/4963 : 22 00 18                		ld      (cupos), hl
    2168/4966 : DF                      		rst     18h
    2169/4967 : 3C 54 61 73 74 65 2E 2E 		db '<Taste...'
         496F : 2E                     
    2170/4970 : BE                      		db 0BEh
    2171/4971 : CF                      		rst     8
    2172/4972 : C3 3F 4B                		jp      WARM
    2173/4975 :                         
    2174/4975 : 3E 04                   loc_4963:	ld	a, 4		; Error 04 -- illegal GO
    2175/4977 : C3 23 4B                		jp	loc_4B30	; Fehler ausgeben
    2176/497A :                         
    2177/497A :                         ;---------------------------------------
    2178/497A :                         ; Ausgabeverzögerung setzen
    2179/497A :                         ; J h - Setzen einer Schirmausgabeverzögerung (h 1..FF).
    2180/497A :                         ; J 0 - Rücksetzen der Verzögerung.
    2181/497A :                         
    2182/497A : 7D                      DELAY:		ld	a, l		; in HL=1.Parameter Hex
    2183/497B : 32 09 FE                		ld	(byte_5509), a	; Ausgabeverzögerung BWS
    2184/497E : C9                      		ret
    2185/497F :                         
    2186/497F :                         ;---------------------------------------
    2187/497F :                         ; K h - Wie J, aber nur bei Druckerausgabe.
    2188/497F :                         ; Mit dem "J"- bzw. "K"-Kommando läßt sich die Geschwindigkeit der Bildschirm bzw.
    2189/497F :                         ; Druckerausgabe steuern, in dem entsprechend dem Argument h nach jedem cr
    2190/497F :                         ; gewartet wird. Nach dem Start sind beide Verzögerungen ausgeschaltet.
    2191/497F :                         
    2192/497F : 7D                      PDELAY:		ld	a, l		; in HL=1.Parameter Hex
 AS V1.42 Beta [Bld 297] - Source File picoedas4-as.asm - Page 42 - 4/1/2026 15:28:38


    2193/4980 : 32 08 FE                		ld	(byte_5508), a	; Ausgabeverzögerung Druck
    2194/4983 : C9                      		ret
    2195/4984 :                         
    2196/4984 :                         ;???
    2197/4984 :                         ;;		ld	(byte_5508), hl	; Ausgabeverzögerung Druck
    2198/4984 :                         ;;		ret
    2199/4984 :                         
    2200/4984 :                         ;---------------------------------------
    2201/4984 :                         ; Maschinenkode um Hexwert verschoben im Speicher ablegen
    2202/4984 :                         ; P hhhh - Der vom Assembler erzeugte Maschinenkode wird auf den vorgesehenen
    2203/4984 :                         ; Speicherplatz + hhhh (Offset-Hex) geladen.
    2204/4984 :                         ; Dieses Kommando muß vor dem entsprechenden Assemblerlauf gegeben werden. Hiermit
    2205/4984 :                         ; kann man auch Programme assemblieren, die sonst reservierte Speicherbereiche von
    2206/4984 :                         ; EDAS*4 zerstören würden. Mit dem "T"-Befehl des Monitors sind sie dann auf den
    2207/4984 :                         ; Speicherplatz zu bringen, auf dem sie laut Listing lauffähig sind.
    2208/4984 :                         
    2209/4984 : 22 0A FE                PUT:		ld	(mc_ofs), hl	; in HL=1.Parameter Hex
    2210/4987 :                         					; offset for code generation
    2211/4987 : C9                      		ret
    2212/4988 :                         
    2213/4988 :                         ;
    2214/4988 : E5                      loc_497A:	push	hl
    2215/4989 : CD 29 51                		call	sv_restore	; orig.	Sprungverteiler	wiederherstellen
    2216/498C : E1                      		pop	hl
    2217/498D : 2B                      		dec	hl
    2218/498E : E9                      		jp	(hl)
    2219/498F :                         
    2220/498F :                         ;;		db    0
    2221/498F :                         ;;		db    0
    2222/498F :                         ;;		db    0
    2223/498F :                         ;;		db    0
    2224/498F :                         ;;		db    0
    2225/498F :                         ;;		db    0
    2226/498F :                         
    2227/498F :                         ;---------------------------------------
    2228/498F :                         ; Anzeige des Quelltextes auf dem Schirm
    2229/498F :                         ; V - Anzeige des gesamten Quelltextes.
    2230/498F :                         ; V a - Anzeige ab Zeile a bis zum Ende.
    2231/498F :                         ; V a e - Anzeige ab Zeile a bis Zeile e.
    2232/498F :                         ; Hiermit kann man den Quelltext ganz oder teilweise auf dem Schirm ausgeben.
    2233/498F :                         
    2234/498F : CD 06 46                VIEW:		call	sub_45F5	; suche Zeile ARG1 (a)
    2235/4992 : CD C6 4C                loc_498A:	call	sub_4CAD	; Anzeige Zeile
    2236/4995 : 18 FB                   		jr	loc_498A
    2237/4997 :                         
    2238/4997 :                         ;---------------------------------------
    2239/4997 :                         ; Neunumerierung der gesamten Quelle
    2240/4997 :                         ; R - 1. Zeile 10 Schrittweite 10.
    2241/4997 :                         ; R a - Zeile a Schrittweite 10.
    2242/4997 :                         ; R a s - Zeile a Schrittweite S.
    2243/4997 :                         ; Zur Verbesserung der Form bzw. zum Platzschaffen für Einfügungen kann hiermit
    2244/4997 :                         ; die gesamte Quelle mit neuen Zeilennummern versehen werden.
    2245/4997 :                         
    2246/4997 : CD 17 44                RENUM:		call	sub_4404	; Parameter f. RENUM und INUM, Defaults 10
    2247/499A : EB                      		ex	de, hl		; DE = nächste neue Zeilennummer
    2248/499B : 2A 00 FE                loc_4993:	ld	hl, (BUFBEG)	; Anfangsdresse
    2249/499E : 23                      		inc	hl
    2250/499F : 23                      		inc	hl		; size übergehen
    2251/49A0 : 23                      		inc	hl
    2252/49A1 : CD 3F 44                loc_4999:	call	loc_442C	; Suche nächste Zeile
 AS V1.42 Beta [Bld 297] - Source File picoedas4-as.asm - Page 43 - 4/1/2026 15:28:38


    2253/49A4 : C8                      		ret	z		; Textende
    2254/49A5 : 73                      		ld	(hl), e		; neue Nummer eintragen
    2255/49A6 : 23                      		inc	hl
    2256/49A7 : 72                      		ld	(hl), d
    2257/49A8 : EB                      		ex	de, hl
    2258/49A9 : CD 32 44                		call	sub_441F	; Nächste Zeilennummer berechnen (BCD)
    2259/49AC : EB                      		ex	de, hl
    2260/49AD : 30 F2                   		jr	nc, loc_4999	; solange Zeilnnummer < 9999
    2261/49AF :                         		;
    2262/49AF : 3E 01                   		ld	a, 1		; Error 01 - Zeilennummerüberlauf
    2263/49B1 : 32 84 FE                		ld	(byte_5584), a	; und Schrittweite auf 1 rücksetzen
    2264/49B4 : CD 27 4B                		call	sub_4B34	; Fehler ausgeben
    2265/49B7 : 11 01 00                		ld	de, 1		; Zeilennummer auf 1 rücksetzen
    2266/49BA : 18 DF                   		jr	loc_4993	; weitermachen
    2267/49BC :                         
    2268/49BC :                         ;---------------------------------------
    2269/49BC :                         ; Zeichenkettensuche
    2270/49BC :                         ; /STRING/ - Eingabe der zu suchenden Zeichenkette.
    2271/49BC :                         
    2272/49BC : 2A 00 18                SEARCH:		ld	hl, (cupos)	; =  103F bws(31,0) Anfang letzte Zeile
    2273/49BF : 11 80 00                		ld	de, 80h	; 2 Zeilen (2x COLS)
    2274/49C2 : 19                      		add	hl, de		; = 10BF bws(29,0) Suchzeichenkette
    2275/49C3 : 7E                      		ld	a, (hl)		; '/'
    2276/49C4 : EB                      		ex	de, hl
    2277/49C5 : 21 BF FF                		ld	hl, 0FFBFh	; -41H, -65
    2278/49C8 : 19                      		add	hl, de		; = bws(30,1)
    2279/49C9 : 01 43 00                		ld	bc, 43h		; 63
    2280/49CC : ED B1                   		cpir			; suche Ende-Marker '/'
    2281/49CE : EB                      		ex	de, hl
    2282/49CF : 11 6E FE                		ld	de, unk_556E	; kopieren in Buffer Suchzeichenkette
    2283/49D2 : ED B8                   		lddr			; incl. der Trennzeichen '/'
    2284/49D4 :                         					; Ablage revers!
    2285/49D4 : 13                      		inc	de
    2286/49D5 : 3E A0                   		ld	a, 0A0h		; ' '+80h
    2287/49D7 : 12                      		ld	(de), a		; Endekennzeichen ersetzen durch 0A0h
    2288/49D8 : C9                      		ret
    2289/49D9 :                         
    2290/49D9 :                         ;;		db    0
    2291/49D9 :                         
    2292/49D9 :                         ;---------------------------------------
    2293/49D9 :                         ; F a - Listen der Zeilen, in denen die zuvor in Schrägstriche gestellte und
    2294/49D9 :                         ; eingegebene Zeichenkette enthalten ist.
    2295/49D9 :                         ; Damit lassen sich z.B. bestimmte Befehle, Marken und ähnliches im gesamten
    2296/49D9 :                         ; Quelltext suchen.
    2297/49D9 :                         
    2298/49D9 : CD 06 46                FIND:		call	sub_45F5	; suche Zeile ARG1 a
    2299/49DC : 22 85 FE                loc_49D5:	ld	(word_5585), hl	; Zeile merken
    2300/49DF : 7E                      		ld	a, (hl)
    2301/49E0 : 3C                      		inc	a		; Textende FF?
    2302/49E1 : C8                      		ret	z		; dann raus hier
    2303/49E2 : 23                      		inc	hl		; Zeilennummer
    2304/49E3 : 23                      		inc	hl		; übergehen
    2305/49E4 : E5                      loc_49DD:	push	hl		; Position merken
    2306/49E5 : 11 6D FE                		ld	de, unk_556E-1	; Buffer Suchzeichenkette
    2307/49E8 : 1A                      loc_49E1:	ld	a, (de)
    2308/49E9 : 1B                      		dec	de		; nächstes Zeichen
    2309/49EA : FE A0                   		cp	0A0h		; Textende?
    2310/49EC : 28 0C                   		jr	z, loc_49F3	; ja, Suche erfolgreich
    2311/49EE : BE                      		cp	(hl)
    2312/49EF : 23                      		inc	hl		; nächstes Zeichen
 AS V1.42 Beta [Bld 297] - Source File picoedas4-as.asm - Page 44 - 4/1/2026 15:28:38


    2313/49F0 : 28 F6                   		jr	z, loc_49E1	; solange matcht
    2314/49F2 :                         		;nächste Zeile erreicht?
    2315/49F2 : E1                      		pop	hl		; Position
    2316/49F3 : 7E                      		ld	a, (hl)		;
    2317/49F4 : 23                      		inc	hl		;
    2318/49F5 : B7                      		or	a		; 00?
    2319/49F6 : 20 EC                   		jr	nz, loc_49DD	; nein
    2320/49F8 : 18 E2                   		jr	loc_49D5	; ja Zeilendende erreicht
    2321/49FA :                         		;Suchpufferende erreicht -> gefunden
    2322/49FA : E1                      loc_49F3:	pop	hl		;
    2323/49FB : CD 40 44                		call	loc_442D	; Suche Zeilenende
    2324/49FE : EB                      		ex	de, hl		; DE=Anfang nächste Zeile
    2325/49FF : 2A 85 FE                		ld	hl, (word_5585)	; HL=Anfang aktuelle Zeile
    2326/4A02 : ED 53 85 FE             		ld	(word_5585), de	; nächste Zeile zur Suche merken
    2327/4A06 : CD C6 4C                		call	sub_4CAD	; Anzeige Zeile
    2328/4A09 : 18 D1                   		jr	loc_49D5	; und weitersuchen
    2329/4A0B :                         
    2330/4A0B :                         ;;		db    0
    2331/4A0B :                         ;;		db    0
    2332/4A0B :                         ;;		db    0
    2333/4A0B :                         ;;		db    0
    2334/4A0B :                         ;;		db    0
    2335/4A0B :                         ;;		db    0
    2336/4A0B :                         ;;		db    0
    2337/4A0B :                         ;;		db    0
    2338/4A0B :                         ;;		db    0
    2339/4A0B :                         ;;		db    0
    2340/4A0B :                         ;;		db    0
    2341/4A0B :                         ;;		db    0
    2342/4A0B :                         ;;		db    0
    2343/4A0B :                         
    2344/4A0B :                         ;---------------------------------------
    2345/4A0B :                         ; Ändern einer Quellzeile
    2346/4A0B :                         ; Z - Korrigiere in zuletzt eingegebener Zeile.
    2347/4A0B :                         ; Z x - Korrigiere in Zeile x.
    2348/4A0B :                         
    2349/4A0B : 20 06                   CORRECT:	jr	nz, loc_4A19	; Z=keine Param.
    2350/4A0D : 2A 10 FE                		ld	hl, (word_5510)	; letzte Zeilennummer
    2351/4A10 : 22 5B 18                		ld	(ARG1),	hl
    2352/4A13 : CD 06 46                loc_4A19:	call	sub_45F5	; suche Zeile ARG1
    2353/4A16 : 3E 03                   		ld	a, 3		; Error 03 - nicht existierende Zeile
    2354/4A18 : D2 23 4B                		jp	nc, loc_4B30	; Fehler ausgeben
    2355/4A1B : CD C6 4C                		call	sub_4CAD	; Anzeige Zeile
    2356/4A1E : AF                      		xor	a
    2357/4A1F : 32 FE FE                		ld	(byte_55FE), a
    2358/4A22 : DF                      		rst	18h		; ed_prnst
    2359/4A23 : 0B 09 09 09 09 89       		db 0Bh,9,9,9,9,89h
    2360/4A29 : CD C7 4F                		call	sub_4FC0	; Eingabe Textzeile
    2361/4A2C : C3 4D 4A                		jp	loc_4A53	; Auswerten als Quelltext
    2362/4A2F :                         
    2363/4A2F :                         ;---------------------------------------
    2364/4A2F :                         ; Löschen von Quelltextzeilen
    2365/4A2F :                         ; X a e - Streichen der Zeilen ab a bis e einschließlich.
    2366/4A2F :                         ; Mit diesem Kommando können eingegebene Quelltextzeilen wieder gelöscht werden.
    2367/4A2F :                         ; Dieses Kommando wird nur dann ausgeführt, wenn beide Argumente angegeben sind,
    2368/4A2F :                         ; sonst erfolgt eine Fehlermeldung.
    2369/4A2F :                         
    2370/4A2F : FE 02                   KILL:		cp	2		; in A=Anz. Parameter
    2371/4A31 : C2 21 4B                		jp	nz, loc_4B2E	; error 99 illegal command
    2372/4A34 : CD 06 46                sub_4A3A:	call	sub_45F5	; suche Zeile ARG1 (a)
 AS V1.42 Beta [Bld 297] - Source File picoedas4-as.asm - Page 45 - 4/1/2026 15:28:38


    2373/4A37 : E5                      		push	hl
    2374/4A38 : 2B                      		dec	hl
    2375/4A39 : CD 61 44                		call	sub_444E
    2376/4A3C : CD 7F 45                loc_4A42:	call	sub_456C
    2377/4A3F : 38 05                   		jr	c, loc_4A4C
    2378/4A41 : 1B                      		dec	de
    2379/4A42 : 1B                      		dec	de
    2380/4A43 : 23                      		inc	hl
    2381/4A44 : 18 F6                   		jr	loc_4A42
    2382/4A46 : CD 6C 44                loc_4A4C:	call	sub_4459
    2383/4A49 : D1                      		pop	de
    2384/4A4A : C3 D5 43                		jp	sub_43C2
    2385/4A4D :                         
    2386/4A4D :                         ;---------------------------------------
    2387/4A4D :                         ; Eingabe Quelltext
    2388/4A4D : 1A                      loc_4A53:	ld	a, (de)		; in DE=10BF bws(29,0)
    2389/4A4E : FE 20                   		cp	' '
    2390/4A50 : CA 21 4B                		jp	z, loc_4B2E	; error 99 illegal command
    2391/4A53 : D5                      		push	de
    2392/4A54 : CD FE 43                		call	sub_43EB	; Ascii Dez -> Hex
    2393/4A57 :                         					; hier Übergehen der Marke
    2394/4A57 : C6 10                   		add	a, 10h		; Zeichen hinter Zeilennummer-30h+10h
    2395/4A59 :                         					; = 20? also Leerzeichen?
    2396/4A59 : C2 21 4B                		jp	nz, loc_4B2E	; nein -> error 99 illegal command
    2397/4A5C : E1                      		pop	hl
    2398/4A5D : E5                      		push	hl
    2399/4A5E : B7                      		or	a
    2400/4A5F : ED 52                   		sbc	hl, de
    2401/4A61 : 01 FB FF                		ld	bc, 0FFFBh	; -5
    2402/4A64 : 09                      		add	hl, bc		; Zeilennummer mehr als 4 Zeichen?
    2403/4A65 : D1                      		pop	de
    2404/4A66 : DA 21 4B                		jp	c, loc_4B2E	; dann error 99 illegal command
    2405/4A69 : F7                      		rst	30h		; ed_konvx
    2406/4A6A : 2A 59 18                		ld	hl, (data+1)
    2407/4A6D : 7C                      		ld	a, h		; Zeilennummer 0000?
    2408/4A6E : B5                      		or	l
    2409/4A6F : CA 21 4B                		jp	z, loc_4B2E	; dann error 99 illegal command
    2410/4A72 : 22 5B 18                		ld	(ARG1),	hl	; Zeilennummer merken
    2411/4A75 : 22 10 FE                		ld	(word_5510), hl	; Zeilennummer merken
    2412/4A78 :                         		;
    2413/4A78 : 21 80 10                		ld	hl, 1080h	; bws(29,63)
    2414/4A7B : 36 00                   		ld	(hl), 0		; markieren
    2415/4A7D : 23                      		inc	hl		; bws(29,62)
    2416/4A7E :                         ;;		nop
    2417/4A7E :                         ;;		nop
    2418/4A7E :                         ;;		nop
    2419/4A7E :                         ;;		nop
    2420/4A7E :                         ;;		nop
    2421/4A7E : CD 93 51                		call	sub_5180
    2422/4A81 : E5                      loc_4A8C:	push	hl
    2423/4A82 : B7                      		or	a
    2424/4A83 : D5                      		push	de
    2425/4A84 : EB                      		ex	de, hl
    2426/4A85 : ED 52                   		sbc	hl, de
    2427/4A87 : D1                      		pop	de
    2428/4A88 : E5                      		push	hl
    2429/4A89 : 23                      		inc	hl
    2430/4A8A : 38 02                   		jr	c, loc_4A99
    2431/4A8C : 23                      		inc	hl
    2432/4A8D : 23                      		inc	hl
 AS V1.42 Beta [Bld 297] - Source File picoedas4-as.asm - Page 46 - 4/1/2026 15:28:38


    2433/4A8E : E5                      loc_4A99:	push	hl
    2434/4A8F : F5                      		push	af
    2435/4A90 : E5                      		push	hl
    2436/4A91 : EB                      		ex	de, hl
    2437/4A92 : CD C4 48                		call	sub_48C4
    2438/4A95 : CD 61 44                		call	sub_444E
    2439/4A98 : 30 02                   		jr	nc, loc_4AA7
    2440/4A9A : 13                      		inc	de
    2441/4A9B : 13                      		inc	de
    2442/4A9C : D5                      loc_4AA7:	push	de
    2443/4A9D : CD 06 46                		call	sub_45F5	; suche Zeile ARG1
    2444/4AA0 : D1                      		pop	de
    2445/4AA1 : 30 0B                   		jr	nc, loc_4AB9
    2446/4AA3 : E5                      		push	hl
    2447/4AA4 : 23                      		inc	hl
    2448/4AA5 : CD 6A 46                		call	sub_4663
    2449/4AA8 : 30 02                   		jr	nc, loc_4AB7
    2450/4AAA : 1B                      		dec	de
    2451/4AAB : 1B                      		dec	de
    2452/4AAC : E1                      loc_4AB7:	pop	hl
    2453/4AAD : 37                      		scf
    2454/4AAE : D5                      loc_4AB9:	push	de
    2455/4AAF : 54                      		ld	d, h
    2456/4AB0 : 5D                      		ld	e, l
    2457/4AB1 : DC 3E 44                		call	c, sub_442B	; Suche nächste Zeile
    2458/4AB4 : C1                      		pop	bc
    2459/4AB5 : E3                      		ex	(sp), hl
    2460/4AB6 : 09                      		add	hl, bc
    2461/4AB7 : 19                      		add	hl, de
    2462/4AB8 : E3                      		ex	(sp), hl
    2463/4AB9 : EB                      		ex	de, hl
    2464/4ABA : E3                      		ex	(sp), hl
    2465/4ABB : ED 52                   		sbc	hl, de
    2466/4ABD : D5                      		push	de
    2467/4ABE : CD 48 44                		call	sub_4435	; Textende ermitteln
    2468/4AC1 : 19                      		add	hl, de
    2469/4AC2 : EB                      		ex	de, hl
    2470/4AC3 : 2A 02 FE                		ld	hl, (BUFEND)
    2471/4AC6 : AF                      		xor	a		; Cy=0, A=0
    2472/4AC7 : ED 52                   		sbc	hl, de
    2473/4AC9 : DA 23 4B                		jp	c, loc_4B30	; Fehler ausgeben
    2474/4ACC :                         					; Error 00 - Speicherüberlauf
    2475/4ACC : 50                      		ld	d, b
    2476/4ACD : 59                      		ld	e, c
    2477/4ACE : CD 6C 44                		call	sub_4459
    2478/4AD1 : E1                      		pop	hl
    2479/4AD2 : D1                      		pop	de
    2480/4AD3 : CD D5 43                		call	sub_43C2
    2481/4AD6 : F1                      		pop	af
    2482/4AD7 : 38 25                   		jr	c, loc_4B0B
    2483/4AD9 : E1                      		pop	hl
    2484/4ADA : E5                      		push	hl
    2485/4ADB : 19                      		add	hl, de
    2486/4ADC : EB                      		ex	de, hl
    2487/4ADD : CD 55 44                		call	sub_4442
    2488/4AE0 : 03                      		inc	bc
    2489/4AE1 : ED B8                   		lddr
    2490/4AE3 : AF                      		xor	a
    2491/4AE4 : 12                      		ld	(de), a
    2492/4AE5 : 1B                      		dec	de
 AS V1.42 Beta [Bld 297] - Source File picoedas4-as.asm - Page 47 - 4/1/2026 15:28:38


    2493/4AE6 : E1                      		pop	hl
    2494/4AE7 : C1                      		pop	bc
    2495/4AE8 : E3                      		ex	(sp), hl
    2496/4AE9 : CD D1 48                		call	sub_48D1
    2497/4AEC :                         ;;		nop
    2498/4AEC :                         ;;		nop
    2499/4AEC : ED A8                   		ldd
    2500/4AEE : ED A8                   		ldd
    2501/4AF0 : C1                      		pop	bc
    2502/4AF1 : 2A 85 FE                		ld	hl, (word_5585)
    2503/4AF4 : B7                      		or	a
    2504/4AF5 : ED 52                   		sbc	hl, de
    2505/4AF7 : 19                      		add	hl, de
    2506/4AF8 : 38 04                   		jr	c, loc_4B0B
    2507/4AFA : 09                      		add	hl, bc
    2508/4AFB : 22 85 FE                		ld	(word_5585), hl
    2509/4AFE :                         loc_4B0B:					; sub_4D26-221j
    2510/4AFE : FD CB 00 66             		bit	4, (iy+0)
    2511/4B02 : 28 0E                   		jr	z, loc_4B1F
    2512/4B04 : 2A 5B 18                		ld	hl, (ARG1)
    2513/4B07 : CD 32 44                		call	sub_441F	; Nächste Zeilennummer berechnen (BCD)
    2514/4B0A : 3E 02                   		ld	a, 2		; Error 02 - Überlauf im I-Mode
    2515/4B0C : DA 23 4B                		jp	c, loc_4B30	; Fehler ausgeben
    2516/4B0F : 22 87 FE                		ld	(word_5587), hl
    2517/4B12 : C3 DC 53                loc_4B1F:	jp	loc_53C4
    2518/4B15 :                         
    2519/4B15 :                         ;---------------------------------------
    2520/4B15 :                         ; Automatische Zeilennummerierung
    2521/4B15 :                         ; I - ab Zeile 10 Schrittweite 10.
    2522/4B15 :                         ; I a - ab Zeile a Schrittweite 10.
    2523/4B15 :                         ; I a s - ab Zeile a Schrittweite s.
    2524/4B15 :                         ; Wie in BASIC-Interpretern der Auto-Befehl, gestattet das "I"-Kommando eine
    2525/4B15 :                         ; Eingabe mit automatischer Zeilennummernerzeugung. Der Kursor befindet sich bei
    2526/4B15 :                         ; der Zeileneröffnung immer auf der ersten Markenposition. Beendet wird dieses
    2527/4B15 :                         ; Kommando, in dem die letzte Zeilennummer wieder gelöscht wird, z.B. mit CTRL-R.
    2528/4B15 :                         
    2529/4B15 : CD 17 44                INUM:		call	sub_4404	; Parameter f. RENUM und INUM, Defaults 10
    2530/4B18 : 22 87 FE                		ld	(word_5587), hl
    2531/4B1B : FD CB 00 E6             		set	4, (iy+0)
    2532/4B1F : 18 F1                   		jr	loc_4B1F
    2533/4B21 :                         
    2534/4B21 :                         ; Error 99
    2535/4B21 : 3E 99                   loc_4B2E:	ld	a, 99h 		; Error 99 - illegales Kommando
    2536/4B23 :                         
    2537/4B23 :                         ; Fehler ausgeben
    2538/4B23 : 2A 78 FE                loc_4B30:	ld	hl, (word_5578)	; Adr. Ret-Funktion nach Fehler
    2539/4B26 : E5                      		push	hl		; auf Stack
    2540/4B27 : 11 7F 10                sub_4B34:	ld	de, bws(30,0)
    2541/4B2A : CD 3F 46                		call	setcu		; set cursor
    2542/4B2D : 5F                      		ld	e, a		; Fehlernummer merken
    2543/4B2E : CD 78 48                		call	sub_4875	; Fehlerzähler erhöhen
    2544/4B31 : CD 88 48                		call	error		; Ausgabe "Error "
    2545/4B34 :                         ;;		nop
    2546/4B34 : 7B                      		ld	a, e		; Fehlernummer
    2547/4B35 : CD EE 07                		call	OUTHEX		; ausgeben
    2548/4B38 : FD CB 00 FE             		set	7, (iy+0)
    2549/4B3C : C3 CF 4C                		jp	sub_4CB6
    2550/4B3F :                         
    2551/4B3F :                         ;---------------------------------------
    2552/4B3F :                         ; Warmstart
 AS V1.42 Beta [Bld 297] - Source File picoedas4-as.asm - Page 48 - 4/1/2026 15:28:38


    2553/4B3F :                         ; Restart mit alten Parametern
    2554/4B3F : CD 4A 51                WARM:		call	sv_init		; Sprungverteiler init
    2555/4B42 : C3 AC 4B                		jp	warm1
    2556/4B45 :                         
    2557/4B45 :                         ;---------------------------------------
    2558/4B45 :                         ; Kaltstart
    2559/4B45 :                         ; ARG2=AAAA ARG3=EEEE, Default 6000-BFFF
    2560/4B45 : CD 9B 5F                COLD:		call    loc_5F9B
    2561/4B48 : CD 4A 51                		call	sv_init		; Sprungverteiler init
    2562/4B4B : 21 FF FF                		ld	hl, 0FFFFh
    2563/4B4E : 22 B8 FD                		ld	(word_54B8), hl	; Adresse Anfang Sekundärquelle (SEC)
    2564/4B51 :                         ;;		jp	cold1
    2565/4B51 :                         
    2566/4B51 :                         ;---------------------------------------
    2567/4B51 :                         ; Kaltstart
    2568/4B51 : 2A 5D 18                cold1:		ld	hl, (ARG2)	; BUFBEG
    2569/4B54 :                         		; Sicherung f. REUSE
    2570/4B54 : 22 75 FE                		ld	(p_BUFBEG), hl	; Sicherung BUFBEG f. REUSE
    2571/4B57 : 11 6F FE                		ld	de, unk_556F	; Kopf sichern f. REUSE
    2572/4B5A : 01 06 00                		ld	bc, 6
    2573/4B5D : ED B0                   		ldir
    2574/4B5F :                         		; Defaultwerte setzen
    2575/4B5F : 21 06 40                		ld	hl, off_4006	; defaultwerte kopieren
    2576/4B62 : 11 00 FE                		ld	de, BUFBEG	; Anfangsdresse
    2577/4B65 : 01 30 00                		ld	bc, 30h
    2578/4B68 : ED B0                   		ldir
    2579/4B6A :                         		; ARG2 BUFBEG
    2580/4B6A : 2A 5D 18                		ld	hl, (ARG2)	; BUFBEG=0 ?
    2581/4B6D : 7C                      		ld	a, h
    2582/4B6E : B5                      		or	l
    2583/4B6F : 28 03                   		jr	z, loc_4B70	; nein -> Wert merken
    2584/4B71 : 22 00 FE                		ld	(BUFBEG), hl	; Anfangsdresse
    2585/4B74 :                         		; ARG3 BUFEND
    2586/4B74 : 2A 5F 18                loc_4B70:	ld	hl, (ARG3)	; BUFEND
    2587/4B77 : 7C                      		ld	a, h		; BUFEND=0 ?
    2588/4B78 : B5                      		or	l
    2589/4B79 : 28 03                   		jr	z, loc_4B7A	; nein -> Wert merken
    2590/4B7B : 22 02 FE                		ld	(BUFEND), hl
    2591/4B7E :                         		; Textspeicher init
    2592/4B7E : 2A 00 FE                loc_4B7A:	ld	hl, (BUFBEG)	; Anfangsdresse
    2593/4B81 :                         ;;		nop
    2594/4B81 : 36 06                   		ld	(hl), 6		; Länge 0006 Bytes
    2595/4B83 : 23                      		inc	hl
    2596/4B84 : AF                      		xor	a
    2597/4B85 : 77                      		ld	(hl), a
    2598/4B86 : 23                      		inc	hl
    2599/4B87 : 77                      		ld	(hl), a		; Overhead 0000 Bytes
    2600/4B88 : 23                      		inc	hl
    2601/4B89 : 77                      		ld	(hl), a
    2602/4B8A : 23                      		inc	hl
    2603/4B8B : 77                      		ld	(hl), a		; 00
    2604/4B8C : 23                      		inc	hl
    2605/4B8D : 3D                      		dec	a		; FF = leer
    2606/4B8E : 77                      		ld	(hl), a		; Textende setzen
    2607/4B8F : 22 85 FE                		ld	(word_5585), hl
    2608/4B92 :                         		;
    2609/4B92 : 21 92 5F                		ld      hl, aNamenlos   ; "NAMENLOS "
    2610/4B95 : 11 00 FF                		ld      de, unk_FF00
    2611/4B98 : 01 10 00                		ld      bc, 10h
    2612/4B9B : ED B0                   		ldir
 AS V1.42 Beta [Bld 297] - Source File picoedas4-as.asm - Page 49 - 4/1/2026 15:28:38


    2613/4B9D : 21 92 5F                		ld      hl, aNamenlos   ; "NAMENLOS "
    2614/4BA0 : 11 10 FF                		ld      de, unk_FF10
    2615/4BA3 : 01 10 00                		ld      bc, 10h
    2616/4BA6 : ED B0                   		ldir
    2617/4BA8 : AF                      		xor     a
    2618/4BA9 : 32 32 FF                		ld      (unk_FF32), a
    2619/4BAC :                         
    2620/4BAC :                         ;---------------------------------------
    2621/4BAC :                         ; Warmstart
    2622/4BAC : 31 FE FE                warm1:		ld	sp, byte_55FE
    2623/4BAF : 11 7F 10                		ld	de, bws(30,0)
    2624/4BB2 : CD 3F 46                		call	setcu		; set cursor
    2625/4BB5 : DF                      		rst	18h		; ed_prnst
    2626/4BB6 :                         ;;		db 0Ch," AC1 - EDITOR/ASSEMBLER",8Dh
    2627/4BB6 : 8C                      		db	8Ch
    2628/4BB7 : CD AC 55                		call    sub_55AC
    2629/4BBA :                         		;;ld	hl, 17BFh
    2630/4BBA : 21 7F 17                		ld	hl, 177Fh
    2631/4BBD : 06 40                   		ld	b, 40h 		; Länge Bildzeile
    2632/4BBF : 36 2D                   loc_4BB7:	ld	(hl), '-'	; unterstreichen
    2633/4BC1 : 2B                      		dec	hl
    2634/4BC2 : 10 FB                   		djnz	loc_4BB7
    2635/4BC4 :                         
    2636/4BC4 :                         ;---------------------------------------
    2637/4BC4 :                         ; main: Kommandoschleife
    2638/4BC4 :                         
    2639/4BC4 :                         ; Ret.Adr. nach Kdo-Ausführung
    2640/4BC4 : AF                      loc_4BBC:	xor	a
    2641/4BC5 : 32 FE FE                		ld	(byte_55FE), a
    2642/4BC8 : DF                      		rst	18h		; ed_prnst
    2643/4BC9 : 8D                      		db 8Dh
    2644/4BCA :                         ;;		nop
    2645/4BCA : 3A 14 FE                		ld	a, (byte_5514)	; Seitengröße auf Bildschirm
    2646/4BCD : 32 77 FE                		ld	(unk_5577), a
    2647/4BD0 : FD 21 FE FE             		ld	iy, byte_55FE
    2648/4BD4 : FD F9                   		ld	sp, iy
    2649/4BD6 :                         ;;		ld	hl, unk_40A8	; ZEAS: new output table
    2650/4BD6 :                         ;;		nop			; ZEAS rst 18h
    2651/4BD6 :                         ;;		nop			; ZEAS db 71h  NOM Set new output table
    2652/4BD6 : 21 26 4D                		ld	hl, loc_4D0E	; Ausgabe Enter+ggf. Abbruch bei Strg-C
    2653/4BD9 : 22 9B FE                		ld	(unk_559B), hl
    2654/4BDC : 21 C4 4B                		ld	hl, loc_4BBC	; Adr. Kommandoschleife
    2655/4BDF : 22 7A FE                		ld	(unk_557A), hl
    2656/4BE2 : 22 78 FE                		ld	(word_5578), hl	; Adr. Ret-Funktion nach Fehler
    2657/4BE5 : CD 99 44                		call	chksum		; Test EDAS-Integrität
    2658/4BE8 :                         ;
    2659/4BE8 : 3A 07 FE                loc_4BE6:	ld	a, (byte_5507)	; Assembleroptionen
    2660/4BEB : 32 FF FE                		ld	(unk_55FF), a	; Assembleroptionen (IY+1)
    2661/4BEE : FD F9                   		ld	sp, iy		; setze Stack
    2662/4BF0 : AF                      		xor	a
    2663/4BF1 : 67                      		ld	h, a
    2664/4BF2 : 6F                      		ld	l, a
    2665/4BF3 : 22 5B 18                		ld	(ARG1),	hl	; Defaultwert 0000
    2666/4BF6 : 2B                      		dec	hl
    2667/4BF7 : 22 5D 18                		ld	(ARG2),	hl	; Defaultwert FFFF
    2668/4BFA : 21 B5 40                		ld	hl, unk_409D	; Text "FREE: END: SEC:"
    2669/4BFD :                         		;;ld	de, bws(0,26)
    2670/4BFD :                         		;;ld	bc, 19h
    2671/4BFD : 11 A9 17                		ld	de, 17A9h
    2672/4C00 : 01 25 00                		ld	bc, 25h
 AS V1.42 Beta [Bld 297] - Source File picoedas4-as.asm - Page 50 - 4/1/2026 15:28:38


    2673/4C03 : ED B8                   		lddr			; anzeigen
    2674/4C05 : 21 BB 4C                		ld	hl, loc_4CA2	; Ausgabe in Speicher (ARG3)
    2675/4C08 : 22 9B FE                		ld	(unk_559B), hl
    2676/4C0B :                         		;
    2677/4C0B : CD 79 44                		call	sub_4466	; Bufferende ermitteln
    2678/4C0E :                         		;;ld	de, bws(0,31)
    2679/4C0E : 11 A4 17                		ld      de, 17A4h
    2680/4C11 : CD B9 46                		call	sub_46B2	; Anzeige FREE
    2681/4C14 :                         		;
    2682/4C14 : DF                      		rst     18h
    2683/4C15 : 08 AD                   		db 8,0ADh
    2684/4C17 : 2A 02 FE                		ld      hl, (BUFEND)
    2685/4C1A : 11 9F 17                		ld      de, 179Fh
    2686/4C1D : CD B9 46                		call	sub_46B2	; Anzeige BUFEND
    2687/4C20 :                         		;
    2688/4C20 : 2A 0C FE                		ld	hl, (word_550C)	; MC-Adr.
    2689/4C23 :                         		;;ld	de, bws(0,41)
    2690/4C23 : 11 96 17                		ld      de, 1796h
    2691/4C26 : CD B9 46                		call	sub_46B2	; Anzeige END
    2692/4C29 :                         		;
    2693/4C29 : 2A B8 FD                		ld	hl, (word_54B8)	; Adresse Anfang Sekundärquelle (SEC)
    2694/4C2C :                         		;;ld	de, bws(0,51)
    2695/4C2C : 11 8D 17                		ld      de, 178Dh
    2696/4C2F : CD B9 46                		call	sub_46B2	; Anzeige SEC
    2697/4C32 :                         		;
    2698/4C32 : 11 84 17                		ld      de, 1784h
    2699/4C35 : CD 3F 46                		call    setcu
    2700/4C38 : FD 7E 01                		ld      a, (iy+1)
    2701/4C3B : CD EE 07                		call    7EEh
    2702/4C3E :                         		;
    2703/4C3E : 21 26 4D                		ld	hl, loc_4D0E	; Ausgabe Enter+ggf. Abbruch bei Strg-C
    2704/4C41 : 22 9B FE                		ld	(unk_559B), hl
    2705/4C44 : 11 7F 10                		ld	de, bws(30,0)
    2706/4C47 : CD 3F 46                		call	setcu		; set cursor
    2707/4C4A : FD CB 00 66             		bit	4, (iy+0)
    2708/4C4E : 28 04                   		jr	z, loc_4C3A
    2709/4C50 : 2A 87 FE                		ld	hl, (word_5587)
    2710/4C53 : EF                      		rst	28h		; ed_outhls
    2711/4C54 :                         		;
    2712/4C54 : CD C7 4F                loc_4C3A:	call	sub_4FC0	; Eingabe Textzeile
    2713/4C57 : D5                      		push	de		; Beginn Kdo-Zeile auf Stack
    2714/4C58 : 1A                      		ld	a, (de)		; 1. Zeichen == Kommando
    2715/4C59 : 01 9E FE                		ld	bc, unk_559E	; Kdo-Buchstabe
    2716/4C5C : FE 20                   		cp	' '		; Leeres Kdo?
    2717/4C5E : 20 06                   		jr	nz, loc_4C4C	; nein - Kopieren
    2718/4C60 : 0A                      		ld	a, (bc)		; ja - war letztes Kommando FIND?
    2719/4C61 : FE 46                   		cp	'F'		;
    2720/4C63 : C2 C4 4B                		jp	nz, loc_4BBC	; nein, dann zurück zur Kommandoschleife
    2721/4C66 : 02                      loc_4C4C:	ld	(bc), a		; Kdo
    2722/4C67 : 1B                      		dec	de
    2723/4C68 : 03                      		inc	bc		; BC=byte_559F ; Anzahl Kdo.Argumente
    2724/4C69 : AF                      		xor	a		; Anz. Param mit 00 init
    2725/4C6A : 02                      		ld	(bc), a
    2726/4C6B :                         ; Verarbeitung Parameter
    2727/4C6B : 01 5A 18                		ld	bc, data+2
    2728/4C6E : F7                      loc_4C54:	rst	30h		; ed_konvx
    2729/4C6F :                         ;;		nop
    2730/4C6F : 7E                      		ld	a, (hl)		; data=Anz. Stellen
    2731/4C70 : B7                      		or	a		; 0 ?
    2732/4C71 : 28 11                   		jr	z, loc_4C6B	; dann Ende Param.
 AS V1.42 Beta [Bld 297] - Source File picoedas4-as.asm - Page 51 - 4/1/2026 15:28:38


    2733/4C73 : 03                      		inc	bc		; hinter data folgen ARG1..3
    2734/4C74 : 23                      		inc	hl
    2735/4C75 : 7E                      		ld	a, (hl)		; lo-Byte Param
    2736/4C76 : 02                      		ld	(bc), a
    2737/4C77 : 03                      		inc	bc
    2738/4C78 : 23                      		inc	hl
    2739/4C79 : 7E                      		ld	a, (hl)		; hi-Byte Param
    2740/4C7A : 02                      		ld	(bc), a
    2741/4C7B : 21 9F FE                		ld	hl, byte_559F	; Anzahl Kdo.Argumente
    2742/4C7E : 34                      		inc	(hl)		; erhoehen
    2743/4C7F : 7E                      		ld	a, (hl)
    2744/4C80 : FE 03                   		cp	3		; max 3 Argumente
    2745/4C82 : 20 EA                   		jr	nz, loc_4C54	; weitere Parameter
    2746/4C84 :                         ; suche Kdo
    2747/4C84 : ED 4B 9E FE             loc_4C6B:	ld	bc, (unk_559E)	; C=Kdo-Buchstabe
    2748/4C88 :                         					; B=Anz. Param
    2749/4C88 : 2A 15 FE                		ld	hl, (unk_5515)	; kdotab
    2750/4C8B : D1                      		pop	de		; Adr. Textzeile von Stack
    2751/4C8C : 7E                      loc_4C73:	ld	a, (hl)
    2752/4C8D : B7                      		or	a		; Ende kdotab erreicht (00)?
    2753/4C8E : CA 4D 4A                		jp	z, loc_4A53	; dann vllt. Eingabe Quelltext
    2754/4C91 : 23                      		inc	hl
    2755/4C92 : B9                      		cp	c		; vgl. Kdo
    2756/4C93 : 28 04                   		jr	z, loc_4C80	; gefunden
    2757/4C95 : 23                      		inc	hl		; sonst Adr. überspringen
    2758/4C96 : 23                      		inc	hl
    2759/4C97 : 18 F3                   		jr	loc_4C73	; weitersuchen
    2760/4C99 :                         ; Kdo gefunden
    2761/4C99 : 11 3F 10                loc_4C80:	ld	de, bws(31,0)	; 103F
    2762/4C9C : CD 3F 46                		call	setcu		; set cursor
    2763/4C9F : 5E                      		ld	e, (hl)
    2764/4CA0 : 23                      		inc	hl
    2765/4CA1 : 56                      		ld	d, (hl)		; de=Adr. Kdo.
    2766/4CA2 : 21 C4 4B                		ld	hl, loc_4BBC	; Ret.Adr. Kommandoschleife
    2767/4CA5 : E5                      		push	hl		; auf Stack
    2768/4CA6 : D5                      		push	de		; Kdo.Adr auf Stack
    2769/4CA7 :                         		;
    2770/4CA7 : 2A 00 18                		ld	hl, (cupos)	; 103F bws(31,0)
    2771/4CAA : 11 3F 00                		ld	de, 3Fh
    2772/4CAD : 19                      		add	hl, de		; 107E bws(30,1) ???
    2773/4CAE : EB                      		ex	de, hl
    2774/4CAF : CD FE 43                		call	sub_43EB	; Ascii Dez -> Hex
    2775/4CB2 :                         		; Kdo. Register setzen und starten
    2776/4CB2 : EB                      		ex	de, hl		; DE=BCD
    2777/4CB3 : 2A 5B 18                		ld	hl, (ARG1)	; HL=1.Parameter Hex
    2778/4CB6 : 3A 9F FE                		ld	a, (byte_559F)	; A=Anzahl Kdo.Argumente
    2779/4CB9 : B7                      		or	a		; Z=keine Param.
    2780/4CBA : C9                      		ret			; Start Kdo.
    2781/4CBB :                         
    2782/4CBB :                         ;---------------------------------------
    2783/4CBB :                         ; Ausgabe in Speicher (ARG3)
    2784/4CBB : E5                      loc_4CA2:	push	hl
    2785/4CBC : 2A 5F 18                		ld	hl, (ARG3)
    2786/4CBF : 77                      		ld	(hl), a
    2787/4CC0 : 23                      		inc	hl
    2788/4CC1 : 22 5F 18                		ld	(ARG3),	hl
    2789/4CC4 : E1                      		pop	hl
    2790/4CC5 : C9                      		ret
    2791/4CC6 :                         
    2792/4CC6 :                         ;---------------------------------------
 AS V1.42 Beta [Bld 297] - Source File picoedas4-as.asm - Page 52 - 4/1/2026 15:28:38


    2793/4CC6 :                         ; Anzeige Zeile
    2794/4CC6 : CD 2B 46                sub_4CAD:	call	sub_4623	; Ausgabe Zeilennummer
    2795/4CC9 : C2 C4 4B                		jp	nz, loc_4BBC	; bei Fehler zurück zur Kommandoschleife
    2796/4CCC : CD D0 51                		call	sub_51BD	; Ausgabe Zeileninhalt
    2797/4CCF :                         ;
    2798/4CCF : FD CB 00 56             sub_4CB6:	bit	2, (iy+0)
    2799/4CD3 : 28 25                   		jr	z, loc_4CE2
    2800/4CD5 : C3 E7 53                		jp	loc_53CF
    2801/4CD8 :                         ;;		db    0
    2802/4CD8 :                         
    2803/4CD8 :                         ;---------------------------------------
    2804/4CD8 :                         ; UP zu loc_53CF
    2805/4CD8 : FD CB 00 4E             loc_4CC0:	bit	1, (iy+0)
    2806/4CDC : 28 03                   		jr	z, loc_4CC9
    2807/4CDE : 21 40 10                		ld	hl, 1040h	; bws(30,63)
    2808/4CE1 : CD BA 44                loc_4CC9:	call	sub_44A6
    2809/4CE4 : EB                      		ex	de, hl
    2810/4CE5 : CD 3C 46                		call	sub_4635 	; set cursor bws(31,0)
    2811/4CE8 : 11 7F 10                		ld	de, bws(30,0)
    2812/4CEB : 1A                      		ld	a, (de)
    2813/4CEC : CD 45 4D                loc_4CD4:	call	sub_4D34
    2814/4CEF : 1B                      		dec	de
    2815/4CF0 : 1A                      		ld	a, (de)
    2816/4CF1 : B7                      		or	a
    2817/4CF2 : F2 EC 4C                		jp	p, loc_4CD4
    2818/4CF5 : CD 8F 44                		call	sub_4480
    2819/4CF8 : 18 1F                   		jr	loc_4D01
    2820/4CFA :                         
    2821/4CFA :                         ;---------------------------------------
    2822/4CFA :                         ;
    2823/4CFA : FD 7E 00                loc_4CE2:	ld	a, (iy+0)
    2824/4CFD : E6 03                   		and	3
    2825/4CFF : FE 01                   		cp	1
    2826/4D01 : 3A 09 FE                		ld	a, (byte_5509)	; Ausgabeverzögerung BWS
    2827/4D04 : C4 82 44                		call	nz, sub_4473
    2828/4D07 : 3A 77 FE                		ld	a, (unk_5577)
    2829/4D0A : D6 01                   		sub	1
    2830/4D0C : 38 0B                   		jr	c, loc_4D01
    2831/4D0E : 20 03                   		jr	nz, loc_4CFB
    2832/4D10 : 3A 14 FE                		ld	a, (byte_5514)	; Seitengröße auf Bildschirm
    2833/4D13 : 32 77 FE                loc_4CFB:	ld	(unk_5577), a
    2834/4D16 : CC 37 4D                		call	z, sub_4D26
    2835/4D19 : ED 5B 12 FE             loc_4D01:	ld	de, (word_5512)	; ausgegebene Zeilennummer
    2836/4D1D : ED 53 10 FE             		ld	(word_5510), de	; Zeilennummer
    2837/4D21 : CD 33 4D                		call	sub_4D22	; ggf. Abbruch bei Stop
    2838/4D24 : 3E 0D                   		ld	a, 0Dh
    2839/4D26 :                         
    2840/4D26 :                         ; Ausgabe Enter+ggf. Abbruch bei Strg-C
    2841/4D26 : F5                      loc_4D0E:	push	af
    2842/4D27 : DF                      		rst	18h		; ed_prnst
    2843/4D28 : 8D                      		db 8Dh
    2844/4D29 :                         ;;		nop
    2845/4D29 : CD BB 4F                		call	tastec		; TASTE?
    2846/4D2C :                         ;;		nop
    2847/4D2C :                         ;;		nop
    2848/4D2C :                         ;;		nop
    2849/4D2C :                         ;;		nop
    2850/4D2C :                         ;;		nop
    2851/4D2C :                         ;;		nop
    2852/4D2C : FE 83                   		cp	83h		; STOP?
 AS V1.42 Beta [Bld 297] - Source File picoedas4-as.asm - Page 53 - 4/1/2026 15:28:38


    2853/4D2E : CA C4 4B                		jp	z, loc_4BBC	; ja, zurück zur Kommandoschleife
    2854/4D31 : F1                      		pop	af
    2855/4D32 : C9                      		ret
    2856/4D33 :                         
    2857/4D33 :                         ;---------------------------------------
    2858/4D33 :                         ; ggf. Abbruch bei Stop
    2859/4D33 : CD BB 4F                sub_4D22:	call	tastec		; TASTE?
    2860/4D36 : D0                      		ret	nc		; keine Taste gedrückt
    2861/4D37 :                         ;
    2862/4D37 : CF                      sub_4D26:	rst	8		; ed_inch0
    2863/4D38 : FE 20                   		cp	' '
    2864/4D3A : 28 FB                   		jr	z, sub_4D26	; Leerzeichen übergehen
    2865/4D3C : FE 03                   		cp	3		; STOP gedrückt?
    2866/4D3E : 37                      		scf
    2867/4D3F : C0                      		ret	nz		; nein
    2868/4D40 :                         		; bei Stop Zeilenumbruch ausgeben
    2869/4D40 : DF                      		rst	18h		; ed_prnst
    2870/4D41 : 8D                      		db 8Dh
    2871/4D42 : C3 C4 4B                		jp	loc_4BBC	; zurück zur Kommandoschleife
    2872/4D45 :                         
    2873/4D45 :                         
    2874/4D45 :                         ;---------------------------------------
    2875/4D45 :                         ;
    2876/4D45 : E6 7F                   sub_4D34:	and	7Fh
    2877/4D47 : CD 04 FE                		call	unk_5504	; Druckerausgabe
    2878/4D4A : 18 E7                   		jr	sub_4D22	; ggf. Abbruch bei Stop
    2879/4D4C :                         ;;		db    0
    2880/4D4C :                         ;;		db    0
    2881/4D4C :                         
    2882/4D4C :                         ;---------------------------------------
    2883/4D4C :                         ; Quelltext assemblieren, nur Fehler ausgeben
    2884/4D4C :                         ; W (a e) - Argumente analog dem "A"-Kommando.
    2885/4D4C :                         ; Zur Fehlerkorrektur ist es übersichtlicher, wenn nur die fehlerhaften Zeilen
    2886/4D4C :                         ; aufgelistet werden, die man dann leicht mit dem "Z"-Kommando berichtigen kann.
    2887/4D4C :                         
    2888/4D4C : FD 7E 01                WERRORS:	ld	a, (iy+1)	; Assembleroptionen
    2889/4D4F : E6 24                   		and	24h ; '$'
    2890/4D51 : F6 11                   		or	11h
    2891/4D53 : FD 77 01                		ld	(iy+1),	a	; Assembleroptionen
    2892/4D56 :                         
    2893/4D56 :                         ; Assemblieren
    2894/4D56 : 21 FF FF                loc_4D47:	ld      hl, 0FFFFh
    2895/4D59 : 22 C0 FD                		ld      (unk_54C0), hl
    2896/4D5C :                         		;
    2897/4D5C : 21 A1 4F                		ld	hl, loc_4F9A
    2898/4D5F : 22 78 FE                		ld	(word_5578), hl	; Adr. Ret-Funktion nach Fehler
    2899/4D62 : 21 FF FF                		ld	hl, 0FFFFh
    2900/4D65 : 22 0E FE                		ld	(word_550E), hl	; ENT-Adresse
    2901/4D68 : E1                      		pop	hl
    2902/4D69 : E1                      		pop	hl
    2903/4D6A : 2E 01                   		ld	l, 1
    2904/4D6C : E5                      		push	hl
    2905/4D6D : CD 79 44                		call	sub_4466	; Bufferende
    2906/4D70 : 22 0C FE                		ld	(word_550C), hl	; als Start für MC-Adr.
    2907/4D73 : E5                      		push	hl
    2908/4D74 : CD CB 4D                		call	sub_4DCF	; Assemblieren (Pass 1)
    2909/4D77 : E1                      		pop	hl
    2910/4D78 : 22 0C FE                		ld	(word_550C), hl	; MC-Adr. rücksetzen auf Bufferende
    2911/4D7B :                         					; für Pass 2
    2912/4D7B : E1                      		pop	hl
 AS V1.42 Beta [Bld 297] - Source File picoedas4-as.asm - Page 54 - 4/1/2026 15:28:38


    2913/4D7C : E5                      		push	hl
    2914/4D7D : CB 7D                   		bit	7, l		; ohne Fehler (?)
    2915/4D7F : 28 04                   		jr	z, loc_4D70	; dann Pass 2
    2916/4D81 : CB 64                   		bit	4, h
    2917/4D83 : 28 43                   		jr	z, loc_4DCC	; zurück zur Kommandoschleife
    2918/4D85 :                         ; Assemblieren Pass 2
    2919/4D85 :                         loc_4D70:
    2920/4D85 :                         ;;		nop
    2921/4D85 :                         ;;		nop
    2922/4D85 :                         ;;		nop
    2923/4D85 :                         ;;		nop
    2924/4D85 :                         ;;		nop
    2925/4D85 : E1                      		pop	hl
    2926/4D86 : 7C                      		ld	a, h
    2927/4D87 : E6 05                   		and	5
    2928/4D89 : F6 02                   		or	2
    2929/4D8B : 6F                      		ld	l, a
    2930/4D8C : E5                      		push	hl
    2931/4D8D : CD CF 4C                		call	sub_4CB6
    2932/4D90 : CB 45                   		bit	0, l
    2933/4D92 : 20 14                   		jr	nz, loc_4D9D
    2934/4D94 : CD D5 44                		call	loc_44C1	; Ausgabe "AC1 U880 Assembler"
    2935/4D97 : DF                      		rst	18h		; ed_prnst
    2936/4D98 :                         ;;		db "Source Listing",8Dh
    2937/4D98 : 51 75 65 6C 6C 74 65 78 		db "Quelltext",8Dh
         4DA0 : 74 8D                  
    2938/4DA2 : CD CF 4C                		call	sub_4CB6
    2939/4DA5 : CD CF 4C                		call	sub_4CB6
    2940/4DA8 : CD 6D 48                loc_4D9D:	call	sub_486A	; Fehlerzähler rücksetzen
    2941/4DAB :                         ;;		bit	6, (iy+1)	; Assembleroptionen
    2942/4DAB :                         ;;		jr	z, loc_4DA9
    2943/4DAB :                         ;;		ld	hl, 4141h
    2944/4DAB : 22 7C FE                loc_4DA9:	ld	(word_557C), hl
    2945/4DAE : E5                      		push	hl
    2946/4DAF : CD CB 4D                		call	sub_4DCF	; Assemblieren (Pass 2)
    2947/4DB2 :                         					; Listing ausgeben
    2948/4DB2 : FD CB 01 7E             		bit	7, (iy+1)	; Assembleroptionen Symboltabelle ?
    2949/4DB6 : C4 91 45                		call	nz, loc_457E	; Ausgabe Symboltabelle
    2950/4DB9 : CD CF 4C                		call	sub_4CB6
    2951/4DBC : 3E 61                   		ld	a, 61h 		; Error 61 - Bereichsüberschreitung
    2952/4DBE : FD CB 00 76             		bit	6, (iy+0)
    2953/4DC2 : C4 27 4B                		call	nz, sub_4B34	; Fehler ausgeben
    2954/4DC5 : CD 91 48                		call	loc_488D	; Ausgabe Anz. Fehler
    2955/4DC8 :                         ;;		nop
    2956/4DC8 :                         ;;		nop
    2957/4DC8 :                         ;;		nop
    2958/4DC8 :                         ;;		nop
    2959/4DC8 :                         ;;		nop
    2960/4DC8 :                         ;;		nop
    2961/4DC8 :                         ;
    2962/4DC8 : C3 C4 4B                loc_4DCC:	jp	loc_4BBC	; zurück zur Kommandoschleife
    2963/4DCB :                         
    2964/4DCB :                         ; Assemblieren? und Listing ausgeben
    2965/4DCB : CD 48 44                sub_4DCF:	call	sub_4435	; Textende ermitteln
    2966/4DCE : D5                      		push	de		; DE=Textende
    2967/4DCF : DD E1                   		pop	ix		; IX=Textende
    2968/4DD1 : CD 06 46                		call	sub_45F5	; suche Zeile ARG1
    2969/4DD4 : 2B                      		dec	hl		; HL=Zeilenanfang-1
    2970/4DD5 : 22 89 FE                		ld	(word_5589), hl	; merken
    2971/4DD8 : 23                      		inc	hl		; HL=Zeilenanfang
 AS V1.42 Beta [Bld 297] - Source File picoedas4-as.asm - Page 55 - 4/1/2026 15:28:38


    2972/4DD9 :                         
    2973/4DD9 :                         ; LOOP: nächste Zeile assemblieren
    2974/4DD9 : CD 49 46                loc_4DDD:	call	sub_4642	; die letzten beiden BWS-Zeilen leeren
    2975/4DDC : 11 71 10                		ld	de, bws(30,14)
    2976/4DDF : CD 3F 46                		call	setcu		; set cursor
    2977/4DE2 : CD 2B 46                		call	sub_4623	; Ausgabe Zeilennummer
    2978/4DE5 :                         					; und Ermittlung Zeichenklasse
    2979/4DE5 :                         					; ret A=Zeichen, C=Zeichenklasse
    2980/4DE5 : C0                      		ret	nz		; Programmende erreicht
    2981/4DE6 : F5                      		push	af
    2982/4DE7 : 30 0B                   		jr	nc, loc_4DF8
    2983/4DE9 : E5                      		push	hl
    2984/4DEA : 2A 0C FE                		ld	hl, (word_550C)	; MC-Adr.
    2985/4DED : DD 75 00                		ld	(ix+0),	l
    2986/4DF0 : DD 74 01                		ld	(ix+1),	h
    2987/4DF3 : E1                      		pop	hl
    2988/4DF4 : FE 3B                   loc_4DF8:	cp	';'		; Kommentarzeile?
    2989/4DF6 : 28 08                   		jr	z, loc_4E04	; ja
    2990/4DF8 :                         		;
    2991/4DF8 : 06 07                   		ld	b, 7
    2992/4DFA : CD A0 46                		call	sub_4699
    2993/4DFD : CC 9B 46                		call	z, sub_4694	; Ausgabe Mnemonik
    2994/4E00 : F5                      loc_4E04:	push	af
    2995/4E01 : CD D0 51                		call	sub_51BD	; Ausgabe Text (Befehlsparameter etc.)
    2996/4E04 : F1                      		pop	af
    2997/4E05 : D1                      		pop	de
    2998/4E06 : E5                      		push	hl
    2999/4E07 : D5                      		push	de
    3000/4E08 : 08                      		ex	af, af'	;'
    3001/4E09 : F1                      		pop	af
    3002/4E0A : F5                      		push	af
    3003/4E0B : 21 00 00                		ld	hl, 0		; drei Param. auf Stack init.
    3004/4E0E : E5                      		push	hl
    3005/4E0F : E5                      		push	hl
    3006/4E10 : E5                      		push	hl
    3007/4E11 : 08                      		ex	af, af'	;'
    3008/4E12 : 3E 10                   		ld	a, 10h		; Error 10 - illegale Befehlszeile
    3009/4E14 : C2 23 4B                		jp	nz, loc_4B30	; Fehler ausgeben
    3010/4E17 : 08                      		ex	af, af'	;'
    3011/4E18 : 30 0B                   		jr	nc, loc_4E29
    3012/4E1A : 21 6C 10                		ld	hl, bws(30,19)
    3013/4E1D : CD EC 44                		call	sub_44D9
    3014/4E20 : 3E 31                   		ld	a, 31h 		; Error 31 - Marke doppelt definiert
    3015/4E22 : D2 23 4B                		jp	nc, loc_4B30	; Fehler ausgeben
    3016/4E25 : FE 3B                   loc_4E29:	cp	';'		; Kommentar ?
    3017/4E27 : CA 89 4F                		jp	z, loc_4F82
    3018/4E2A : 11 7F 10                		ld	de, bws(30,0)
    3019/4E2D : 2A 0C FE                		ld	hl, (word_550C)	; MC-Adr.
    3020/4E30 : CD B9 46                		call	sub_46B2	; Ausgabe HL
    3021/4E33 :                         		; Zeile ist enpackt auf dem BWS
    3022/4E33 :                         		; jetzt parsen und assemblieren
    3023/4E33 : 2A 17 FE                		ld	hl, (word_5517)	; unk_40AA Parse Tree Mnemonics
    3024/4E36 : E5                      		push	hl		; auf Stack
    3025/4E37 : 16 00                   		ld	d, 0
    3026/4E39 : D5                      		push	de
    3027/4E3A : 21 66 10                		ld	hl, bws(30,25)
    3028/4E3D : 18 08                   		jr	loc_4E4B
    3029/4E3F :                         		;
    3030/4E3F : CD 1C 43                loc_4E43:	call	sub_4306	; Abarbeitung nächstes Token
    3031/4E42 : 3E 20                   loc_4E46:	ld	a, 20h 		; Error 20 - unbekannte Mnemonik
 AS V1.42 Beta [Bld 297] - Source File picoedas4-as.asm - Page 56 - 4/1/2026 15:28:38


    3032/4E44 : DA 23 4B                loc_4E48:	jp	c, loc_4B30	; Fehler ausgeben
    3033/4E47 :                         		;
    3034/4E47 : CD BE 48                loc_4E4B:	call	sub_48BE	; nächstes Zeichen
    3035/4E4A : 38 F3                   		jr	c, loc_4E43	; solange Textzeichen
    3036/4E4C :                         		;
    3037/4E4C : CD E1 48                		call	sub_48E1	; Mnemonik parsen
    3038/4E4F : FD CB EE 7E             		bit	7, (iy-12h)
    3039/4E53 : CA 1B 4F                		jp	z, loc_4F14
    3040/4E56 : CD B5 43                		call	sub_439F
    3041/4E59 : 38 E7                   		jr	c, loc_4E46
    3042/4E5B : F5                      		push	af
    3043/4E5C : FE 80                   		cp	80h ; 'Ç'
    3044/4E5E : CB 59                   		bit	3, c
    3045/4E60 : 3E 40                   		ld	a, 40h ; '@'
    3046/4E62 : D2 FB 4E                		jp	nc, loc_4EF5
    3047/4E65 : 20 DD                   		jr	nz, loc_4E48
    3048/4E67 : F1                      		pop	af
    3049/4E68 : F5                      		push	af
    3050/4E69 : FD CB F6 D6             		set	2, (iy-0Ah)
    3051/4E6D : 01 FF FD                		ld	bc, unk_54FF	; Buffer f. Code
    3052/4E70 : FE 03                   		cp	3
    3053/4E72 : 28 4A                   		jr	z, loc_4EB8
    3054/4E74 : 30 5F                   		jr	nc, loc_4ECF
    3055/4E76 : 06 05                   		ld	b, 5
    3056/4E78 : CD C4 46                		call	sub_46BE
    3057/4E7B : 3F                      		ccf
    3058/4E7C : 3E 40                   loc_4E80:	ld	a, 40h 		; Error 40 - Pseudo-Befehl-Fehler
    3059/4E7E : D2 23 4B                		jp	nc, loc_4B30	; Fehler ausgeben
    3060/4E81 :                         ;;		ld	h, d		; Adresse übernehmen
    3061/4E81 :                         ;;		ld	l, e
    3062/4E81 :                         		;
    3063/4E81 : 2A C0 FD                		ld      hl, (unk_54C0)
    3064/4E84 : 23                      		inc     hl
    3065/4E85 : 7C                      		ld      a, h
    3066/4E86 : B5                      		or      l
    3067/4E87 : 62                      		ld      h, d
    3068/4E88 : 6B                      		ld      l, e
    3069/4E89 : 20 03                   		jr      nz, loc_4E8E
    3070/4E8B : 22 C0 FD                		ld      (unk_54C0), hl
    3071/4E8E :                         loc_4E8E:       ;
    3072/4E8E : F1                      		pop	af
    3073/4E8F : FE 01                   		cp	1
    3074/4E91 : 28 07                   		jr	z, loc_4E93	; (bei org ?)
    3075/4E93 : 38 0C                   		jr	c, loc_4E9A
    3076/4E95 : ED 4B 0C FE             		ld	bc, (word_550C)	; MC-Adr.
    3077/4E99 : 09                      		add	hl, bc
    3078/4E9A : 22 0C FE                loc_4E93:	ld	(word_550C), hl	; setze MC-Adr.
    3079/4E9D : FD CB 00 9E             		res	3, (iy+0)
    3080/4EA1 : FD CB F8 46             loc_4E9A:	bit	0, (iy-8)
    3081/4EA5 : 28 0A                   		jr	z, loc_4EAA
    3082/4EA7 : FE 02                   		cp	2
    3083/4EA9 : 28 06                   		jr	z, loc_4EAA
    3084/4EAB : DD 75 00                		ld	(ix+0),	l
    3085/4EAE : DD 74 01                		ld	(ix+1),	h
    3086/4EB1 : EB                      loc_4EAA:	ex	de, hl
    3087/4EB2 : FE 01                   		cp	1
    3088/4EB4 : 11 7F 10                		ld	de, bws(30,0)
    3089/4EB7 : CC 3F 46                		call	z, setcu	; set cursor
    3090/4EBA : EF                      		rst	28h		; ed_outhls Ausgabe MC-Adresse
    3091/4EBB :                         ;;		nop
 AS V1.42 Beta [Bld 297] - Source File picoedas4-as.asm - Page 57 - 4/1/2026 15:28:38


    3092/4EBB : C3 89 4F                loc_4EB5:	jp	loc_4F82
    3093/4EBE :                         ;Zeichenkette
    3094/4EBE : 56                      loc_4EB8:	ld	d, (hl)
    3095/4EBF : C5                      loc_4EB9:	push	bc
    3096/4EC0 : CD BE 48                		call	sub_48BE
    3097/4EC3 : C1                      		pop	bc
    3098/4EC4 : BA                      		cp	d
    3099/4EC5 : 28 24                   		jr	z, loc_4EE5
    3100/4EC7 : FE A0                   		cp	0A0h 		; Zeilenende?
    3101/4EC9 : 28 20                   		jr	z, loc_4EE5
    3102/4ECB : 02                      		ld	(bc), a
    3103/4ECC : 0B                      		dec	bc
    3104/4ECD : 18 F0                   		jr	loc_4EB9
    3105/4ECF : CD C3 43                loc_4EC9:	call	sub_43AD
    3106/4ED2 : F1                      loc_4ECC:	pop	af
    3107/4ED3 : 30 16                   		jr	nc, loc_4EE5
    3108/4ED5 : C5                      loc_4ECF:	push	bc
    3109/4ED6 : 06 04                   		ld	b, 4
    3110/4ED8 : CD C4 46                		call	sub_46BE
    3111/4EDB : C1                      		pop	bc
    3112/4EDC : F5                      		push	af
    3113/4EDD : 7B                      		ld	a, e
    3114/4EDE : 02                      		ld	(bc), a
    3115/4EDF : 0B                      		dec	bc
    3116/4EE0 : FD CB F1 46             		bit	0, (iy-0Fh)
    3117/4EE4 : 28 E9                   		jr	z, loc_4EC9
    3118/4EE6 : 7A                      		ld	a, d
    3119/4EE7 : 02                      		ld	(bc), a
    3120/4EE8 : 0B                      		dec	bc
    3121/4EE9 : 18 E7                   		jr	loc_4ECC
    3122/4EEB :                         ; Befehlszeilenende erreicht
    3123/4EEB :                         ; MC wegschreiben/anzeigen
    3124/4EEB : 21 FF FD                loc_4EE5:	ld	hl, unk_54FF	; Buffer f. Code
    3125/4EEE : B7                      loc_4EE8:	or	a		; Cy=0
    3126/4EEF : ED 42                   		sbc	hl, bc		; Test HL=BC
    3127/4EF1 : 09                      		add	hl, bc
    3128/4EF2 : 28 C7                   		jr	z, loc_4EB5	; bis Code-Ende
    3129/4EF4 : 7E                      		ld	a, (hl)		; gen. Code-Byte
    3130/4EF5 : 2B                      		dec	hl		; nächstes Zeichen
    3131/4EF6 : CD CA 47                		call	sub_47C6	; Ausgabe Byte
    3132/4EF9 : 18 F3                   		jr	loc_4EE8
    3133/4EFB :                         loc_4EF5:	;;jr	z, loc_4E80
    3134/4EFB : CA 7C 4E                		jp	z, loc_4E80
    3135/4EFE : F1                      		pop	af
    3136/4EFF : FE 81                   		cp	81h		; special code SKIP
    3137/4F01 : 30 08                   		jr	nc, loc_4F04	; bei SKIP
    3138/4F03 :                         		; else 'ENT'
    3139/4F03 : 2A 0C FE                		ld	hl, (word_550C)	; aktuelle MC-Adr.
    3140/4F06 : 22 0E FE                		ld	(word_550E), hl	; ENT-Adresse
    3141/4F09 : 18 B0                   		jr	loc_4EB5	; -> loc_4F82
    3142/4F0B :                         		;
    3143/4F0B : CD 49 46                loc_4F04:	call	sub_4642	; die letzten beiden BWS-Zeilen leeren
    3144/4F0E : 18 AB                   		jr	loc_4EB5	; -> loc_4F82
    3145/4F10 :                         
    3146/4F10 :                         ;---------------------------------------
    3147/4F10 :                         ;
    3148/4F10 : CD C2 46                loc_4F09:	call	sub_46BC	; Parameter bearbeiten
    3149/4F13 : 78                      		ld	a, b
    3150/4F14 : CD 1C 43                		call	sub_4306	; Abarbeitung nächstes Token
    3151/4F17 : 3E 21                   loc_4F10:	ld	a, 21h ; '!'
 AS V1.42 Beta [Bld 297] - Source File picoedas4-as.asm - Page 58 - 4/1/2026 15:28:38


    3152/4F19 : 38 52                   		jr	c, loc_4F66
    3153/4F1B :                         ; Einstieg
    3154/4F1B : CB 59                   loc_4F14:	bit	3, c
    3155/4F1D : 28 F1                   		jr	z, loc_4F09
    3156/4F1F : CD B5 43                		call	sub_439F
    3157/4F22 : 38 F3                   		jr	c, loc_4F10
    3158/4F24 : C1                      		pop	bc
    3159/4F25 : E1                      		pop	hl
    3160/4F26 : CB 51                   		bit	2, c
    3161/4F28 : 28 10                   		jr	z, loc_4F33
    3162/4F2A : 2B                      		dec	hl
    3163/4F2B : 2B                      		dec	hl
    3164/4F2C : FD CB 01 6E             		bit	5, (iy+1)	; Assembleroptionen rel.Jp.Abs
    3165/4F30 : 20 08                   		jr	nz, loc_4F33
    3166/4F32 :                         		; relative Sprungdistanzen absolut
    3167/4F32 : D5                      		push	de
    3168/4F33 : ED 5B 0C FE             		ld	de, (word_550C)	; aktuelle MC-Adr.
    3169/4F37 : ED 52                   		sbc	hl, de
    3170/4F39 : D1                      		pop	de
    3171/4F3A :                         ;
    3172/4F3A : EB                      loc_4F33:	ex	de, hl
    3173/4F3B : 7B                      		ld	a, e
    3174/4F3C : CB 51                   		bit	2, c
    3175/4F3E : C4 C7 43                		call	nz, sub_43B1
    3176/4F41 : CB 49                   		bit	1, c
    3177/4F43 : C4 C3 43                		call	nz, sub_43AD
    3178/4F46 : 79                      		ld	a, c
    3179/4F47 : B7                      		or	a
    3180/4F48 : 7B                      		ld	a, e
    3181/4F49 : 08                      		ex	af, af'	;'
    3182/4F4A : 7A                      		ld	a, d
    3183/4F4B : CB 41                   		bit	0, c
    3184/4F4D : EB                      		ex	de, hl
    3185/4F4E : E1                      		pop	hl
    3186/4F4F : E5                      		push	hl
    3187/4F50 : 37                      		scf
    3188/4F51 : F5                      		push	af
    3189/4F52 : 3F                      		ccf
    3190/4F53 : F5                      		push	af
    3191/4F54 : 08                      		ex	af, af'	;'
    3192/4F55 : F5                      		push	af
    3193/4F56 : 7A                      		ld	a, d
    3194/4F57 : B0                      		or	b
    3195/4F58 : 0C                      		inc	c
    3196/4F59 : F5                      		push	af
    3197/4F5A : 3E CB                   		ld	a, 0CBh
    3198/4F5C : CB 5B                   		bit	3, e
    3199/4F5E : 28 01                   		jr	z, loc_4F5A
    3200/4F60 : F5                      		push	af
    3201/4F61 : CB 65                   loc_4F5A:	bit	4, l
    3202/4F63 : 28 1A                   		jr	z, loc_4F78
    3203/4F65 : 7C                      		ld	a, h
    3204/4F66 : CB 73                   		bit	6, e
    3205/4F68 : 28 08                   		jr	z, loc_4F6B
    3206/4F6A : B7                      		or	a
    3207/4F6B : 3E 22                   loc_4F64:	ld	a, 22h 		; Error 22 - Indexregister-Fehler
    3208/4F6D : C2 23 4B                loc_4F66:	jp	nz, loc_4B30	; Fehler ausgeben
    3209/4F70 : 18 05                   		jr	loc_4F70
    3210/4F72 :                         ;
    3211/4F72 : C1                      loc_4F6B:	pop	bc
 AS V1.42 Beta [Bld 297] - Source File picoedas4-as.asm - Page 59 - 4/1/2026 15:28:38


    3212/4F73 : CB 45                   		bit	0, l
    3213/4F75 : F5                      		push	af
    3214/4F76 : C5                      		push	bc
    3215/4F77 : 3E DD                   loc_4F70:	ld	a, 0DDh	; IX ...
    3216/4F79 : B5                      		or	l
    3217/4F7A : F5                      		push	af
    3218/4F7B : CB 63                   		bit	4, e
    3219/4F7D : 20 EC                   		jr	nz, loc_4F64
    3220/4F7F :                         ;
    3221/4F7F : 3E ED                   loc_4F78:	ld	a, 0EDh	; Präfix ED
    3222/4F81 : CB 63                   		bit	4, e
    3223/4F83 : C4 CA 47                loc_4F7C:	call	nz, sub_47C6	; Ausgabe Hex-Code
    3224/4F86 : F1                      		pop	af
    3225/4F87 : 30 FA                   		jr	nc, loc_4F7C
    3226/4F89 :                         ;
    3227/4F89 : FD CB 00 46             loc_4F82:	bit	0, (iy+0)	;
    3228/4F8D : CC CF 4C                		call	z, sub_4CB6	; neue Zeile
    3229/4F90 : FD CB F6 5E             		bit	3, (iy-0Ah)	;
    3230/4F94 : 20 0F                   		jr	nz, loc_4F9E
    3231/4F96 : FD CB F6 76             		bit	6, (iy-0Ah)	;
    3232/4F9A : 3E 23                   		ld	a, 23h 		; Error 23 - Wert bzw. Distanz zu groß
    3233/4F9C : C4 27 4B                		call	nz, sub_4B34	; Fehler ausgeben
    3234/4F9F : 18 09                   		jr	loc_4FA3
    3235/4FA1 :                         
    3236/4FA1 :                         ;---------------------------------------
    3237/4FA1 :                         ; hier gehts nach einem Fehler beim Assemblieren weiter
    3238/4FA1 : FD CB F6 5E             loc_4F9A:	bit	3, (iy-0Ah)
    3239/4FA5 :                         ;
    3240/4FA5 : 3E 30                   loc_4F9E:	ld	a, 30h 		; Error 30 - Marke nicht gefunden
    3241/4FA7 : C4 27 4B                		call	nz, sub_4B34	; Fehler ausgeben
    3242/4FAA :                         ;
    3243/4FAA : 31 F6 FE                loc_4FA3:	ld	sp, unk_55F6	; reset Stack
    3244/4FAD :                         					; (Param vom Stack nehmen)
    3245/4FAD : F1                      		pop	af
    3246/4FAE : 30 04                   		jr	nc, loc_4FAD
    3247/4FB0 : DD 23                   		inc	ix
    3248/4FB2 : DD 23                   		inc	ix
    3249/4FB4 : E1                      loc_4FAD:	pop	hl
    3250/4FB5 : CD 33 4D                		call	sub_4D22	; ggf. Abbruch bei Stop
    3251/4FB8 : C3 D9 4D                		jp	loc_4DDD	; nächste Zeile assemblieren
    3252/4FBB :                         
    3253/4FBB :                         ;---------------------------------------
    3254/4FBB :                         ; TASTE, Ret Cy bei Taste
    3255/4FBB : C5                      tastec:		push	bc
    3256/4FBC : CD FA 07                		call	TASTE		; AC1: testet den Tastaturstatus
    3257/4FBF : 28 03                   		jr	z, loc_4FBD
    3258/4FC1 : 37                      		scf
    3259/4FC2 : C1                      		pop	bc
    3260/4FC3 : C9                      		ret
    3261/4FC4 : A7                      loc_4FBD:	and	a	; Cy=0
    3262/4FC5 : C1                      		pop	bc
    3263/4FC6 : C9                      		ret
    3264/4FC7 :                         
    3265/4FC7 :                         
    3266/4FC7 :                         ;---------------------------------------
    3267/4FC7 :                         ; Eingabe Textzeile
    3268/4FC7 :                         ; in cupos=107F bws(30,0)
    3269/4FC7 :                         ; ret DE=Text
    3270/4FC7 : E5                      sub_4FC0:	push	hl
    3271/4FC8 : CF                      loc_4FC1:	rst	8		; ed_inch0
 AS V1.42 Beta [Bld 297] - Source File picoedas4-as.asm - Page 60 - 4/1/2026 15:28:38


    3272/4FC9 : FE 0D                   		cp	0Dh		; Enter?
    3273/4FCB : 28 23                   		jr	z, loc_4FE2
    3274/4FCD : FE 0C                   		cp	0Ch		; CLS
    3275/4FCF :                         		;;jr	z, loc_4FC1
    3276/4FCF : 28 18                   		jr	z, loc_4FE9
    3277/4FD1 : CD 35 54                		call	sub_5417
    3278/4FD4 : D7                      		rst	10h		; ed_outch0
    3279/4FD5 : ED 5B 00 18             		ld	de, (cupos)
    3280/4FD9 : 7B                      		ld	a, e
    3281/4FDA : FE 80                   		cp	80h 		; lo( bws(29,63) )
    3282/4FDC :                         					; Zeilenanfang unterschritten?
    3283/4FDC : 30 06                   		jr	nc, loc_4FDD	; ja, nicht weiter zurück
    3284/4FDE : FE 4F                   		cp	4Fh 		; lo( bws(30,48) )
    3285/4FE0 :                         					; max Anzahl Zeichen erreicht?
    3286/4FE0 : 38 02                   		jr	c, loc_4FDD	; ja, nicht weiter vor
    3287/4FE2 : 18 E4                   		jr	loc_4FC1
    3288/4FE4 : 22 00 18                loc_4FDD:	ld	(cupos), hl
    3289/4FE7 : 18 DF                   		jr	loc_4FC1
    3290/4FE9 :                         ;
    3291/4FE9 : 06 19                   loc_4FE9:       ld      b, 19h
    3292/4FEB : 3E 0D                                   ld      a, 0Dh
    3293/4FED : D7                      loc_4FED:	rst     10h
    3294/4FEE : 10 FD                                   djnz    loc_4FED
    3295/4FF0 :                         ;
    3296/4FF0 : 11 BF 10                loc_4FE2:	ld	de, bws(29,0)
    3297/4FF3 : DF                      		rst	18h		; ed_prnst
    3298/4FF4 : 8D                      		db 8Dh
    3299/4FF5 : E1                      		pop	hl
    3300/4FF6 : C9                      		ret
    3301/4FF7 :                         
    3302/4FF7 :                         ;---------------------------------------
    3303/4FF7 :                         ;rst18 outch
    3304/4FF7 :                         ; eigene Routinen für Bildschirm
    3305/4FF7 :                         
    3306/4FF7 : E5                      outch0:		push	hl
    3307/4FF8 : D5                      		push	de
    3308/4FF9 : C5                      		push	bc
    3309/4FFA : F5                      		push	af
    3310/4FFB : E6 7F                   		and	7Fh ; ''
    3311/4FFD : 2A 00 18                		ld	hl, (cupos)
    3312/5000 : FE 0D                   		cp	0Dh		; CR
    3313/5002 : CA DB 50                		jp	z, oc_cr
    3314/5005 : FE 0C                   		cp	0Ch		; ^L
    3315/5007 : 28 44                   		jr	z, oc_cls
    3316/5009 : FE 12                   		cp	12h
    3317/500B : 28 69                   		jr	z, oc_bakdel	; ^R
    3318/500D :                         		;
    3319/500D : FE 7F                   		cp      7Fh
    3320/500F : 28 65                   		jr      z, oc_bakdel
    3321/5011 :                         		;
    3322/5011 : FE 13                   		cp	13h
    3323/5013 : 28 48                   		jr	z, oc_del	; ^S
    3324/5015 :                         		;
    3325/5015 : FE 04                   		cp      4
    3326/5017 : 28 44                   		jr      z, oc_del
    3327/5019 :                         		;
    3328/5019 : FE 08                   		cp	8
    3329/501B : 28 53                   		jr	z, oc_left
    3330/501D : FE 09                   		cp	9
    3331/501F : 28 52                   		jr	z, oc_right
 AS V1.42 Beta [Bld 297] - Source File picoedas4-as.asm - Page 61 - 4/1/2026 15:28:38


    3332/5021 : FE 0B                   		cp	0Bh
    3333/5023 : CA C2 50                		jp	z, oc_up	; Kursor nach oben
    3334/5026 : FE 17                   		cp	17h
    3335/5028 :                         		;;jr	z, oc_tab	; ^W
    3336/5028 : CA A3 50                		jp	z, oc_tab	; ^W
    3337/502B : FE 05                   		cp	5
    3338/502D : 28 4C                   		jr	z, oc_ins	; ^E
    3339/502F : FE 0A                   		cp	0Ah
    3340/5031 :                         		;;jr	z, oc_down	; Kursor nach unten
    3341/5031 : CA BC 50                		jp	z, oc_down	; Kursor nach unten
    3342/5034 : FE 14                   		cp	14h		; ^T
    3343/5036 :                         		;;jr	z, oc_firstc
    3344/5036 : CA B7 50                		jp	z, oc_firstc
    3345/5039 :                         		;
    3346/5039 : FE 0F                   		cp      0Fh
    3347/503B : 28 08                   		jr      z, loc_5045
    3348/503D :                         		;
    3349/503D : FE 20                   		cp	' '
    3350/503F : DA C7 50                		jp	c, oc_end	; sonstige Steuerzeichen uebergehen
    3351/5042 : C3 CF 50                		jp	outx		; Zeichen direkt ausgeben
    3352/5045 :                         ;
    3353/5045 : 06 08                   loc_5045:       ld      b, 8
    3354/5047 : 2B                      loc_5047:       dec     hl
    3355/5048 : 10 FD                                   djnz    loc_5047
    3356/504A : C3 C7 50                                jp      oc_end
    3357/504D :                         
    3358/504D :                         ; CTRL - L cls
    3359/504D : 21 00 10                oc_cls:		ld	hl, BWS
    3360/5050 : 36 20                   		ld	(hl), ' '
    3361/5052 : 11 01 10                		ld	de, BWS+1
    3362/5055 : 01 FF 07                		ld	bc, 7FFh	; BWS-Size
    3363/5058 : ED B0                   		ldir
    3364/505A : C3 C7 50                		jp	oc_end
    3365/505D :                         ; CTRL - S Streichen
    3366/505D : 54                      oc_del:		ld	d, h
    3367/505E : 7D                      		ld	a, l
    3368/505F : E6 C0                   		and	0C0h
    3369/5061 : 5F                      		ld	e, a
    3370/5062 : 7D                      		ld	a, l
    3371/5063 : 93                      		sub	e
    3372/5064 : 5D                      		ld	e, l
    3373/5065 : 4F                      		ld	c, a
    3374/5066 : 06 00                   		ld	b, 0
    3375/5068 : 2B                      		dec	hl
    3376/5069 : ED B8                   		lddr
    3377/506B : 3E 20                   		ld	a, ' '
    3378/506D : 12                      		ld	(de), a
    3379/506E : 18 5A                   		jr	oc_end1
    3380/5070 :                         ; CTRL - H <==
    3381/5070 : 23                      oc_left:	inc	hl
    3382/5071 : 18 54                   		jr	oc_end
    3383/5073 :                         ; CTRL - I ==>
    3384/5073 : 2B                      oc_right:	dec	hl
    3385/5074 : 18 51                   		jr	oc_end
    3386/5076 :                         ; CTRL - R Rückwärtslöschen
    3387/5076 : 23                      oc_bakdel:	inc	hl
    3388/5077 : 36 20                   		ld	(hl), ' '
    3389/5079 : 18 4C                   		jr	oc_end
    3390/507B :                         ; CTRL - E Einfügen
    3391/507B : E5                      oc_ins:		push	hl
 AS V1.42 Beta [Bld 297] - Source File picoedas4-as.asm - Page 62 - 4/1/2026 15:28:38


    3392/507C : 7D                      		ld	a, l
    3393/507D : E6 C0                   		and	0C0h
    3394/507F : 6F                      		ld	l, a
    3395/5080 : EB                      		ex	de, hl
    3396/5081 : AF                      		xor	a
    3397/5082 : E1                      		pop	hl
    3398/5083 : ED 52                   		sbc	hl, de
    3399/5085 : E5                      		push	hl
    3400/5086 : C1                      		pop	bc
    3401/5087 : D5                      		push	de
    3402/5088 : E1                      		pop	hl
    3403/5089 : 23                      		inc	hl
    3404/508A : ED B0                   		ldir
    3405/508C : 3E 20                   		ld	a, ' '
    3406/508E : 12                      		ld	(de), a
    3407/508F : 18 39                   		jr	oc_end1
    3408/5091 :                         ; Tabulator-Tabelle
    3409/5091 : F9                      ttab:		db -7
    3410/5092 : FC                      		db -4
    3411/5093 : FB                      		db -5
    3412/5094 : FB                      		db -5
    3413/5095 : FB                      		db -5
    3414/5096 : FB                      		db -5
    3415/5097 : 00                      		db    0
    3416/5098 : EB                      sub_5073:	ex	de, hl
    3417/5099 : 21 7F 10                		ld	hl, bws(30,0)
    3418/509C : 3E 20                   		ld	a, ' '
    3419/509E : 2B                      loc_5079:	dec	hl
    3420/509F : BE                      		cp	(hl)
    3421/50A0 : 20 FC                   		jr	nz, loc_5079
    3422/50A2 : C9                      		ret
    3423/50A3 :                         ; CTRL - W spezieller Tabulator
    3424/50A3 : CD 98 50                oc_tab:		call	sub_5073
    3425/50A6 : 01 90 50                		ld	bc, ttab-1
    3426/50A9 : 03                      oc_tab1:	inc	bc
    3427/50AA : 0A                      		ld	a, (bc)
    3428/50AB : B7                      		or	a
    3429/50AC : 28 19                   		jr	z, oc_end
    3430/50AE : 85                      		add	a, l
    3431/50AF : 6F                      		ld	l, a
    3432/50B0 : ED 52                   		sbc	hl, de
    3433/50B2 : 19                      		add	hl, de
    3434/50B3 : 30 F4                   		jr	nc, oc_tab1
    3435/50B5 : 18 10                   		jr	oc_end
    3436/50B7 :                         ; CTRL - T Kursor hinter Zeilennummer
    3437/50B7 : CD 98 50                oc_firstc:	call	sub_5073
    3438/50BA : 18 0B                   		jr	oc_end
    3439/50BC :                         ;
    3440/50BC : 11 C0 FF                oc_down:	ld	de, -COLS	; Zeilenlaenge
    3441/50BF : 19                      oc_down1:	add	hl, de
    3442/50C0 : 18 05                   		jr	oc_end
    3443/50C2 :                         ;
    3444/50C2 : 11 40 00                oc_up:		ld	de, COLS	; Zeilenlaenge
    3445/50C5 : 18 F8                   		jr	oc_down1
    3446/50C7 :                         ;
    3447/50C7 : 22 00 18                oc_end:		ld	(cupos), hl
    3448/50CA : F1                      oc_end1:	pop	af
    3449/50CB : C1                      		pop	bc
    3450/50CC : D1                      		pop	de
    3451/50CD : E1                      		pop	hl
 AS V1.42 Beta [Bld 297] - Source File picoedas4-as.asm - Page 63 - 4/1/2026 15:28:38


    3452/50CE : C9                      		ret
    3453/50CF :                         ;
    3454/50CF : 77                      outx:		ld	(hl), a
    3455/50D0 : 2B                      		dec	hl
    3456/50D1 : EB                      		ex	de, hl
    3457/50D2 : 21 FF 0F                		ld	hl, 0FFFh
    3458/50D5 : A7                      		and	a
    3459/50D6 : ED 52                   		sbc	hl, de
    3460/50D8 : EB                      		ex	de, hl
    3461/50D9 : 38 EC                   		jr	c, oc_end
    3462/50DB :                         ;
    3463/50DB : CD 71 51                oc_cr:		call	sub_515E
    3464/50DE : ED 53 00 18             		ld	(cupos), de
    3465/50E2 : EB                      		ex	de, hl
    3466/50E3 : 23                      		inc	hl
    3467/50E4 : 2D                      oc_cr1:		dec	l
    3468/50E5 : 36 20                   		ld	(hl), ' '
    3469/50E7 : 20 FB                   		jr	nz, oc_cr1
    3470/50E9 : 18 DF                   		jr	oc_end1
    3471/50EB :                         
    3472/50EB :                         ;---------------------------------------
    3473/50EB :                         ;rst08 inch
    3474/50EB :                         ; eigene Routinen für Bildschirm. Die Eingabe ist mit einer Auto-
    3475/50EB :                         ; Repeat-Funktion versehen, d.h., nach längerem Drücken wird eine Taste
    3476/50EB :                         ; automatisch wiederholt.
    3477/50EB :                         
    3478/50EB : E5                      inch0:		push	hl
    3479/50EC : C5                      		push	bc
    3480/50ED : 2A 00 18                		ld	hl, (cupos)	; Cursorposition
    3481/50F0 : 4E                      inch1:		ld	c, (hl)		; Zeichen merken
    3482/50F1 : CB B9                   		res	7, c
    3483/50F3 : 36 5F                   		ld	(hl), '_'	; Cursorzeichen
    3484/50F5 : 06 00                   inch2:		ld	b, 0
    3485/50F7 : C5                      inch3:		push	bc
    3486/50F8 : 06 00                   		ld	b, 0
    3487/50FA : 10 FE                   inch4:		djnz	inch4		; kurz warten
    3488/50FC : C1                      		pop	bc
    3489/50FD : CD FA 07                		call	TASTE		; Taste gedrückt?
    3490/5100 : 20 0A                   		jr	nz, inch5	; ja
    3491/5102 : 10 F3                   		djnz	inch3		; sonst weiter versuchen
    3492/5104 :                         		; blinken
    3493/5104 : 3E 5F                   		ld	a, '_'		; Cursorzeichen
    3494/5106 : BE                      		cp	(hl)
    3495/5107 : 20 E7                   		jr	nz, inch1
    3496/5109 : 71                      		ld	(hl), c		; Zeichen wiederherstellen
    3497/510A : 18 E9                   		jr	inch2
    3498/510C :                         ;
    3499/510C : 71                      inch5:		ld	(hl), c		; Zeichen wiederherstellen
    3500/510D : F5                      		push	af
    3501/510E : CD FA 07                inch6:		call	TASTE
    3502/5111 : 21 B4 FE                		ld	hl, unk_55B4	; Repeat-Timer
    3503/5114 : 20 09                   		jr	nz, inch8
    3504/5116 :                         		;;ld	a, 10h		; Startwert 16
    3505/5116 : 3E 20                   		ld	a, 20h
    3506/5118 : 77                      inch7:		ld	(hl), a
    3507/5119 : F1                      		pop	af
    3508/511A :                         		; Bit 7 rücksetzen (Kennung Taste gedrückt)
    3509/511A : E6 7F                   		and	7Fh
    3510/511C : C1                      		pop	bc
    3511/511D : E1                      		pop	hl
 AS V1.42 Beta [Bld 297] - Source File picoedas4-as.asm - Page 64 - 4/1/2026 15:28:38


    3512/511E : C9                      		ret
    3513/511F :                         		; repeat
    3514/511F : 7E                      inch8:		ld	a, (hl)
    3515/5120 : 3D                      		dec	a
    3516/5121 : 77                      		ld	(hl), a
    3517/5122 : 20 EA                   		jr	nz, inch6
    3518/5124 : 3C                      		inc	a
    3519/5125 : 3C                      		inc	a
    3520/5126 : 3C                      		inc	a
    3521/5127 : 18 EF                   		jr	inch7		; Folgezeitwert 3
    3522/5129 :                         
    3523/5129 :                         
    3524/5129 :                         
    3525/5129 :                         ;---------------------------------------
    3526/5129 :                         ; orig.	Sprungverteiler	wiederherstellen
    3527/5129 : 21 A0 FE                sv_restore:	ld	hl, orig_sv	; Merker für orig. Sprungverteiler
    3528/512C :                         					; 12h Byte
    3529/512C : 11 02 18                		ld	de, unk_1802	; Adr. Sprungverteiler Monitor
    3530/512F : 01 12 00                		ld	bc, 12h
    3531/5132 : ED B0                   		ldir
    3532/5134 : C9                      		ret
    3533/5135 :                         
    3534/5135 :                         ;---------------------------------------
    3535/5135 :                         ; Q - Rücksprung zum Monitor.
    3536/5135 :                         ; Dieses Kommando übergibt die Steuerung wieder dem "AC1"-Monitor, zuvor wurden
    3537/5135 :                         ; die Argumentzeilen Arg1 bis Arg3 so geladen, daß der Quelltext einfach mit S:
    3538/5135 :                         ; name abgespeichert werden kann. EDAS*4 ist nun jederzeit wieder über einen
    3539/5135 :                         ; Warmstart zu aktivieren. Alle vor dem Verlassen eingestellten Parameter bleiben
    3540/5135 :                         ; erhalten, natürlich vorausgesetzt, es wurde nichts durch eine
    3541/5135 :                         ; Speichermanipulation zerstört. Soweit das EDAS*4 selbst betrifft, merkt er das
    3542/5135 :                         ; durch seine Prüfsumme und kehrt sofort zum Monitor zurück. Dann muß man EDAS*4
    3543/5135 :                         ; neu von der Kassette laden. Wenn man Glück hat und der Quelltext ist erhalten
    3544/5135 :                         ; geblieben, so läßt er sich mit "Y" reaktivieren.
    3545/5135 :                         
    3546/5135 : CD 29 51                QUIT:		call	sv_restore	; orig.	Sprungverteiler	wiederherstellen
    3547/5138 : 2A 00 FE                		ld	hl, (BUFBEG)	; Anfangsdresse
    3548/513B : 22 5B 18                		ld	(ARG1),	hl
    3549/513E : 22 5F 18                		ld	(ARG3),	hl
    3550/5141 : CD 79 44                		call	sub_4466	; Bufferende
    3551/5144 : 22 5D 18                		ld	(ARG2),	hl	; merken
    3552/5147 : C3 FD 07                		jp	GETCO1
    3553/514A :                         
    3554/514A :                         ;---------------------------------------
    3555/514A :                         ; Sprungverteiler init
    3556/514A : 21 02 18                sv_init:	ld	hl, unk_1802	; orig Sprungverteiler f. RST-Aufrufe und NMI
    3557/514D :                         					; nach 55A0 sichern
    3558/514D : E5                      		push	hl
    3559/514E : 11 A0 FE                		ld	de, orig_sv	; Merker für orig. Sprungverteiler
    3560/5151 :                         					; 12h Byte
    3561/5151 : 01 12 00                		ld	bc, 12h
    3562/5154 : C5                      		push	bc
    3563/5155 : ED B0                   		ldir
    3564/5157 : 21 5F 51                		ld	hl, edas_sv	; neuer	Sprungverteiler
    3565/515A : C1                      		pop	bc
    3566/515B : D1                      		pop	de
    3567/515C : ED B0                   		ldir
    3568/515E : C9                      		ret
    3569/515F :                         
    3570/515F :                         ;---------------------------------------
    3571/515F :                         ; neuer Sprungverteiler, wird nach 1802 kopiert
 AS V1.42 Beta [Bld 297] - Source File picoedas4-as.asm - Page 65 - 4/1/2026 15:28:38


    3572/515F : C3 EB 50                edas_sv:	jp	inch0		; rst08 lokal
    3573/5162 : C3 F7 4F                		jp	outch0		; rst10	lokal
    3574/5165 : C3 E9 48                		jp	prnst0		; rst18 lokal
    3575/5168 : C3 EB 07                		jp	MS30		; rst20 orig. Monitor
    3576/516B : C3 8C 51                		jp	outhls		; rst28	lokal
    3577/516E : C3 DB 47                		jp	konvx		; rst30 lokal
    3578/5171 :                         
    3579/5171 :                         ;---------------------------------------
    3580/5171 :                         ; scrollen, Zeile 0 und 1 bleiben stehen
    3581/5171 :                         sub_515E:	;;ld	hl, bws(3,0)
    3582/5171 :                         		;;ld	de, bws(2,0)
    3583/5171 :                         		;;ld	bc, 740h	; 29 Zeilen
    3584/5171 : 21 FF 16                		ld      hl, 16FFh
    3585/5174 : 11 3F 17                		ld      de, 173Fh
    3586/5177 : 01 00 07                		ld      bc, 700h
    3587/517A : ED B8                   		lddr
    3588/517C :                         ; UP zu loc_4803 zu SWAP
    3589/517C : 06 C0                   sub_5169:	ld	b, 0C0h		; 3 Zeilen
    3590/517E : 21 00 10                		ld	hl, 1000h
    3591/5181 : 7E                      loc_516E:	ld	a, (hl)
    3592/5182 : FE A0                   		cp	0A0h		; suche Marker
    3593/5184 :                         					; (Leerzeichen + Bit7)
    3594/5184 : 20 02                   		jr	nz, loc_5175
    3595/5186 : CB BE                   		res	7, (hl)		; gefunden->rücksetzen
    3596/5188 : 23                      loc_5175:	inc	hl
    3597/5189 : 10 F6                   		djnz	loc_516E
    3598/518B : C9                      		ret
    3599/518C :                         
    3600/518C :                         ;---------------------------------------
    3601/518C :                         ; rst28
    3602/518C :                         ; Ausgabe HL + Space
    3603/518C : CD F1 07                outhls:		call	OUTHL
    3604/518F : 3E 20                   		ld	a, ' '
    3605/5191 : D7                      		rst	10h		; ed_outch0
    3606/5192 : C9                      		ret
    3607/5193 :                         
    3608/5193 :                         ;---------------------------------------
    3609/5193 :                         ; UP zu loc_4A53, Eingabe Quelltext
    3610/5193 : CD BA 44                sub_5180:	call	sub_44A6
    3611/5196 : B7                      		or	a
    3612/5197 : ED 52                   		sbc	hl, de
    3613/5199 : 19                      		add	hl, de
    3614/519A : D0                      		ret	nc
    3615/519B :                         		;;ld	bc, unk_54C0
    3616/519B : 01 C2 FD                		ld	bc, unk_54C0+2
    3617/519E : 1B                      		dec	de
    3618/519F : B7                      loc_518C:	or	a
    3619/51A0 : ED 52                   		sbc	hl, de
    3620/51A2 : 19                      		add	hl, de
    3621/51A3 : 28 22                   		jr	z, loc_51B4
    3622/51A5 : 7E                      		ld	a, (hl)
    3623/51A6 : FE 20                   		cp	20h ; ' '
    3624/51A8 : 28 05                   		jr	z, loc_519C
    3625/51AA : 23                      		inc	hl
    3626/51AB : 02                      loc_5198:	ld	(bc), a
    3627/51AC : 03                      		inc	bc
    3628/51AD : 18 F0                   		jr	loc_518C
    3629/51AF : AF                      loc_519C:	xor	a
    3630/51B0 : 08                      		ex	af, af'	;'
    3631/51B1 : 08                      loc_519E:	ex	af, af'	;'
 AS V1.42 Beta [Bld 297] - Source File picoedas4-as.asm - Page 66 - 4/1/2026 15:28:38


    3632/51B2 : 3C                      		inc	a
    3633/51B3 : 23                      		inc	hl
    3634/51B4 : B7                      		or	a
    3635/51B5 : ED 52                   		sbc	hl, de
    3636/51B7 : 19                      		add	hl, de
    3637/51B8 : 28 F1                   		jr	z, loc_5198
    3638/51BA : FE 1F                   		cp	1Fh
    3639/51BC : 30 ED                   		jr	nc, loc_5198
    3640/51BE : 08                      		ex	af, af'	;'
    3641/51BF : 3E 20                   		ld	a, 20h ; ' '
    3642/51C1 : BE                      		cp	(hl)
    3643/51C2 : 28 ED                   		jr	z, loc_519E
    3644/51C4 : 08                      		ex	af, af'	;'
    3645/51C5 : 18 E4                   		jr	loc_5198
    3646/51C7 : 59                      loc_51B4:	ld	e, c
    3647/51C8 : 50                      		ld	d, b
    3648/51C9 : 7E                      		ld	a, (hl)
    3649/51CA : 02                      		ld	(bc), a
    3650/51CB : 13                      		inc	de
    3651/51CC :                         		;;ld	hl, unk_54C0
    3652/51CC : 21 C2 FD                		ld	hl, unk_54C0+2
    3653/51CF : C9                      		ret
    3654/51D0 :                         
    3655/51D0 :                         ;---------------------------------------
    3656/51D0 :                         ; Ausgabe Text mit Dekomprimieren
    3657/51D0 :                         ; in A Zeichen, HL Text, DE=Cursorpos.
    3658/51D0 :                         ;
    3659/51D0 : 23                      sub_51BD:	inc	hl		; Zeiger auf nächstes Zeichen
    3660/51D1 : B7                      		or	a		; Zeilenende?
    3661/51D2 : 3E A0                   		ld	a, 0A0h		; Ende-Zeichen
    3662/51D4 : 12                      		ld	(de), a		; in Bildschirm setzen
    3663/51D5 : C8                      		ret	z		; bei Ende
    3664/51D6 :                         		;
    3665/51D6 : 2B                      		dec	hl		; aktuelles Zeichen
    3666/51D7 : 7E                      		ld	a, (hl)		; holen
    3667/51D8 : FE 20                   		cp	' '
    3668/51DA : 38 05                   		jr	c, loc_51CE	; komprimierte Leerzeichen
    3669/51DC : CD 68 46                		call	sub_4661	; Zeichen ausgeben
    3670/51DF : 18 EF                   		jr	sub_51BD	; nächstes Zeichen
    3671/51E1 :                         ;dekomprimieren
    3672/51E1 : 47                      loc_51CE:	ld	b, a		; Anzahl
    3673/51E2 : 3E 20                   		ld	a, ' '		; Leerzeichen
    3674/51E4 : 12                      loc_51D1:	ld	(de), a		; ausgeben
    3675/51E5 : 1B                      		dec	de
    3676/51E6 : 10 FC                   		djnz	loc_51D1
    3677/51E8 : 23                      		inc	hl		; nächstes Zeichen
    3678/51E9 : 18 E5                   		jr	sub_51BD	; weiter ausgeben
    3679/51EB :                         
    3680/51EB :                         
    3681/51EB :                         ;---------------------------------------
    3682/51EB :                         ; Anzeige des Quelltextes ab Marke
    3683/51EB :                         ;
    3684/51EB :                         ; M Marke - Anzeige des Quelltexte, ab Marke bis Ende.
    3685/51EB :                         ;
    3686/51EB :                         ; Dieses Kommando dient ebenfalls zur Anzeige des Quelltextes, wobei hier ab der
    3687/51EB :                         ; angegebenen Marke begonnen wird.
    3688/51EB :                         
    3689/51EB : 21 BF 10                MARK:		ld	hl, bws(29,0)	; Kdo Zeile
    3690/51EE : 2B                      loc_51DB:	dec	hl		; Zeichen hinter Kdo.Buchstaben
    3691/51EF : 7E                      		ld	a, (hl)
 AS V1.42 Beta [Bld 297] - Source File picoedas4-as.asm - Page 67 - 4/1/2026 15:28:38


    3692/51F0 : FE 20                   		cp	' '		; Leerzeichen
    3693/51F2 : 28 FA                   		jr	z, loc_51DB	; übergehen
    3694/51F4 :                         		; Markenname kopieren
    3695/51F4 : 11 30 FE                		ld	de, unk_5530	; 6 Zeichen Marke
    3696/51F7 : 06 06                   		ld	b, 6		; max. 6 Zeichen
    3697/51F9 : 12                      loc_51E6:	ld	(de), a		; Zeichen kopieren
    3698/51FA : 13                      		inc	de
    3699/51FB : 2B                      		dec	hl
    3700/51FC : 7E                      		ld	a, (hl)
    3701/51FD : FE 20                   		cp	' '		; Leerzeichen
    3702/51FF : 28 02                   		jr	z, loc_51F0	; dann Markenname zu Ende
    3703/5201 : 10 F6                   		djnz	loc_51E6	; sonst nächstes Zeichen kopieren
    3704/5203 :                         		;
    3705/5203 : 78                      loc_51F0:	ld	a, b
    3706/5204 : 12                      		ld	(de), a
    3707/5205 : 2A 00 FE                		ld	hl, (BUFBEG)	; Anfangsdresse
    3708/5208 : 4E                      		ld	c, (hl)
    3709/5209 : 23                      		inc	hl
    3710/520A : 46                      		ld	b, (hl)		; BC=TextLänge
    3711/520B : 23                      		inc	hl
    3712/520C : 23                      		inc	hl
    3713/520D : 23                      		inc	hl
    3714/520E : AF                      loc_51FB:	xor	a		; 00=Zeilenende
    3715/520F : ED B1                   		cpir			; suche Zeilenende
    3716/5211 : C2 C4 4B                		jp	nz, loc_4BBC	; bei Fehler zurück zur Kommandoschleife
    3717/5214 : 5E                      		ld	e, (hl)
    3718/5215 : 23                      		inc	hl
    3719/5216 : 0B                      		dec	bc
    3720/5217 : 56                      		ld	d, (hl)
    3721/5218 : ED 53 5B 18             		ld	(ARG1),	de
    3722/521C : 23                      		inc	hl
    3723/521D : 0B                      		dec	bc
    3724/521E : 11 30 FE                		ld	de, unk_5530
    3725/5221 : 1A                      loc_520E:	ld	a, (de)
    3726/5222 : BE                      		cp	(hl)
    3727/5223 : 20 E9                   		jr	nz, loc_51FB
    3728/5225 : FE 20                   		cp	20h ; ' '
    3729/5227 : 38 05                   		jr	c, loc_521B
    3730/5229 : 23                      		inc	hl
    3731/522A : 0B                      		dec	bc
    3732/522B : 13                      		inc	de
    3733/522C : 18 F3                   		jr	loc_520E
    3734/522E : CD 06 46                loc_521B:	call	sub_45F5	; suche Zeile ARG1
    3735/5231 : CD C6 4C                loc_521E:	call	sub_4CAD	; Anzeige Zeile
    3736/5234 : 18 FB                   		jr	loc_521E
    3737/5236 :                         
    3738/5236 :                         ;---------------------------------------
    3739/5236 :                         ; Neunumerierung ab Zeile bis Quellende
    3740/5236 :                         ;
    3741/5236 :                         ; N a s - ab Zeile a mit einer Lücke von s Zeilen zur vorhergehenden a Zeile.
    3742/5236 :                         ;
    3743/5236 :                         ; Dieses Kommando ist immer dann nützlich, wenn man noch nachträglich etwas in die
    3744/5236 :                         ; Quelle einfügen muß und dafür Platz benötigt.
    3745/5236 :                         
    3746/5236 : 2A 00 FE                NNUM:		ld	hl, (BUFBEG)	; Anfangsdresse
    3747/5239 : FE 02                   		cp	2		; in A = Anz. Param.
    3748/523B : C2 21 4B                		jp	nz, loc_4B2E	; error 99 illegal command
    3749/523E : 23                      		inc	hl
    3750/523F : 23                      		inc	hl
    3751/5240 : CD 3E 44                		call	sub_442B	; Suche nächste Zeile
 AS V1.42 Beta [Bld 297] - Source File picoedas4-as.asm - Page 68 - 4/1/2026 15:28:38


    3752/5243 : C8                      		ret	z		; Textende erreicht
    3753/5244 : 5E                      loc_5231:	ld	e, (hl)
    3754/5245 : 23                      		inc	hl
    3755/5246 : 56                      		ld	d, (hl)		; DE=Zeilennummer
    3756/5247 : CD 40 44                		call	loc_442D	; suche nächste Zeile
    3757/524A : 20 F8                   		jr	nz, loc_5231	; wiederholen bis Textende erreicht
    3758/524C : 2A 5D 18                		ld	hl, (ARG2)	; Schrittweite s
    3759/524F : CD 6A 52                		call	sub_5257	; letzte Zeilennr + s > 9999?
    3760/5252 : 3E 01                   		ld	a, 1		; Error 01 - Zeilennummerüberlauf
    3761/5254 : DA 23 4B                		jp	c, loc_4B30	; Fehler ausgeben
    3762/5257 : CD 06 46                		call	sub_45F5	; suche Zeile ARG1
    3763/525A : CD 66 52                loc_5247:	call	sub_5253
    3764/525D : 73                      		ld	(hl), e
    3765/525E : 23                      		inc	hl
    3766/525F : 72                      		ld	(hl), d
    3767/5260 : CD 3E 44                		call	sub_442B	; Suche nächste Zeile
    3768/5263 : C8                      		ret	z		; Textende erreicht
    3769/5264 : 18 F4                   		jr	loc_5247
    3770/5266 :                         ; hole Zeilennummer + ARG2
    3771/5266 : 5E                      sub_5253:	ld	e, (hl)
    3772/5267 : 23                      		inc	hl
    3773/5268 : 56                      		ld	d, (hl)
    3774/5269 : 2B                      		dec	hl
    3775/526A :                         ; BCD Addition HL + ARG2
    3776/526A : E5                      sub_5257:	push	hl
    3777/526B : 2A 5D 18                		ld	hl, (ARG2)
    3778/526E : B7                      		or	a
    3779/526F : 7D                      		ld	a, l
    3780/5270 : 83                      		add	a, e
    3781/5271 : 27                      		daa
    3782/5272 : 5F                      		ld	e, a
    3783/5273 : 7C                      		ld	a, h
    3784/5274 : 8A                      		adc	a, d
    3785/5275 : 27                      		daa
    3786/5276 : 57                      		ld	d, a
    3787/5277 : E1                      		pop	hl
    3788/5278 : C9                      		ret
    3789/5279 :                         
    3790/5279 :                         ;---------------------------------------
    3791/5279 :                         ; Teile einer EDAS-Quelle verschieben
    3792/5279 :                         ;
    3793/5279 :                         ; C a e x - Verschiebe von Zeile a bis Zeile e nach Zeile x und folgende.
    3794/5279 :                         ;
    3795/5279 :                         ; Hiermit kann man Teilstücke des Quelltextes nachträglich an eine andere Stelle
    3796/5279 :                         ; in der Quelle bringen. Die Zeilen von a bis e werden ab der Zeile x mit der
    3797/5279 :                         ; Schrittweite 1 neu plaziert.
    3798/5279 :                         ;
    3799/5279 : FE 03                   MOVE:		cp	3
    3800/527B : C2 21 4B                		jp	nz, loc_4B2E
    3801/527E : FD CB 01 DE             		set	3, (iy+1)	; Assembleroptionen
    3802/5282 : 21 5B 18                		ld	hl, ARG1
    3803/5285 : 11 B0 FD                		ld	de, word_54B0
    3804/5288 : 01 06 00                		ld	bc, 6
    3805/528B : ED B0                   		ldir
    3806/528D : ED 5B B4 FD             		ld	de, (word_54B4)
    3807/5291 : 2A B2 FD                		ld	hl, (word_54B2)
    3808/5294 : B7                      		or	a
    3809/5295 : ED 52                   		sbc	hl, de
    3810/5297 : 38 0A                   		jr	c, loc_5290
    3811/5299 : 2A B0 FD                		ld	hl, (word_54B0)
 AS V1.42 Beta [Bld 297] - Source File picoedas4-as.asm - Page 69 - 4/1/2026 15:28:38


    3812/529C : EB                      		ex	de, hl
    3813/529D : ED 52                   		sbc	hl, de
    3814/529F : 3E 08                   		ld	a, 8
    3815/52A1 : 30 6C                   		jr	nc, loc_52FC
    3816/52A3 : 2A 00 FE                loc_5290:	ld	hl, (BUFBEG)	; Anfangsdresse
    3817/52A6 : CD 16 53                		call	sub_5303
    3818/52A9 : 22 5B 18                		ld	(ARG1),	hl
    3819/52AC : 22 5D 18                		ld	(ARG2),	hl
    3820/52AF : D5                      		push	de
    3821/52B0 : CD 34 4A                		call	sub_4A3A
    3822/52B3 : D1                      		pop	de
    3823/52B4 : 2A B4 FD                		ld	hl, (word_54B4)
    3824/52B7 : 22 59 18                		ld	(data+1), hl
    3825/52BA : 22 5B 18                		ld	(ARG1),	hl
    3826/52BD : 22 10 FE                		ld	(word_5510), hl	; Zeilennummer
    3827/52C0 : 21 CC 52                		ld	hl, loc_52B9
    3828/52C3 : 22 B6 FD                		ld	(word_54B6), hl
    3829/52C6 :                         		;;ld	hl, unk_54C0
    3830/52C6 : 21 C2 FD                		ld	hl, unk_54C0+2
    3831/52C9 : C3 81 4A                		jp	loc_4A8C
    3832/52CC : FD F9                   loc_52B9:		ld	sp, iy
    3833/52CE : 2A 00 FE                		ld	hl, (BUFBEG)	; Anfangsdresse
    3834/52D1 : CD DD 52                		call	sub_52CA
    3835/52D4 : 20 CD                   		jr	nz, loc_5290
    3836/52D6 : FD CB 01 9E             loc_52C3:		res	3, (iy+1)	; Assembleroptionen
    3837/52DA : C3 E8 4B                		jp	loc_4BE6
    3838/52DD :                         sub_52CA:	; FUNCTION CHUNK AT 52C3 SIZE 00000007 BYTES
    3839/52DD : E5                      		push	hl
    3840/52DE : 2A B0 FD                		ld	hl, (word_54B0)
    3841/52E1 : 23                      		inc	hl
    3842/52E2 : 22 5B 18                		ld	(ARG1),	hl
    3843/52E5 : E1                      		pop	hl
    3844/52E6 : CD 09 46                		call	loc_45F8
    3845/52E9 : BE                      		cp	(hl)
    3846/52EA : C8                      		ret	z
    3847/52EB : F5                      		push	af
    3848/52EC : ED 53 B0 FD             		ld	(word_54B0), de
    3849/52F0 : 2A B2 FD                		ld	hl, (word_54B2)
    3850/52F3 : B7                      		or	a
    3851/52F4 : ED 52                   		sbc	hl, de
    3852/52F6 : 38 DE                   		jr	c, loc_52C3
    3853/52F8 : 2A B4 FD                		ld	hl, (word_54B4)
    3854/52FB : 7D                      		ld	a, l
    3855/52FC : 3C                      		inc	a
    3856/52FD : 27                      		daa
    3857/52FE : 6F                      		ld	l, a
    3858/52FF : 30 09                   		jr	nc, loc_52F7
    3859/5301 : B7                      		or	a
    3860/5302 : 7C                      		ld	a, h
    3861/5303 : 3C                      		inc	a
    3862/5304 : 27                      		daa
    3863/5305 : 67                      		ld	h, a
    3864/5306 : 3E 01                   		ld	a, 1
    3865/5308 : 38 05                   		jr	c, loc_52FC
    3866/530A : 22 B4 FD                loc_52F7:		ld	(word_54B4), hl
    3867/530D : F1                      		pop	af
    3868/530E : C9                      		ret
    3869/530F :                         ;
    3870/530F : FD CB 01 9E             loc_52FC:	res	3, (iy+1)	; Assembleroptionen
    3871/5313 : C3 23 4B                		jp	loc_4B30	; Fehler ausgeben
 AS V1.42 Beta [Bld 297] - Source File picoedas4-as.asm - Page 70 - 4/1/2026 15:28:38


    3872/5316 :                         
    3873/5316 :                         ;
    3874/5316 : E5                      sub_5303:	push	hl
    3875/5317 : 2A B4 FD                		ld	hl, (word_54B4)
    3876/531A : 22 5B 18                		ld	(ARG1),	hl
    3877/531D : E5                      		push	hl
    3878/531E : CD 06 46                		call	sub_45F5	; suche Zeile ARG1
    3879/5321 : BE                      		cp	(hl)
    3880/5322 : E1                      		pop	hl
    3881/5323 : 28 07                   		jr	z, loc_5319
    3882/5325 : B7                      		or	a
    3883/5326 : ED 52                   		sbc	hl, de
    3884/5328 : 3E 07                   		ld	a, 7
    3885/532A : 30 E3                   		jr	nc, loc_52FC
    3886/532C : 2A B0 FD                loc_5319:		ld	hl, (word_54B0)
    3887/532F : 22 5B 18                		ld	(ARG1),	hl
    3888/5332 : E1                      		pop	hl
    3889/5333 : CD 09 46                		call	loc_45F8
    3890/5336 : D5                      		push	de
    3891/5337 : E5                      		push	hl
    3892/5338 : CD 3E 44                		call	sub_442B	; Suche nächste Zeile
    3893/533B : 2B                      		dec	hl
    3894/533C : 2B                      		dec	hl
    3895/533D : C1                      		pop	bc
    3896/533E : 03                      		inc	bc
    3897/533F :                         		;ld	de, unk_54C0
    3898/533F : 11 C2 FD                		ld	de, unk_54C0+2
    3899/5342 : 7E                      loc_532F:		ld	a, (hl)
    3900/5343 : 12                      		ld	(de), a
    3901/5344 : B7                      		or	a
    3902/5345 : ED 42                   		sbc	hl, bc
    3903/5347 : 09                      		add	hl, bc
    3904/5348 : 28 04                   		jr	z, loc_533B
    3905/534A : 2B                      		dec	hl
    3906/534B : 13                      		inc	de
    3907/534C : 18 F4                   		jr	loc_532F
    3908/534E : E1                      loc_533B:		pop	hl
    3909/534F : C9                      		ret
    3910/5350 : 2A B8 FD                sub_533D:		ld	hl, (word_54B8)	; Adresse Anfang Sekundärquelle (SEC)
    3911/5353 : 7C                      		ld	a, h
    3912/5354 : A5                      		and	l
    3913/5355 : 3C                      		inc	a
    3914/5356 : 3E 09                   		ld	a, 9
    3915/5358 : CA 0F 53                		jp	z, loc_52FC
    3916/535B : C9                      		ret
    3917/535C :                         
    3918/535C :                         ;---------------------------------------
    3919/535C :                         ; Einfügen einer Zweit-Quelle
    3920/535C :                         ;
    3921/535C :                         ; T a e x - Plaziere die Zeilen a bis e der Zweitquelle ab Zeile x in der
    3922/535C :                         ; aktuellen Quelle.
    3923/535C :                         ;
    3924/535C :                         ; Dieses Kommando ermöglicht es, die gesamte Zweitquelle oder Teile davon in die
    3925/535C :                         ; aktuelle Quelle einzufügen. Bei längeren Quelltexten kann das ohne weiteres
    3926/535C :                         ; längere Zeit beanspruchen. Ist das Kommando ausgeführt, so erscheint wieder der
    3927/535C :                         ; blinkende Kursor.
    3928/535C :                         
    3929/535C : FE 03                   TRANS:		cp	3
    3930/535E : C2 21 4B                		jp	nz, loc_4B2E
    3931/5361 : FD CB 01 DE             		set	3, (iy+1)	; Assembleroptionen
 AS V1.42 Beta [Bld 297] - Source File picoedas4-as.asm - Page 71 - 4/1/2026 15:28:38


    3932/5365 : 21 5B 18                		ld	hl, ARG1
    3933/5368 : 11 B0 FD                		ld	de, word_54B0
    3934/536B : 01 06 00                		ld	bc, 6
    3935/536E : ED B0                   		ldir
    3936/5370 : CD 50 53                		call	sub_533D
    3937/5373 : 2A B8 FD                loc_5360:		ld	hl, (word_54B8)	; Adresse Anfang Sekundärquelle (SEC)
    3938/5376 : CD 16 53                		call	sub_5303
    3939/5379 : 2A B4 FD                		ld	hl, (word_54B4)
    3940/537C : 22 59 18                		ld	(data+1), hl
    3941/537F : 22 5B 18                		ld	(ARG1),	hl
    3942/5382 : 22 10 FE                		ld	(word_5510), hl	; Zeilennummer
    3943/5385 : 21 91 53                		ld	hl, loc_537E
    3944/5388 : 22 B6 FD                		ld	(word_54B6), hl
    3945/538B :                         		;ld	hl, unk_54C0
    3946/538B : 21 C2 FD                		ld	hl, unk_54C0+2
    3947/538E : C3 81 4A                		jp	loc_4A8C
    3948/5391 : FD F9                   loc_537E:		ld	sp, iy
    3949/5393 : 2A B8 FD                		ld	hl, (word_54B8)	; Adresse Anfang Sekundärquelle (SEC)
    3950/5396 : CD DD 52                		call	sub_52CA
    3951/5399 : 20 D8                   		jr	nz, loc_5360
    3952/539B : FD CB 01 9E             		res	3, (iy+1)	; Assembleroptionen
    3953/539F : C3 E8 4B                		jp	loc_4BE6
    3954/53A2 :                         
    3955/53A2 :                         ;---------------------------------------
    3956/53A2 :                         ; Vereinbaren einer Zweit-Quelle (SEC)
    3957/53A2 :                         ;
    3958/53A2 :                         ; S a e - Puffervereinbarung für die Zweitquelle von aaaa bis eeee (hexadezimal).
    3959/53A2 :                         ;
    3960/53A2 :                         ; Vor dieser Vereinbarung muß sich ab aaaa bereits eine Quelle oder mindestens ein
    3961/53A2 :                         ; Quellkopf befinden. Hinter SEC: erscheint aa, die Anfangsadresse des
    3962/53A2 :                         ; Zweitquellenpuffers. Man muß darauf achten, daß sich der Zweitquellenpuffer
    3963/53A2 :                         ; nicht mit dem aktuellen Quellpuffer oder mit EDAS*4 selbst überschneidet.
    3964/53A2 :                         ; Hierbei darf eeee auch größer sein als das Ende einer von Kassette eingelesenen
    3965/53A2 :                         ; Zweitquelle, will man diese dann noch erweitern, so ist es auch erforderlich.
    3966/53A2 :                         ;
    3967/53A2 :                         
    3968/53A2 : FE 02                   SEC:		cp	2
    3969/53A4 : C2 21 4B                		jp	nz, loc_4B2E
    3970/53A7 : ED 5B 5D 18             		ld	de, (ARG2)		; eeee
    3971/53AB : AF                      		xor	a			; Cy=0; A=0
    3972/53AC : ED 52                   		sbc	hl, de
    3973/53AE : 19                      		add	hl, de
    3974/53AF : D2 23 4B                		jp	nc, loc_4B30		; Fehler ausgeben
    3975/53B2 :                         						; Error 00 - Speicherüberlauf
    3976/53B2 : 22 B8 FD                		ld	(word_54B8), hl		; Adresse Anfang Sekundärquelle (SEC)
    3977/53B5 : ED 53 BA FD             		ld	(word_54BA), de		; Adresse Ende Sekundärquelle (SEC)
    3978/53B9 : C9                      		ret
    3979/53BA :                         
    3980/53BA :                         ;---------------------------------------
    3981/53BA :                         ; Editieren in der Zweit-Quelle
    3982/53BA :                         ;
    3983/53BA :                         ; E - Austausch aktuelle Quelle gegen Zweit-Quelle
    3984/53BA :                         ;
    3985/53BA :                         ; Hiermit wird EDAS*4 der Pufferbereich der Zweitquelle zugewiesen, so daß nun in
    3986/53BA :                         ; dieser gearbeitet werden kann. Ein weiteres "E" macht diese Zuweisung dann
    3987/53BA :                         ; wieder rückgängig. Die Angaben hinter FREE: und SEC: geben dabei immer Auskunft,
    3988/53BA :                         ; in welcher Quelle gerade gearbeitet wird. Hinter FREE: steht immer der erste
    3989/53BA :                         ; freie Speicherplatz in der aktuellen Quelle, hinter SEC: wird der Anfang der
    3990/53BA :                         ; zuletzt eingestellten Zweitquelle angegeben.
    3991/53BA :                         ;
 AS V1.42 Beta [Bld 297] - Source File picoedas4-as.asm - Page 72 - 4/1/2026 15:28:38


    3992/53BA : CD 50 53                SWAP:		call	sub_533D
    3993/53BD : ED 5B 00 FE             		ld	de, (BUFBEG)		; Anfangsdresse
    3994/53C1 : 22 00 FE                		ld	(BUFBEG), hl		; Anfangsdresse
    3995/53C4 : ED 53 B8 FD             		ld	(word_54B8), de		; Adresse Anfang Sekundärquelle (SEC)
    3996/53C8 : 2A BA FD                		ld	hl, (word_54BA)	; Adresse Ende Sekundärquelle (SEC)
    3997/53CB : ED 5B 02 FE             		ld	de, (BUFEND)
    3998/53CF : 22 02 FE                		ld	(BUFEND),	hl
    3999/53D2 : ED 53 BA FD             		ld	(word_54BA), de	; Adresse Ende Sekundärquelle (SEC)
    4000/53D6 :                         ;;		ret
    4001/53D6 :                         		;
    4002/53D6 : CD 80 54                		call    sub_5480
    4003/53D9 : C3 AC 55                		jp      sub_55AC
    4004/53DC :                         		;
    4005/53DC : FD CB 01 5E             loc_53C4:	bit	3, (iy+1)	; Assembleroptionen
    4006/53E0 : CA 07 48                		jp	z, loc_4803
    4007/53E3 : 2A B6 FD                		ld	hl, (word_54B6)
    4008/53E6 : E9                      		jp	(hl)
    4009/53E7 :                         
    4010/53E7 :                         
    4011/53E7 :                         ;---------------------------------------
    4012/53E7 :                         ;
    4013/53E7 : E5                      loc_53CF:	push	hl
    4014/53E8 : 2A 12 FE                		ld	hl, (word_5512)	; ausgegebene Zeilennummer
    4015/53EB : ED 5B BC FD             		ld	de, (word_54BC)
    4016/53EF : B7                      		or	a
    4017/53F0 : ED 52                   		sbc	hl, de
    4018/53F2 : 19                      		add	hl, de
    4019/53F3 : 38 08                   		jr	c, loc_53E5
    4020/53F5 : ED 5B BE FD             		ld	de, (word_54BE)
    4021/53F9 : B7                      		or	a
    4022/53FA : EB                      		ex	de, hl
    4023/53FB : ED 52                   		sbc	hl, de
    4024/53FD : E1                      loc_53E5:	pop	hl
    4025/53FE : DA FA 4C                		jp	c, loc_4CE2
    4026/5401 : EB                      		ex	de, hl
    4027/5402 : 21 3F 10                		ld	hl, bws(31,0)
    4028/5405 : C3 D8 4C                		jp	loc_4CC0
    4029/5408 :                         
    4030/5408 :                         ;---------------------------------------
    4031/5408 :                         ; Quelltext assemblieren
    4032/5408 :                         ;
    4033/5408 :                         ; A - Assembliere den gesamten Quelltext.
    4034/5408 :                         ;
    4035/5408 :                         ; A a - Assembliere von Zeile a bis Ende.
    4036/5408 :                         ;
    4037/5408 :                         ; A a e - Assembliere von Zeile a bis Zeile e.
    4038/5408 :                         ;
    4039/5408 :                         ; Entsprechend den Optionsbits und den Argumenten wird der Assemblerlauf
    4040/5408 :                         ; durchgeführt. Ist das Druckbit gesetzt und nur eine teilweise Assemblierung
    4041/5408 :                         ; angewiesen, so wird die gesamte Quelle assembliert, aber nur der angegebene Teil
    4042/5408 :                         ; als Liste ausgegeben, so daß man bei längeren Quellen auch nur Auszüge drucken
    4043/5408 :                         ; kann.
    4044/5408 :                         ;
    4045/5408 : CD 7F 57                ASSEMBLE:	call    sub_577F
    4046/540B : 32 31 FF                		ld      (unk_FF31), a
    4047/540E :                         		;
    4048/540E : 2A 5B 18                		ld	hl, (ARG1)	; Zeilennummer a
    4049/5411 : 22 BC FD                		ld	(word_54BC), hl
    4050/5414 : 2A 5D 18                		ld	hl, (ARG2)	; Zeilennummer e
    4051/5417 : 22 BE FD                		ld	(word_54BE), hl
 AS V1.42 Beta [Bld 297] - Source File picoedas4-as.asm - Page 73 - 4/1/2026 15:28:38


    4052/541A : FD CB 01 56             loc_53FC:	bit	2, (iy+1)	; Assembleroption Drucken?
    4053/541E : 28 12                   		jr	z, loc_5414	; nein
    4054/5420 : 21 00 00                		ld	hl, 0		; sonst alle Zeilen von 0000
    4055/5423 : 22 5B 18                		ld	(ARG1),	hl
    4056/5426 : 2B                      		dec	hl		; bis 0FFFF
    4057/5427 : 22 5D 18                		ld	(ARG2),	hl
    4058/542A : CD FD 5F                		call	sub_5440	; Druckerinitialisierung
    4059/542D : 3E 0D                   		ld	a, CR
    4060/542F : CD 04 FE                		call	unk_5504	; Druckerausgabe
    4061/5432 : C3 56 4D                loc_5414:	jp	loc_4D47
    4062/5435 :                         
    4063/5435 :                         ;
    4064/5435 : 2A 00 18                sub_5417:	ld	hl, (cupos)
    4065/5438 : 4F                      		ld	c, a
    4066/5439 : 11 7F 10                		ld	de, bws(30,0)
    4067/543C : 1A                      loc_541E:		ld	a, (de)
    4068/543D : FE 3B                   		cp	3Bh ; ';'
    4069/543F : 79                      		ld	a, c
    4070/5440 : 28 08                   		jr	z, loc_542C
    4071/5442 : B7                      		or	a
    4072/5443 : ED 52                   		sbc	hl, de
    4073/5445 : 19                      		add	hl, de
    4074/5446 : 1B                      		dec	de
    4075/5447 : 20 F3                   		jr	nz, loc_541E
    4076/5449 : C9                      		ret
    4077/544A : FE 41                   loc_542C:		cp	41h ; 'A'
    4078/544C : D8                      		ret	c
    4079/544D : FE 5B                   		cp	5Bh ; '['
    4080/544F : 30 03                   		jr	nc, loc_5436
    4081/5451 : CB EF                   		set	5, a
    4082/5453 : C9                      		ret
    4083/5454 : FE 61                   loc_5436:		cp	61h ; 'a'
    4084/5456 : D8                      		ret	c
    4085/5457 : FE 7B                   		cp	7Bh ; '{'
    4086/5459 : D0                      		ret	nc
    4087/545A : CB AF                   		res	5, a
    4088/545C : C9                      		ret
    4089/545D :                         ;---------------------------------------
    4090/545D :                         ; die Erweiterungen von picoEDAS
    4091/545D :                         
    4092/545D : CD 79 44                sub_545D:	call	sub_4466	; Bufferende berechnen
    4093/5460 : ED 5B 00 FE             		ld	de, (BUFBEG)
    4094/5464 : B7                      		or	a
    4095/5465 : ED 52                   		sbc	hl, de
    4096/5467 : 3E 06                   		ld	a, 6
    4097/5469 : BD                      		cp	l
    4098/546A : C9                      		ret
    4099/546B :                         ;
    4100/546B : 21 BE 10                sub_546B:	ld	hl, 10BEh
    4101/546E : CD 19 08                		call	819h		; GETTX0 EingabeTxt ab HL vom BWS
    4102/5471 : C9                      		ret
    4103/5472 :                         ;
    4104/5472 : 06 10                   sub_5472:	ld	b, 10h
    4105/5474 : CD 7B 55                		call	sub_557B
    4106/5477 : 7E                      loc_5477:	ld	a, (hl)
    4107/5478 : FE 20                   		cp	20h ; ' '
    4108/547A : C8                      		ret	z
    4109/547B : D7                      		rst	10h
    4110/547C : 23                      		inc	hl
    4111/547D : 10 F8                   		djnz	loc_5477
 AS V1.42 Beta [Bld 297] - Source File picoedas4-as.asm - Page 74 - 4/1/2026 15:28:38


    4112/547F : C9                      		ret
    4113/5480 :                         ;
    4114/5480 : 06 10                   sub_5480:	ld	b, 10h
    4115/5482 : 21 00 FF                		ld	hl, unk_FF00
    4116/5485 : 11 10 FF                		ld	de, unk_FF10
    4117/5488 : 7E                      loc_5488:	ld	a, (hl)
    4118/5489 : F5                      		push	af
    4119/548A : 1A                      		ld	a, (de)
    4120/548B : 77                      		ld	(hl), a
    4121/548C : F1                      		pop	af
    4122/548D : 12                      		ld	(de), a
    4123/548E : 23                      		inc	hl
    4124/548F : 13                      		inc	de
    4125/5490 : 10 F6                   		djnz	loc_5488
    4126/5492 : C9                      		ret
    4127/5493 :                         
    4128/5493 :                         ;---------------------------------------
    4129/5493 :                         ; - alphabetisch sortiert
    4130/5493 :                         ; l+aufsteigend nach Datum sortiert
    4131/5493 :                         ; l-absteigend nach Datum sortiert
    4132/5493 :                         ; l DATEINAME Quelltext laden: DATEINAME.E
    4133/5493 :                         
    4134/5493 : CD 6B 54                E_LOAD:		call	sub_546B
    4135/5496 : 7C                      		ld	a, h
    4136/5497 : B5                      		or	l
    4137/5498 : 28 19                   		jr	z, loc_54B3
    4138/549A : CD 7B 55                		call	sub_557B
    4139/549D : 3E 2B                   		ld	a, '+'
    4140/549F : BE                      		cp	(hl)
    4141/54A0 : 28 07                   		jr	z, loc_54A9
    4142/54A2 : 3E 2D                   		ld	a, '-'
    4143/54A4 : BE                      		cp	(hl)
    4144/54A5 : 28 07                   		jr	z, loc_54AE
    4145/54A7 : 18 19                   		jr	loc_54C2
    4146/54A9 : 21 01 00                loc_54A9:	ld	hl, 1
    4147/54AC : 18 05                   		jr	loc_54B3
    4148/54AE : 21 02 00                loc_54AE:	ld	hl, 2
    4149/54B1 : 18 00                   		jr	loc_54B3
    4150/54B3 : 22 5B 18                loc_54B3:	ld	(ARG1), hl
    4151/54B6 : CD 3A 08                		call	83Ah		; FGETLS Anforderung Dateiliste
    4152/54B9 : CD 4C 08                loc_54B9:	call	84Ch		; RDBYTE Byte v. ZCOM abholen
    4153/54BC : CA 5F 55                		jp	z, loc_555F
    4154/54BF : D7                      		rst	10h
    4155/54C0 : 18 F7                   		jr	loc_54B9
    4156/54C2 : CD 5D 54                loc_54C2:	call	sub_545D
    4157/54C5 : 28 2E                   		jr	z, loc_54F5
    4158/54C7 : DF                      		rst	18h
    4159/54C8 : 41 6B 74 75 65 6C 6C 65 		db "Aktuelle Quelle ueberschreiben? (J)",0A0h
         54D0 : 20 51 75 65 6C 6C 65 20
         54D8 : 75 65 62 65 72 73 63 68
         54E0 : 72 65 69 62 65 6E 3F 20
         54E8 : 28 4A 29 A0            
    4160/54EC : CF                      		rst	8
    4161/54ED : F6 20                   		or	20h
    4162/54EF : FE 6A                   		cp	'j'
    4163/54F1 : 20 6C                   		jr	nz, loc_555F
    4164/54F3 : DF                      		rst	18h
    4165/54F4 : 8D                      		db 8Dh
    4166/54F5 : CD 7B 55                loc_54F5:	call	sub_557B
    4167/54F8 : 2B                      		dec	hl
 AS V1.42 Beta [Bld 297] - Source File picoedas4-as.asm - Page 75 - 4/1/2026 15:28:38


    4168/54F9 : 36 45                   		ld	(hl), 45h ; 'E'
    4169/54FB : 23                      		inc	hl
    4170/54FC : 11 20 FF                		ld	de, unk_FF20
    4171/54FF : 01 10 00                		ld	bc, 10h
    4172/5502 : ED B0                   		ldir
    4173/5504 : CD 68 55                		call	sub_5568
    4174/5507 : DF                      		rst	18h
    4175/5508 : 4C 61 64 65 6E 20 51 75 		db "Laden Quelle:",0A0h
         5510 : 65 6C 6C 65 3A A0      
    4176/5516 : CD 72 54                		call	sub_5472
    4177/5519 : CD 2B 08                		call	82Bh		;FOPENR	ext.Datei open	read
    4178/551C : CD 34 08                		call	834h		;FGETRE	ResCode FileOP	Z/0000=Ok
    4179/551F : C2 81 55                		jp	nz, loc_5581
    4180/5522 : FD CB 01 76             		bit	6, (iy+1)
    4181/5526 : 20 06                   		jr	nz, loc_552E
    4182/5528 : 2A 00 FE                		ld	hl, (BUFBEG)
    4183/552B : 22 5B 18                		ld	(ARG1), hl
    4184/552E : CD 31 08                loc_552E:	call	831h		;FBLKR	Speicherblock lesen
    4185/5531 : CD 34 08                		call	834h		;FGETRE	ResCode FileOP	Z/0000=Ok
    4186/5534 : C2 81 55                		jp	nz, loc_5581
    4187/5537 : 21 20 FF                		ld	hl, unk_FF20
    4188/553A : 11 00 FF                		ld	de, unk_FF00
    4189/553D : 01 10 00                		ld	bc, 10h
    4190/5540 : ED B0                   		ldir
    4191/5542 : CD AC 55                		call	sub_55AC
    4192/5545 : 3E 01                   		ld	a, 1
    4193/5547 : 32 32 FF                		ld	(unk_FF32), a
    4194/554A : CD 62 55                		call	sub_5562
    4195/554D : FD CB 01 76             		bit	6, (iy+1)
    4196/5551 : 28 0C                   		jr	z, loc_555F
    4197/5553 : 2A 5B 18                		ld	hl, (ARG1)
    4198/5556 : 22 00 FE                		ld	(BUFBEG), hl
    4199/5559 : 2A 5F 18                		ld	hl, (ARG3)
    4200/555C : 22 02 FE                		ld	(BUFEND), hl
    4201/555F : DF                      loc_555F:	rst	18h
    4202/5560 : 8D                      		db 8Dh
    4203/5561 : C9                      		ret
    4204/5562 :                         ;
    4205/5562 : DF                      sub_5562:	rst	18h
    4206/5563 : 0D 6F 6B AE             		db 0Dh,"ok",0AEh
    4207/5567 : C9                      		ret
    4208/5568 :                         ;
    4209/5568 : CD 7B 55                sub_5568:	call	sub_557B
    4210/556B : 06 0E                   		ld	b, 0Eh
    4211/556D : 7E                      loc_556D:	ld	a, (hl)
    4212/556E : FE 20                   		cp	20h ; ' '
    4213/5570 : 28 03                   		jr	z, loc_5575
    4214/5572 : 23                      		inc	hl
    4215/5573 : 10 F8                   		djnz	loc_556D
    4216/5575 : 36 2E                   loc_5575:	ld	(hl), 2Eh ; '.'
    4217/5577 : 23                      		inc	hl
    4218/5578 : 36 45                   		ld	(hl), 45h ; 'E'
    4219/557A : C9                      		ret
    4220/557B :                         ;
    4221/557B : 21 09 00                sub_557B:	ld	hl, 9
    4222/557E : C3 13 08                		jp	813h		; FGETSY Re:Zeiger auf SysRAM
    4223/5581 :                         ;
    4224/5581 : 7C                      loc_5581:	ld	a, h
    4225/5582 : 85                      		add	a, l
    4226/5583 : FE 03                   		cp	3
 AS V1.42 Beta [Bld 297] - Source File picoedas4-as.asm - Page 76 - 4/1/2026 15:28:38


    4227/5585 : 20 17                   		jr	nz, loc_559E
    4228/5587 : DF                      		rst	18h
    4229/5588 : 20 2D 3E 20 6E 69 63 68 		db " -> nicht gefunden!",8Dh
         5590 : 74 20 67 65 66 75 6E 64
         5598 : 65 6E 21 8D            
    4230/559C : 18 C1                   		jr	loc_555F
    4231/559E : DF                      loc_559E:	rst	18h
    4232/559F : 0D 53 44 2D 80          		db 0Dh,"SD-",80h
    4233/55A4 : CD 88 48                		call	error
    4234/55A7 : CD F1 07                		call	7F1h
    4235/55AA : 18 B3                   		jr	loc_555F
    4236/55AC :                         ;
    4237/55AC : 2A 00 18                sub_55AC:	ld	hl, (cupos)
    4238/55AF : E5                      		push	hl
    4239/55B0 : 21 BF 17                		ld	hl, 17BFh
    4240/55B3 : 22 00 18                		ld	(cupos), hl
    4241/55B6 : DF                      		rst	18h
    4242/55B7 : BC                      		db 0BCh
    4243/55B8 : 06 10                   		ld	b, 10h
    4244/55BA : 21 00 FF                		ld	hl, unk_FF00
    4245/55BD : 7E                      loc_55BD:	ld	a, (hl)
    4246/55BE : FE 20                   		cp	20h ; ' '
    4247/55C0 : 28 04                   		jr	z, loc_55C6
    4248/55C2 : D7                      		rst	10h
    4249/55C3 : 23                      		inc	hl
    4250/55C4 : 10 F7                   		djnz	loc_55BD
    4251/55C6 : DF                      loc_55C6:	rst	18h
    4252/55C7 : BE                      		db 0BEh
    4253/55C8 : 78                      		ld	a, b
    4254/55C9 : B7                      		or	a
    4255/55CA : 28 04                   		jr	z, loc_55D0
    4256/55CC : DF                      loc_55CC:	rst	18h
    4257/55CD : A0                      		db 0A0h
    4258/55CE : 10 FC                   		djnz	loc_55CC
    4259/55D0 : E1                      loc_55D0:	pop	hl
    4260/55D1 : 22 00 18                		ld	(cupos), hl
    4261/55D4 : C9                      		ret
    4262/55D5 :                         
    4263/55D5 :                         ;---------------------------------------
    4264/55D5 :                         ; s Quelltext unter dem aktuellen Namen sichern
    4265/55D5 :                         ; s DATEINAME Quelltext sichern als ...
    4266/55D5 :                         
    4267/55D5 : CD 5D 54                E_SAVE:		call	sub_545D
    4268/55D8 : 20 10                   		jr	nz, loc_55EA
    4269/55DA : DF                      		rst	18h
    4270/55DB : 4B 65 69 6E 65 20 51 75 		db "Keine Quelle!",8Dh
         55E3 : 65 6C 6C 65 21 8D      
    4271/55E9 : C9                      		ret
    4272/55EA :                         ;
    4273/55EA : CD 5D 56                loc_55EA:	call	sub_565D
    4274/55ED : CD 72 57                		call	sub_5772
    4275/55F0 : 22 5B 18                		ld	(ARG1), hl
    4276/55F3 : ED 53 5D 18             		ld	(ARG2), de
    4277/55F7 : 2A 02 FE                		ld	hl, (BUFEND)
    4278/55FA : 22 5F 18                		ld	(ARG3), hl
    4279/55FD : CD 7B 55                		call	sub_557B
    4280/5600 : 2B                      		dec	hl
    4281/5601 : 36 45                   		ld	(hl), 45h ; 'E'
    4282/5603 : 23                      		inc	hl
    4283/5604 : 3A FC 5F                		ld	a, (byte_5FFC)
 AS V1.42 Beta [Bld 297] - Source File picoedas4-as.asm - Page 77 - 4/1/2026 15:28:38


    4284/5607 : B7                      		or	a
    4285/5608 : 11 00 FF                		ld	de, unk_FF00
    4286/560B : 28 03                   		jr	z, loc_5610
    4287/560D : 11 20 FF                		ld	de, unk_FF20
    4288/5610 : 01 10 00                loc_5610:	ld	bc, 10h
    4289/5613 : ED B0                   		ldir
    4290/5615 : CD 68 55                		call	sub_5568
    4291/5618 : DF                      		rst	18h
    4292/5619 : 53 69 63 68 65 72 6E 20 		db "Sichern Quelle:",0A0h
         5621 : 51 75 65 6C 6C 65 3A A0
    4293/5629 : CD 72 54                		call	sub_5472
    4294/562C : CD 22 08                		call	822h		; FOPENW ext. Datei open write
    4295/562F : CD 28 08                		call	828h		; FBLKW	 Speicheblock in ext.schr
    4296/5632 : CD 34 08                		call	834h		; FGETRE ResCode FileOP	Z/0000=Ok
    4297/5635 : C2 81 55                		jp	nz, loc_5581
    4298/5638 : CD 62 55                		call	sub_5562
    4299/563B : 3A 32 FF                		ld	a, (unk_FF32)
    4300/563E : B7                      		or	a
    4301/563F : 20 16                   		jr	nz, loc_5657
    4302/5641 : 3E 01                   		ld	a, 1
    4303/5643 : 32 32 FF                		ld	(unk_FF32), a
    4304/5646 : 3A FC 5F                		ld	a, (byte_5FFC)
    4305/5649 : B7                      		or	a
    4306/564A : 28 0B                   		jr	z, loc_5657
    4307/564C : 21 20 FF                		ld	hl, unk_FF20
    4308/564F : 11 00 FF                		ld	de, unk_FF00
    4309/5652 : 01 10 00                		ld	bc, 10h
    4310/5655 : ED B0                   		ldir
    4311/5657 : CD AC 55                loc_5657:	call	sub_55AC
    4312/565A : C3 5F 55                		jp	loc_555F
    4313/565D :                         ;
    4314/565D : CD 6B 54                sub_565D:	call	sub_546B
    4315/5660 : 7C                      		ld	a, h
    4316/5661 : B5                      		or	l
    4317/5662 : 20 27                   		jr	nz, loc_568B
    4318/5664 : 3A 32 FF                		ld	a, (unk_FF32)
    4319/5667 : B7                      		or	a
    4320/5668 : 20 14                   		jr	nz, loc_567E
    4321/566A : DF                      		rst	18h
    4322/566B : 44 61 74 65 69 6E 61 6D 		db "Dateiname fehlt!",8Dh
         5673 : 65 20 66 65 68 6C 74 21
         567B : 8D                     
    4323/567C : E1                      		pop	hl
    4324/567D : C9                      		ret
    4325/567E :                         ;
    4326/567E : CD 7B 55                loc_567E:	call	sub_557B
    4327/5681 : 11 00 FF                		ld	de, unk_FF00
    4328/5684 : EB                      		ex	de, hl
    4329/5685 : 01 10 00                		ld	bc, 10h
    4330/5688 : ED B0                   		ldir
    4331/568A : C9                      		ret
    4332/568B :                         ;
    4333/568B : 3A 32 FF                loc_568B:	ld	a, (unk_FF32)
    4334/568E : B7                      		or	a
    4335/568F : C8                      		ret	z
    4336/5690 : 3E 02                   		ld	a, 2
    4337/5692 : 32 32 FF                		ld	(unk_FF32), a
    4338/5695 : C9                      		ret
    4339/5696 :                         
    4340/5696 :                         ;---------------------------------------
 AS V1.42 Beta [Bld 297] - Source File picoedas4-as.asm - Page 78 - 4/1/2026 15:28:38


    4341/5696 :                         ; B Maschinencode unter dem Namen der Quelldatei sichern
    4342/5696 :                         ; B DATEINAME Maschinencode sichern als ...
    4343/5696 :                         
    4344/5696 : FD CB 01 4E             E_MCSAV:	bit	1, (iy+1)
    4345/569A : CA 75 49                		jp	z, loc_4963
    4346/569D : CD 5D 56                		call	sub_565D
    4347/56A0 : 2A 0A FE                		ld	hl, (mc_ofs)
    4348/56A3 : 7C                      		ld	a, h
    4349/56A4 : B5                      		or	l
    4350/56A5 : 28 22                   		jr	z, loc_56C9
    4351/56A7 : DF                      		rst     18h
    4352/56A8 : 4D 43 20 6D 69 74 20 4F 		db "MC mit Offset nicht zu sichern!",8Dh
         56B0 : 66 66 73 65 74 20 6E 69
         56B8 : 63 68 74 20 7A 75 20 73
         56C0 : 69 63 68 65 72 6E 21 8D
    4353/56C8 : C9                      		ret
    4354/56C9 :                         ;
    4355/56C9 : 2A C0 FD                loc_56C9:	ld	hl, (unk_54C0)
    4356/56CC : 22 5B 18                		ld	(ARG1), hl
    4357/56CF : 2A 0C FE                		ld	hl, (word_550C)
    4358/56D2 : 2B                      		dec	hl
    4359/56D3 : 22 5D 18                		ld	(ARG2), hl
    4360/56D6 : 2A 0E FE                		ld	hl, (word_550E)
    4361/56D9 : 22 5F 18                		ld	(ARG3), hl
    4362/56DC : 23                      		inc	hl
    4363/56DD : 7C                      		ld	a, h
    4364/56DE : B5                      		or	l
    4365/56DF : CA 75 49                		jp	z, loc_4963
    4366/56E2 : CD 7B 55                		call	sub_557B
    4367/56E5 : 2B                      		dec	hl
    4368/56E6 : 36 4D                   		ld	(hl), 4Dh ; 'M'
    4369/56E8 : CD 7F 57                		call	sub_577F
    4370/56EB : 47                      		ld	b, a
    4371/56EC : 3A 31 FF                		ld	a, (unk_FF31)
    4372/56EF : B8                      		cp	b
    4373/56F0 : 28 2B                   		jr	z, loc_571D
    4374/56F2 : DF                      		rst	18h
    4375/56F3 : 51 75 65 6C 6C 65 20 76 		db "Quelle veraendert seit letztem ASM-Lauf!",8Dh
         56FB : 65 72 61 65 6E 64 65 72
         5703 : 74 20 73 65 69 74 20 6C
         570B : 65 74 7A 74 65 6D 20 41
         5713 : 53 4D 2D 4C 61 75 66 21
         571B : 8D                     
    4376/571C : C9                      		ret
    4377/571D :                         ;
    4378/571D : DF                      loc_571D:	rst	18h
    4379/571E : 53 69 63 68 65 72 6E 20 		db "Sichern MC:",0A0h
         5726 : 4D 43 3A A0            
    4380/572A : CD 72 54                		call	sub_5472
    4381/572D : CD 22 08                		call	822h		; FOPENW ext. Datei open write
    4382/5730 : CD 28 08                		call	828h		; FBLKW	 Speicheblock in ext.schr
    4383/5733 : CD 34 08                		call	834h		; FGETRE ResCode FileOP	Z/0000=Ok
    4384/5736 : C2 81 55                		jp	nz, loc_5581
    4385/5739 : CD 62 55                		call	sub_5562
    4386/573C : C3 5F 55                		jp	loc_555F
    4387/573F :                         
    4388/573F :                         ;---------------------------------------
    4389/573F :                         ; D xxxx setzt Pufferobergrenze neu auf xxxx
    4390/573F :                         
    4391/573F : FE 00                   E_BUFEND:	cp	0
 AS V1.42 Beta [Bld 297] - Source File picoedas4-as.asm - Page 79 - 4/1/2026 15:28:38


    4392/5741 : CA 21 4B                		jp	z, loc_4B2E	; Error 99
    4393/5744 : E5                      		push	hl
    4394/5745 : CD 79 44                		call	sub_4466	; Bufferende berechnen
    4395/5748 : 23                      		inc	hl
    4396/5749 : EB                      		ex	de, hl
    4397/574A : E1                      		pop	hl
    4398/574B : B7                      		or	a
    4399/574C : ED 52                   		sbc	hl, de
    4400/574E : 19                      		add	hl, de
    4401/574F : 38 1C                   		jr	c, loc_576D
    4402/5751 : 11 00 40                		ld	de, loc_4000
    4403/5754 : ED 52                   		sbc	hl, de
    4404/5756 : 19                      		add	hl, de
    4405/5757 : 38 10                   		jr	c, loc_5769
    4406/5759 : 11 00 60                		ld	de, unk_6000
    4407/575C : ED 52                   		sbc	hl, de
    4408/575E : 19                      		add	hl, de
    4409/575F : 38 0C                   		jr	c, loc_576D
    4410/5761 : 11 B0 FD                		ld	de, word_54B0
    4411/5764 : ED 52                   		sbc	hl, de
    4412/5766 : 19                      		add	hl, de
    4413/5767 : 30 04                   		jr	nc, loc_576D
    4414/5769 : 22 02 FE                loc_5769:	ld	(BUFEND), hl
    4415/576C : C9                      		ret
    4416/576D :                         ;
    4417/576D : 3E 08                   loc_576D:	ld	a, 8
    4418/576F : C3 23 4B                		jp	loc_4B30	; Fehler ausgeben
    4419/5772 :                         ;
    4420/5772 : 2A 00 FE                sub_5772:	ld	hl, (BUFBEG)
    4421/5775 : E5                      		push	hl
    4422/5776 : 5E                      		ld	e, (hl)
    4423/5777 : 23                      		inc	hl
    4424/5778 : 56                      		ld	d, (hl)
    4425/5779 : E1                      		pop	hl
    4426/577A : EB                      		ex	de, hl
    4427/577B : 19                      		add	hl, de
    4428/577C : 2B                      		dec	hl
    4429/577D : EB                      		ex	de, hl
    4430/577E : C9                      		ret
    4431/577F :                         ;
    4432/577F : CD 72 57                sub_577F:	call	sub_5772
    4433/5782 : AF                      		xor	a
    4434/5783 : AE                      loc_5783:	xor	(hl)
    4435/5784 : 23                      		inc	hl
    4436/5785 : ED 52                   		sbc	hl, de
    4437/5787 : 19                      		add	hl, de
    4438/5788 : 38 F9                   		jr	c, loc_5783
    4439/578A : C9                      		ret
    4440/578B :                         
    4441/578B :                         ;---------------------------------------
    4442/578B :                         ; ? Hilfe: Kommandoübersicht und Versionsanzeige
    4443/578B :                         ; ?F, ?O, ?S, ?T, ?X Fehlercodes, Optionen, Syntaxbesonderheiten, Tastaturbefehle, SD-Kommandos
    4444/578B :                         ;
    4445/578B : 21 BE 10                E_HELP:		ld	hl, 10BEh
    4446/578E : 7E                      		ld	a, (hl)
    4447/578F : FE 46                   		cp	'F'
    4448/5791 : CA 58 59                		jp	z, loc_5958	; FEHLER-CODES
    4449/5794 : FE 53                   		cp	'S'
    4450/5796 : CA 27 5C                		jp	z, loc_5C27	; SYNTAXTIPPS
    4451/5799 : FE 54                   		cp	'T'
 AS V1.42 Beta [Bld 297] - Source File picoedas4-as.asm - Page 80 - 4/1/2026 15:28:38


    4452/579B : 28 0D                   		jr	z, loc_57AA	; TASTATUR
    4453/579D : FE 58                   		cp	'X'
    4454/579F : CA 8D 5D                		jp	z, loc_5D8D	; SD-FUNKTIONEN
    4455/57A2 : FE 4F                   		cp	'O'
    4456/57A4 : CA 5A 58                		jp	z, loc_585A	; OPTIONEN
    4457/57A7 : C3 3D 5E                		jp	loc_5E3D
    4458/57AA :                         ;
    4459/57AA : DF                      loc_57AA:	rst	18h
    4460/57AB : 3C 54 41 53 54 41 54 55 		db "<TASTATUR>",0Dh
         57B3 : 52 3E 0D               
    4461/57B6 : 5E 48 20 20 4B 75 72 73 		db "^H  Kursor <-",0Dh
         57BE : 6F 72 20 3C 2D 0D      
    4462/57C4 : 5E 49 20 20 4B 75 72 73 		db "^I  Kursor ->",0Dh
         57CC : 6F 72 20 2D 3E 0D      
    4463/57D2 : 5E 45 20 20 45 69 6E 66 		db "^E  Einfuegen (auch ",27h,"Einfg",27h,")",0Dh
         57DA : 75 65 67 65 6E 20 28 61
         57E2 : 75 63 68 20 27 45 69 6E
         57EA : 66 67 27 29 0D         
    4464/57EF : 5E 53 20 20 53 74 72 65 		db "^S  Streichen (auch ",27h,"Entf",27h," und ^D)",0Dh
         57F7 : 69 63 68 65 6E 20 28 61
         57FF : 75 63 68 20 27 45 6E 74
         5807 : 66 27 20 75 6E 64 20 5E
         580F : 44 29 0D               
    4465/5812 : 5E 52 20 20 42 61 63 6B 		db "^R  Backspace (auch <===)",0Dh
         581A : 73 70 61 63 65 20 28 61
         5822 : 75 63 68 20 3C 3D 3D 3D
         582A : 29 0D                  
    4466/582C : 5E 54 20 20 4B 75 72 73 		db "^T  Kursor hinter Zeilennummer",0Dh
         5834 : 6F 72 20 68 69 6E 74 65
         583C : 72 20 5A 65 69 6C 65 6E
         5844 : 6E 75 6D 6D 65 72 0D   
    4467/584B : 5E 57 20 20 54 61 62 75 		db "^W  Tabulator",8Dh
         5853 : 6C 61 74 6F 72 8D      
    4468/5859 : C9                      		ret
    4469/585A :                         
    4470/585A : DF                      loc_585A:	rst	18h
    4471/585B : 3C 4F 50 54 49 4F 4E 45 		db "<OPTIONEN>",0Dh
         5863 : 4E 3E 0D               
    4472/5866 : 2B 30 31 20 20 55 6E 74 		db "+01  Unterdruecke Assemblerliste",0Dh
         586E : 65 72 64 72 75 65 63 6B
         5876 : 65 20 41 73 73 65 6D 62
         587E : 6C 65 72 6C 69 73 74 65
         5886 : 0D                     
    4473/5887 : 2B 30 32 20 20 4D 61 73 		db "+02  Maschinencode zum Speicher",0Dh
         588F : 63 68 69 6E 65 6E 63 6F
         5897 : 64 65 20 7A 75 6D 20 53
         589F : 70 65 69 63 68 65 72 0D
    4474/58A7 : 2B 30 34 20 20 44 72 75 		db "+04  Drucke Assemblerliste",0Dh
         58AF : 63 6B 65 20 41 73 73 65
         58B7 : 6D 62 6C 65 72 6C 69 73
         58BF : 74 65 0D               
    4475/58C2 : 2B 31 30 20 20 41 6B 74 		db "+10  Aktiviere 2.Lauf bei Fehlern im 1.Lauf",0Dh
         58CA : 69 76 69 65 72 65 20 32
         58D2 : 2E 4C 61 75 66 20 62 65
         58DA : 69 20 46 65 68 6C 65 72
         58E2 : 6E 20 69 6D 20 31 2E 4C
         58EA : 61 75 66 0D            
    4476/58EE : 2B 32 30 20 20 72 65 6C 		db "+20  relat. Sprungdistanz absolut (Marke-$)",0Dh
         58F6 : 61 74 2E 20 53 70 72 75
         58FE : 6E 67 64 69 73 74 61 6E
 AS V1.42 Beta [Bld 297] - Source File picoedas4-as.asm - Page 81 - 4/1/2026 15:28:38


         5906 : 7A 20 61 62 73 6F 6C 75
         590E : 74 20 28 4D 61 72 6B 65
         5916 : 2D 24 29 0D            
    4477/591A : 2B 34 30 20 20 4C 61 64 		db "+40  Lade Quelle an Headeradresse",0Dh
         5922 : 65 20 51 75 65 6C 6C 65
         592A : 20 61 6E 20 48 65 61 64
         5932 : 65 72 61 64 72 65 73 73
         593A : 65 0D                  
    4478/593C : 2B 38 30 20 20 41 75 73 		db "+80  Ausgabe Symboltabelle",8Dh
         5944 : 67 61 62 65 20 53 79 6D
         594C : 62 6F 6C 74 61 62 65 6C
         5954 : 6C 65 8D               
    4479/5957 : C9                      		ret
    4480/5958 :                         
    4481/5958 : DF                      loc_5958:	rst	18h
    4482/5959 : 3C 46 45 48 4C 45 52 2D 		db "<FEHLER-CODES>",0Dh
         5961 : 43 4F 44 45 53 3E 0D   
    4483/5968 : 30 30 20 45 64 69 74 69 		db "00 Editierpuffer voll",0Dh
         5970 : 65 72 70 75 66 66 65 72
         5978 : 20 76 6F 6C 6C 0D      
    4484/597E : 30 31 20 5A 65 69 6C 65 		db "01 Zeilennummer >9999",0Dh
         5986 : 6E 6E 75 6D 6D 65 72 20
         598E : 3E 39 39 39 39 0D      
    4485/5994 : 30 32 20 49 2D 4B 6F 6D 		db "02 I-Kommando >9999",0Dh
         599C : 6D 61 6E 64 6F 20 3E 39
         59A4 : 39 39 39 0D            
    4486/59A8 : 30 33 20 5A 65 69 6C 65 		db "03 Zeile existiert nicht",0Dh
         59B0 : 20 65 78 69 73 74 69 65
         59B8 : 72 74 20 6E 69 63 68 74
         59C0 : 0D                     
    4487/59C1 : 30 34 20 47 20 75 6E 64 		db "04 G und B unzulaess. (Quelle o. ENT fehlt o. nicht assembl.)",0Dh
         59C9 : 20 42 20 75 6E 7A 75 6C
         59D1 : 61 65 73 73 2E 20 28 51
         59D9 : 75 65 6C 6C 65 20 6F 2E
         59E1 : 20 45 4E 54 20 66 65 68
         59E9 : 6C 74 20 6F 2E 20 6E 69
         59F1 : 63 68 74 20 61 73 73 65
         59F9 : 6D 62 6C 2E 29 0D      
    4488/59FF : 30 35 20 52 65 61 6B 74 		db "05 Reaktivieren unmoeglich",0Dh
         5A07 : 69 76 69 65 72 65 6E 20
         5A0F : 75 6E 6D 6F 65 67 6C 69
         5A17 : 63 68 0D               
    4489/5A1A : 30 36 20 53 63 68 72 69 		db "06 Schrittweite 0",0Dh
         5A22 : 74 74 77 65 69 74 65 20
         5A2A : 30 0D                  
    4490/5A2C : 30 37 20 42 65 72 65 69 		db "07 Bereich Zeilennr. zu klein",0Dh
         5A34 : 63 68 20 5A 65 69 6C 65
         5A3C : 6E 6E 72 2E 20 7A 75 20
         5A44 : 6B 6C 65 69 6E 0D      
    4491/5A4A : 30 38 20 75 6E 7A 75 6C 		db "08 unzulaess. Argument ",0Dh
         5A52 : 61 65 73 73 2E 20 41 72
         5A5A : 67 75 6D 65 6E 74 20 0D
    4492/5A62 : 30 39 20 5A 77 65 69 74 		db "09 Zweitquelle nicht aktiv",0Dh
         5A6A : 71 75 65 6C 6C 65 20 6E
         5A72 : 69 63 68 74 20 61 6B 74
         5A7A : 69 76 0D               
    4493/5A7D : 31 30 20 75 6E 7A 75 6C 		db "10 unzulaess. Befehlszeile",0Dh
         5A85 : 61 65 73 73 2E 20 42 65
         5A8D : 66 65 68 6C 73 7A 65 69
         5A95 : 6C 65 0D               
 AS V1.42 Beta [Bld 297] - Source File picoedas4-as.asm - Page 82 - 4/1/2026 15:28:38


    4494/5A98 : 32 30 20 75 6E 62 65 6B 		db "20 unbekannte Mnemonik",0Dh
         5AA0 : 61 6E 6E 74 65 20 4D 6E
         5AA8 : 65 6D 6F 6E 69 6B 0D   
    4495/5AAF : 32 31 20 4F 70 65 72 61 		db "21 Operand passt nicht zu Code",0Dh
         5AB7 : 6E 64 20 70 61 73 73 74
         5ABF : 20 6E 69 63 68 74 20 7A
         5AC7 : 75 20 43 6F 64 65 0D   
    4496/5ACE : 32 32 20 49 58 2F 49 59 		db "22 IX/IY-Befehl nicht moeglich",0Dh
         5AD6 : 2D 42 65 66 65 68 6C 20
         5ADE : 6E 69 63 68 74 20 6D 6F
         5AE6 : 65 67 6C 69 63 68 0D   
    4497/5AED : 32 33 20 4F 70 65 72 61 		db "23 Operand/Distanz zu gross",0Dh
         5AF5 : 6E 64 2F 44 69 73 74 61
         5AFD : 6E 7A 20 7A 75 20 67 72
         5B05 : 6F 73 73 0D            
    4498/5B09 : 32 34 20 7A 75 20 76 69 		db "24 zu viele Register",0Dh
         5B11 : 65 6C 65 20 52 65 67 69
         5B19 : 73 74 65 72 0D         
    4499/5B1E : 32 35 20 75 6E 7A 75 6C 		db "25 unzulaess. Operandenkombination",0Dh
         5B26 : 61 65 73 73 2E 20 4F 70
         5B2E : 65 72 61 6E 64 65 6E 6B
         5B36 : 6F 6D 62 69 6E 61 74 69
         5B3E : 6F 6E 0D               
    4500/5B41 : 32 36 20 75 6E 7A 75 6C 		db "26 unzulaess. Zeichen",0Dh
         5B49 : 61 65 73 73 2E 20 5A 65
         5B51 : 69 63 68 65 6E 0D      
    4501/5B57 : 32 37 20 75 6E 7A 75 6C 		db "27 unzulaess. Operand",0Dh
         5B5F : 61 65 73 73 2E 20 4F 70
         5B67 : 65 72 61 6E 64 0D      
    4502/5B6D : 32 38 20 4B 6C 61 6D 6D 		db "28 Klammerfehler",0Dh
         5B75 : 65 72 66 65 68 6C 65 72
         5B7D : 0D                     
    4503/5B7E : 33 30 20 4D 61 72 6B 65 		db "30 Marke nicht gefunden",0Dh
         5B86 : 20 6E 69 63 68 74 20 67
         5B8E : 65 66 75 6E 64 65 6E 0D
    4504/5B96 : 33 31 20 4D 61 72 6B 65 		db "31 Marke mehrfach definiert",0Dh
         5B9E : 20 6D 65 68 72 66 61 63
         5BA6 : 68 20 64 65 66 69 6E 69
         5BAE : 65 72 74 0D            
    4505/5BB2 : 34 30 20 66 61 6C 73 63 		db "40 falscher Pseudobefehl",0Dh
         5BBA : 68 65 72 20 50 73 65 75
         5BC2 : 64 6F 62 65 66 65 68 6C
         5BCA : 0D                     
    4506/5BCB : 34 31 20 75 6E 7A 75 6C 		db "41 unzulaess. Vorwaertsreferenz",0Dh
         5BD3 : 61 65 73 73 2E 20 56 6F
         5BDB : 72 77 61 65 72 74 73 72
         5BE3 : 65 66 65 72 65 6E 7A 0D
    4507/5BEB : 36 30 2F 36 31 20 4D 43 		db "60/61 MC wuerde EDAS ueberschreiben",0Dh
         5BF3 : 20 77 75 65 72 64 65 20
         5BFB : 45 44 41 53 20 75 65 62
         5C03 : 65 72 73 63 68 72 65 69
         5C0B : 62 65 6E 0D            
    4508/5C0F : 39 39 20 75 6E 7A 75 6C 		db "99 unzulaess. Kommando",8Dh
         5C17 : 61 65 73 73 2E 20 4B 6F
         5C1F : 6D 6D 61 6E 64 6F 8D   
    4509/5C26 : C9                      		ret
    4510/5C27 :                         
    4511/5C27 : DF                      loc_5C27:	rst	18h
    4512/5C28 : 3C 53 59 4E 54 41 58 54 		db "<SYNTAXTIPPS>",0Dh
         5C30 : 49 50 50 53 3E 0D      
 AS V1.42 Beta [Bld 297] - Source File picoedas4-as.asm - Page 83 - 4/1/2026 15:28:38


    4513/5C36 : 50 73 65 75 64 6F 62 65 		db "Pseudobefehle:",0Dh
         5C3E : 66 65 68 6C 65 3A 0D   
    4514/5C45 : 4F 52 47 20 20 41 64 72 		db "ORG  Adresszuweisung nachfolg. Code",0Dh
         5C4D : 65 73 73 7A 75 77 65 69
         5C55 : 73 75 6E 67 20 6E 61 63
         5C5D : 68 66 6F 6C 67 2E 20 43
         5C65 : 6F 64 65 0D            
    4515/5C69 : 45 4E 54 20 20 53 74 61 		db "ENT  Startadr. G- und B-Kommando",0Dh
         5C71 : 72 74 61 64 72 2E 20 47
         5C79 : 2D 20 75 6E 64 20 42 2D
         5C81 : 4B 6F 6D 6D 61 6E 64 6F
         5C89 : 0D                     
    4516/5C8A : 53 4B 49 50 20 65 72 7A 		db "SKIP erzeuge Leerzeile in Listing",0Dh
         5C92 : 65 75 67 65 20 4C 65 65
         5C9A : 72 7A 65 69 6C 65 20 69
         5CA2 : 6E 20 4C 69 73 74 69 6E
         5CAA : 67 0D                  
    4517/5CAC : 24 20 20 20 20 41 64 72 		db "$    Adresszaehlersymbol",0Dh
         5CB4 : 65 73 73 7A 61 65 68 6C
         5CBC : 65 72 73 79 6D 62 6F 6C
         5CC4 : 0D                     
    4518/5CC5 : 0D                      		db 0Dh
    4519/5CC6 : 4D 61 72 6B 65 6E 3A 0D 		db "Marken:",0Dh
    4520/5CCE : 20 20 6D 61 78 2E 20 36 		db "  max. 6 Zeichen, keine Registernamen",0Dh
         5CD6 : 20 5A 65 69 63 68 65 6E
         5CDE : 2C 20 6B 65 69 6E 65 20
         5CE6 : 52 65 67 69 73 74 65 72
         5CEE : 6E 61 6D 65 6E 0D      
    4521/5CF4 : 20 20 6B 65 69 6E 20 27 		db "  kein ",27h,":",27h," (M1=M1:)",0Dh
         5CFC : 3A 27 20 28 4D 31 3D 4D
         5D04 : 31 3A 29 0D            
    4522/5D08 : 0D                      		db 0Dh
    4523/5D09 : 41 75 73 64 72 75 65 63 		db "Ausdruecke:",0Dh
         5D11 : 6B 65 3A 0D            
    4524/5D15 : 20 20 48 65 78 2D 41 6E 		db "  Hex-Angaben:  z.B. 1900H oder #1900",0Dh
         5D1D : 67 61 62 65 6E 3A 20 20
         5D25 : 7A 2E 42 2E 20 31 39 30
         5D2D : 30 48 20 6F 64 65 72 20
         5D35 : 23 31 39 30 30 0D      
    4525/5D3B : 20 20 45 69 6E 7A 65 6C 		db "  Einzelzeichen: nur 1x \" voran:",0Dh
         5D43 : 7A 65 69 63 68 65 6E 3A
         5D4B : 20 6E 75 72 20 31 78 20
         5D53 : 22 20 76 6F 72 61 6E 3A
         5D5B : 0D                     
    4526/5D5C : 20 20 20 20 20 20 20 20 		db "        z.B.  LD  A,\"* ",0Dh
         5D64 : 7A 2E 42 2E 20 20 4C 44
         5D6C : 20 20 41 2C 22 2A 20 0D
    4527/5D74 : 20 20 20 20 20 20 20 20 		db "        nicht LD  A,\"*\"",8Dh
         5D7C : 6E 69 63 68 74 20 4C 44
         5D84 : 20 20 41 2C 22 2A 22 8D
    4528/5D8C : C9                      		ret
    4529/5D8D :                         
    4530/5D8D : DF                      loc_5D8D:	rst	18h
    4531/5D8E : 3C 53 44 2D 46 55 4E 4B 		db "<SD-FUNKTIONEN>",0Dh
         5D96 : 54 49 4F 4E 45 4E 3E 0D
    4532/5D9E : 46 6F 72 6D 61 74 3A 20 		db "Format:  Headersave",0Dh
         5DA6 : 20 48 65 61 64 65 72 73
         5DAE : 61 76 65 0D            
    4533/5DB2 : 0D                      		db 0Dh
    4534/5DB3 : 6C 20 6E 61 6D 65 20 20 		db "l name   Quelle laden   nur l => DIR",0Dh
 AS V1.42 Beta [Bld 297] - Source File picoedas4-as.asm - Page 84 - 4/1/2026 15:28:38


         5DBB : 20 51 75 65 6C 6C 65 20
         5DC3 : 6C 61 64 65 6E 20 20 20
         5DCB : 6E 75 72 20 6C 20 3D 3E
         5DD3 : 20 44 49 52 0D         
    4535/5DD8 : 73 20 28 6E 61 6D 65 29 		db "s (name) Quelle sichern (als...)",0Dh
         5DE0 : 20 51 75 65 6C 6C 65 20
         5DE8 : 73 69 63 68 65 72 6E 20
         5DF0 : 28 61 6C 73 2E 2E 2E 29
         5DF8 : 0D                     
    4536/5DF9 : 20 20 2E 45 20 20 77 69 		db "  .E  wird automatisch ergaenzt!",0Dh
         5E01 : 72 64 20 61 75 74 6F 6D
         5E09 : 61 74 69 73 63 68 20 65
         5E11 : 72 67 61 65 6E 7A 74 21
         5E19 : 0D                     
    4537/5E1A : 42 20 28 6E 61 6D 65 29 		db "B (name) MC sichern     (als...)",0Dh
         5E22 : 20 4D 43 20 73 69 63 68
         5E2A : 65 72 6E 20 20 20 20 20
         5E32 : 28 61 6C 73 2E 2E 2E 29
         5E3A : 0D                     
    4538/5E3B : 8D                      		db 8Dh
    4539/5E3C : C9                      		ret
    4540/5E3D :                         
    4541/5E3D : DF                      loc_5E3D:	rst	18h
    4542/5E3E : 3C 4B 6F 6D 6D 61 6E 64 		db "<Kommandos>",0Dh
         5E46 : 6F 73 3E 0D            
    4543/5E4A : 41 2C 43 2C 45 2C 46 2C 		db "A,C,E,F,G,H,I,J,K,M,N,O,P,Q,R,S,T,V,W,X,Y,Z,+,-,/",0Dh
         5E52 : 47 2C 48 2C 49 2C 4A 2C
         5E5A : 4B 2C 4D 2C 4E 2C 4F 2C
         5E62 : 50 2C 51 2C 52 2C 53 2C
         5E6A : 54 2C 56 2C 57 2C 58 2C
         5E72 : 59 2C 5A 2C 2B 2C 2D 2C
         5E7A : 2F 0D                  
    4544/5E7C : 2D 3E 20 53 69 65 68 65 		db "-> Siehe Originalbeschreibung!",0Dh
         5E84 : 20 4F 72 69 67 69 6E 61
         5E8C : 6C 62 65 73 63 68 72 65
         5E94 : 69 62 75 6E 67 21 0D   
    4545/5E9B : 0D                      		db 0Dh
    4546/5E9C : 6C 20 20 20 4C 61 64 65 		db "l   Laden   Quelle/DIR",0Dh
         5EA4 : 6E 20 20 20 51 75 65 6C
         5EAC : 6C 65 2F 44 49 52 0D   
    4547/5EB3 : 73 20 20 20 53 69 63 68 		db "s   Sichern Quelle",0Dh
         5EBB : 65 72 6E 20 51 75 65 6C
         5EC3 : 6C 65 0D               
    4548/5EC6 : 42 20 20 20 53 69 63 68 		db "B   Sichern MC",0Dh
         5ECE : 65 72 6E 20 4D 43 0D   
    4549/5ED5 : 44 20 20 20 50 75 66 66 		db "D   Pufferobergrenze setzen",0Dh
         5EDD : 65 72 6F 62 65 72 67 72
         5EE5 : 65 6E 7A 65 20 73 65 74
         5EED : 7A 65 6E 0D            
    4550/5EF1 : 0D                      		db 0Dh
    4551/5EF2 : 3C 48 69 6C 66 65 73 65 		db "<Hilfeseiten>",0Dh
         5EFA : 69 74 65 6E 3E 0D      
    4552/5F00 : 3F 46 20 20 46 65 68 6C 		db "?F  Fehler-Codes",0Dh
         5F08 : 65 72 2D 43 6F 64 65 73
         5F10 : 0D                     
    4553/5F11 : 3F 4F 20 20 4F 70 74 69 		db "?O  Optionen",0Dh
         5F19 : 6F 6E 65 6E 0D         
    4554/5F1E : 3F 53 20 20 53 79 6E 74 		db "?S  Syntaxtipps",0Dh
         5F26 : 61 78 74 69 70 70 73 0D
    4555/5F2E : 3F 54 20 20 54 61 73 74 		db "?T  Tasten",0Dh
 AS V1.42 Beta [Bld 297] - Source File picoedas4-as.asm - Page 85 - 4/1/2026 15:28:38


         5F36 : 65 6E 0D               
    4556/5F39 : 3F 58 20 20 53 44 2D 41 		db "?X  SD-Arbeit",0Dh
         5F41 : 72 62 65 69 74 0D      
    4557/5F47 : 0D                      		db 0Dh
    4558/5F48 : 0D                      		db 0Dh
    4559/5F49 : 70 69 63 6F 45 44 41 53 		db "picoEDAS*4 V.2.0",0Dh	; picoEDAS4
         5F51 : 2A 34 20 56 2E 32 2E 30
         5F59 : 0D                     
    4560/5F5A :                         		;db "picoEDAS*C V.2.0",0Dh	; picoEDASC
    4561/5F5A : 70 69 63 6F 2D 80       		db "pico-",80h
    4562/5F60 : CD 37 08                		call	837h
    4563/5F63 : DF                      		rst	18h
    4564/5F64 : 0D                      		db 0Dh
    4565/5F65 : 0D                      		db 0Dh
    4566/5F66 : 41 43 31 2D 41 6E 70 61 		db "AC1-Anpassung ",27h,"2023: DL7UFH, DL7VMD, DG3RW",8Dh
         5F6E : 73 73 75 6E 67 20 27 32
         5F76 : 30 32 33 3A 20 44 4C 37
         5F7E : 55 46 48 2C 20 44 4C 37
         5F86 : 56 4D 44 2C 20 44 47 33
         5F8E : 52 57 8D               
    4567/5F91 : C9                      		ret
    4568/5F92 :                         ;
    4569/5F92 : 4E 41 4D 45 4E 4C 4F 53 aNamenlos:	db "NAMENLOS "
         5F9A : 20                     
    4570/5F9B :                         ;
    4571/5F9B : 2A B1 5F                loc_5F9B:	ld	hl, (aPicoac1N)
    4572/5F9E : ED 5B FE 0F             		ld	de, (0FFEh)
    4573/5FA2 : 7C                      		ld	a, h
    4574/5FA3 : BA                      		cp	d
    4575/5FA4 : 20 05                   		jr	nz, loc_5FAB
    4576/5FA6 : 7D                      		ld	a, l
    4577/5FA7 : BB                      		cp	e
    4578/5FA8 : 20 01                   		jr	nz, loc_5FAB
    4579/5FAA : C9                      		ret
    4580/5FAB :                         ;
    4581/5FAB : DF                      loc_5FAB:	rst	18h
    4582/5FAC : 4B 65 69 6E 20          		db "Kein "
    4583/5FB1 : 70 69 63 6F 41 43 31 21 aPicoac1N:	db "picoAC1!",8Dh
         5FB9 : 8D                     
    4584/5FBA : C3 FD 07                		jp	7FDh
    4585/5FBD :                         ;
    4586/5FBD : 00                      		db    0
    4587/5FBE : 00                      		db    0
    4588/5FBF :                         
    4589/5FBF :                         ;---------------------------------------
    4590/5FBF :                         unk_543F:	;; db  49h				; chksum
    4591/5FBF : 48                      		db  48h		; picoEDAS4
    4592/5FC0 :                         		;db	0BFh	; picoEDAS4
    4593/5FC0 :                         
    4594/5FC0 : 00                      		db    0
    4595/5FC1 : 00                      		db    0
    4596/5FC2 : 00                      		db    0
    4597/5FC3 : 00                      		db    0
    4598/5FC4 : 00                      		db    0
    4599/5FC5 : 00                      		db    0
    4600/5FC6 : 00                      		db    0
    4601/5FC7 : 00                      		db    0
    4602/5FC8 : 00                      		db    0
    4603/5FC9 : 00                      		db    0
    4604/5FCA : 00                      		db    0
 AS V1.42 Beta [Bld 297] - Source File picoedas4-as.asm - Page 86 - 4/1/2026 15:28:38


    4605/5FCB : 00                      		db    0
    4606/5FCC : 00                      		db    0
    4607/5FCD : 00                      		db    0
    4608/5FCE : 00                      		db    0
    4609/5FCF : 00                      		db    0
    4610/5FD0 : 00                      		db    0
    4611/5FD1 : 00                      		db    0
    4612/5FD2 : 00                      		db    0
    4613/5FD3 : 00                      		db    0
    4614/5FD4 : 00                      		db    0
    4615/5FD5 : 00                      		db    0
    4616/5FD6 : 00                      		db    0
    4617/5FD7 : 00                      		db    0
    4618/5FD8 : 00                      		db    0
    4619/5FD9 : 00                      		db    0
    4620/5FDA : 00                      		db    0
    4621/5FDB : 00                      		db    0
    4622/5FDC : 00                      		db    0
    4623/5FDD : 00                      		db    0
    4624/5FDE : 00                      		db    0
    4625/5FDF : 00                      		db    0
    4626/5FE0 : 00                      		db    0
    4627/5FE1 : 00                      		db    0
    4628/5FE2 : 00                      		db    0
    4629/5FE3 : 00                      		db    0
    4630/5FE4 : 00                      		db    0
    4631/5FE5 : 00                      		db    0
    4632/5FE6 : 00                      		db    0
    4633/5FE7 : 00                      		db    0
    4634/5FE8 : 00                      		db    0
    4635/5FE9 :                         
    4636/5FE9 :                         ;----------------------------------------
    4637/5FE9 :                         		; org 5FE9h
    4638/5FE9 :                         
    4639/5FE9 : 00 09 65 0D             		db 0,9,'e',0Dh
    4640/5FED : 2A 5D 18                		ld      hl, (ARG2)
    4641/5FF0 : 22 5F 18                		ld      (ARG3), hl
    4642/5FF3 : 2A 5B 18                		ld      hl, (ARG1)
    4643/5FF6 : 22 5D 18                		ld      (ARG2), hl
    4644/5FF9 : C3 00 40                		jp      loc_4000
    4645/5FFC :                         ;
    4646/5FFC : FF                      byte_5FFC:      db 0FFh
    4647/5FFD :                         
    4648/5FFD :                         ;---------------------------------------
    4649/5FFD :                         ; Druckerinitialisierung
    4650/5FFD : C3 EB 07                sub_5440:	jp	MS30
    4651/6000 :                         
    4652/6000 :                         ; E N D E
    4653/6000 :                         
    4654/6000 : =6000H                  unk_6000:	equ $		; Prg.Ende
    4655/6000 :                         
    4656/6000 :                         ;------------------------------------------------------------------------------
    4657/6000 :                         ; RAM
    4658/6000 :                         
    4659/6000 :                         ;;		org	54B0h
    4660/6000 :                         ;RAMA		equ 5400h
    4661/6000 : =0FD00H                 RAMA		equ 0FD00h		; picoEDAS
    4662/6000 :                         
    4663/6000 : =0FDB0H                 word_54B0:      equ RAMA+0B0h		; C: Anfangszeile
    4664/6000 : =0FDB2H                 word_54B2:      equ RAMA+0B2h		; C: Endezeile
 AS V1.42 Beta [Bld 297] - Source File picoedas4-as.asm - Page 87 - 4/1/2026 15:28:38


    4665/6000 : =0FDB4H                 word_54B4:      equ RAMA+0B4h		; C: Zielzeile
    4666/6000 : =0FDB6H                 word_54B6:      equ RAMA+0B6h
    4667/6000 : =0FDB8H                 word_54B8:      equ RAMA+0B8h		; Adresse Anfang Sekundärquelle (SEC)
    4668/6000 : =0FDBAH                 word_54BA:      equ RAMA+0BAh		; Adresse Ende Sekundärquelle (SEC)
    4669/6000 : =0FDBCH                 word_54BC:      equ RAMA+0BCh		; Adresse Assemblieren Anfang
    4670/6000 : =0FDBEH                 word_54BE:      equ RAMA+0BEh		; Adresse Assemblieren Ende
    4671/6000 : =0FDC0H                 unk_54C0:       equ RAMA+0C0h		; Beginn Eingabepuffer Zeile 61 Bytes
    4672/6000 : =0FDFFH                 unk_54FF:       equ RAMA+0FFh		; Buffer f. Code (down)
    4673/6000 :                         
    4674/6000 :                         ;
    4675/6000 : =0FE00H                 BUFBEG:		equ RAMA+100h		; Anfangsdresse Textpuffer
    4676/6000 : =0FE02H                 BUFEND:		equ RAMA+102h		; Endadresse Textpuffer
    4677/6000 : =0FE04H                 unk_5504:       equ RAMA+104h		; Druckerausgabe
    4678/6000 : =0FE07H                 byte_5507:      equ RAMA+107h		; Assembleroptionen
    4679/6000 : =0FE08H                 byte_5508:      equ RAMA+108h		; Ausgabeverzögerung Druck
    4680/6000 : =0FE09H                 byte_5509:	equ RAMA+109h		; Ausgabeverzögerung BWS
    4681/6000 : =0FE0AH                 mc_ofs:      	equ RAMA+10Ah		; offset for code generation
    4682/6000 : =0FE0CH                 word_550C:      equ RAMA+10Ch		; letzte Adresse MC+1 (END:)
    4683/6000 : =0FE0EH                 word_550E:      equ RAMA+10Eh		; ENTry-Adresse
    4684/6000 : =0FE10H                 word_5510:      equ RAMA+110h		; aktuelle Zeilennummer
    4685/6000 : =0FE12H                 word_5512:      equ RAMA+112h       	; ausgegebene Zeilennummer
    4686/6000 : =0FE14H                 byte_5514:      equ RAMA+114h		; Seitengröße bei Schirmausgabe (25 Zeilen)
    4687/6000 : =0FE15H                 unk_5515:       equ RAMA+115h		; kdotab
    4688/6000 : =0FE17H                 word_5517:      equ RAMA+117h		; unk_40AA Parse Tree Mnemonics
    4689/6000 : =0FE19H                 word_5519:      equ RAMA+119h		; unk_428F Parse Tree Register
    4690/6000 : =0FE1BH                 word_551B:      equ RAMA+11Bh		; unk_42F4 Tokenklassen Register,Flags
    4691/6000 : =0FE1DH                 unk_551D:       equ RAMA+11Dh		; Tabelle Zeichenklassen Spezialzeichen
    4692/6000 : =0FE2DH                 unk_552D:       equ RAMA+12Dh       	; sonstiges Spezialzeichen (akt. Zeichen)
    4693/6000 : =0FE30H                 unk_5530:       equ RAMA+130h		; 6 Zeichen Marke
    4694/6000 : =0FE6EH                 unk_556E:       equ RAMA+16Eh		; Find Zeichenkette, Buffer bis unk_552D (41H Zeichen)
    4695/6000 :                         					; Textanfang ('/'), Buffer enthält den Text revers, absteigende Adr!
    4696/6000 : =0FE6FH                 unk_556F:       equ RAMA+16Fh		; 6 Zeichen vom Anfang des Buffers (Kopf), f. REUSE
    4697/6000 : =0FE75H                 p_BUFBEG:	equ RAMA+175h		; Sicherung BUFBEG f. REUSE
    4698/6000 : =0FE77H                 unk_5577:       equ RAMA+177h		; Seitengröße
    4699/6000 : =0FE78H                 word_5578:      equ RAMA+178h       	; Adr. Ret-Funktion nach Fehler
    4700/6000 : =0FE7AH                 unk_557A:       equ RAMA+17Ah
    4701/6000 : =0FE7CH                 word_557C:      equ RAMA+17Ch
    4702/6000 : =0FE82H                 word_5582:      equ RAMA+182h
    4703/6000 : =0FE84H                 byte_5584:      equ RAMA+184h		; Schrittweite (RENUM, INUM)
    4704/6000 : =0FE85H                 word_5585:      equ RAMA+185h
    4705/6000 : =0FE87H                 word_5587:      equ RAMA+187h
    4706/6000 : =0FE89H                 word_5589:      equ RAMA+189h
    4707/6000 : =0FE9BH                 unk_559B:       equ RAMA+19Bh       	; loc_4D0E  - Ausgabe Enter+ggf. Abbruch bei Strg-C
    4708/6000 :                         					; o. loc_4CA2 - Ausgabe in Speicher (ARG3)
    4709/6000 : =0FE9EH                 unk_559E:       equ RAMA+19Eh		; Kdo-Buchstabe
    4710/6000 : =0FE9FH                 byte_559F:      equ RAMA+19Fh		; Anzahl Kdo.Argumente
    4711/6000 : =0FEA0H                 orig_sv:	equ RAMA+1A0h		; Merker für orig. Sprungverteiler
    4712/6000 :                         					; 12h Byte
    4713/6000 : =0FEB2H                 errcnt:      	equ RAMA+1B2h		; Fehlerzähler
    4714/6000 : =0FEB4H                 unk_55B4:       equ RAMA+1B4h		; inch0 Repeat-Timer
    4715/6000 :                         ;iy-12h
    4716/6000 :                         ;iy-0Fh	; 55EF
    4717/6000 :                         ;iy-0Eh	; 55F0	bei Tokenklasse 72..78 als 01..04
    4718/6000 :                         ;iy-0Dh	; 55F1	byte modifier register o. flags
    4719/6000 :                         ;iy-0Ch	; 55F2
    4720/6000 :                         ;iy-0Bh	; 55F3
    4721/6000 :                         ;iy-0Ah	; 55F4
    4722/6000 :                         ;iy-9	; 55F5
    4723/6000 :                         ;iy-8	; 55F6
    4724/6000 : =0FEF2H                 word_55F2:      equ RAMA+1F2h
 AS V1.42 Beta [Bld 297] - Source File picoedas4-as.asm - Page 88 - 4/1/2026 15:28:38


    4725/6000 : =0FEF6H                 unk_55F6:       equ RAMA+1F6h
    4726/6000 : =0FEFEH                 byte_55FE:	equ RAMA+1FEh		; IY, TOP Stack
    4727/6000 : =0FEFFH                 unk_55FF:       equ RAMA+1FFh		; IY+1 = Assembleroptionen
    4728/6000 :                         					; Bit0=nur fehlerhafte Zeilen beim Listing
    4729/6000 :                         					; Bit1=MC in Speicher laden
    4730/6000 :                         					; Bit2=drucken
    4731/6000 :                         					; Bit3=(intern benutzt!)
    4732/6000 :                         					; Bit4=erzwinge 2. Lauf
    4733/6000 :                         					; Bit5=relative Sprungdistanzen absolut
    4734/6000 :                         					; Bit6=
    4735/6000 :                         					; Bit7=Ausgabe Symboltabelle
    4736/6000 :                         ;
    4737/6000 : =0FF00H                 unk_5600:       equ RAMA+200h		; Ramende ?
    4738/6000 :                         
    4739/6000 : =6000H                  txtbuffer:	equ	6000h
    4740/6000 :                         
    4741/6000 :                         ;--picoAC1
    4742/6000 : =0FF00H                 unk_FF00	equ 0FF00h		; Namebuffer
    4743/6000 : =0FF10H                 unk_FF10        equ 0FF10h		; Namebuffer
    4744/6000 : =0FF20H                 unk_FF20        equ 0FF20h		; Namebuffer
    4745/6000 : =0FF31H                 unk_FF31        equ 0FF31h
    4746/6000 : =0FF32H                 unk_FF32        equ 0FF32h
    4747/6000 :                         
    4748/6000 :                         		end
 AS V1.42 Beta [Bld 297] - Source File picoedas4-as.asm - Page 89 - 4/1/2026 15:28:38


  Symbol Table (* = unused):
  --------------------------

 ANAMENLOS :                   5F92 C |  APICOAC1N :                   5FB1 C |
*ARCHITECTURE :                                        "i386-unknown-win32" - |
 ARG1 :                        185B - |  ARG2 :                        185D - |
 ARG3 :                        185F - |  ASSEMBLE :                    5408 C |
*BASIC :                        800 - | *BS :                             8 - |
 BUFBEG :                     0FE00 - |  BUFEND :                     0FE02 - |
*BUFLEN :                         9 - |  BWS :                         1000 - |
 BYTE_5507 :                  0FE07 - |  BYTE_5508 :                  0FE08 - |
 BYTE_5509 :                  0FE09 - |  BYTE_5514 :                  0FE14 - |
 BYTE_5584 :                  0FE84 - |  BYTE_559F :                  0FE9F - |
 BYTE_55FE :                  0FEFE - |  BYTE_5FFC :                   5FFC C |
*CASESENSITIVE :                  0 - |  CHKSUM :                      4499 C |
 CHKSUM1 :                     44A0 C | *CLRBUF :                       810 - |
*CLS :                           0C - |  COLD :                        4B45 C |
*COLD1 :                       4B51 C |  COLS :                          40 - |
*CONSTPI :        3.141592653589793 - |  CORRECT :                     4A0B C |
*CPMUMSCH :                      1E - |  CR :                            0D - |
*CRC16 :                        81F - | *CTC0 :                           0 - |
*CTC1 :                           1 - | *CTC2 :                           2 - |
*CTC3 :                           3 - |  CUPOS :                       1800 - |
 DATA :                        1858 - | *DATE :                  "4/1/2026" - |
 DELAY :                       497A C |  EDAS_SV :                     515F C |
 ERRCNT :                     0FEB2 - |  ERROR :                       4888 C |
 E_BUFEND :                    573F C |  E_HELP :                      578B C |
 E_LOAD :                      5493 C |  E_MCSAV :                     5696 C |
 E_SAVE :                      55D5 C | *FALSE :                          0 - |
*FBLKR :                        831 - | *FBLKW :                        828 - |
*FCHRR :                        82E - | *FCHRW :                        825 - |
*FCSUM :                         19 - | *FGETDR :                       83D - |
*FGETLS :                       83A - | *FGETRE :                       834 - |
*FGETSY :                       813 - |  FIND :                        49D9 C |
*FLEN :                           2 - | *FLOATMAX :      1.797693134866E308 - |
*FOPENR :                       82B - | *FOPENW :                       822 - |
*FPOS :                           4 - | *FRESCO :                         0 - |
*FRESV :                          6 - | *FTYPE :                          8 - |
 GETCO1 :                       7FD - | *GETIME :                       840 - |
*GETTX0 :                       819 - | *GETTXT :                       816 - |
 GO :                          4948 C | *HAS64 :                          1 - |
 HEIGHT :                      493F C | *INCH :                           8 - |
 INCH0 :                       50EB C |  INCH1 :                       50F0 C |
 INCH2 :                       50F5 C |  INCH3 :                       50F7 C |
 INCH4 :                       50FA C |  INCH5 :                       510C C |
 INCH6 :                       510E C |  INCH7 :                       5118 C |
 INCH8 :                       511F C | *INHEX :                        7F7 - |
*INLINE :                       7F4 - |  INUM :                        4B15 C |
*JP_NMI :                      1817 - | *JP_RST08 :                    1802 - |
*JP_RST10 :                    1805 - | *JP_RST18 :                    1808 - |
*JP_RST20 :                    180B - | *JP_RST28 :                    180E - |
*JP_RST30 :                    1811 - | *JP_RST38 :                    1814 - |
 KDOTAB :                      4036 C |  KILL :                        4A2F C |
 KONVX :                       47DB C | *KONVX1 :                      47E3 C |
 KONVX2 :                      47EB C |  KONVX3 :                      47FD C |
*LEFT :                           8 - | *LINES :                         20 - |
*LISTON :                         1 - |  LOC_4000 :                    4000 C |
 LOC_4310 :                    4326 C |  LOC_433D :                    4353 C |
 LOC_4340 :                    4356 C |  LOC_4345 :                    435B C |
 LOC_434A :                    4360 C |  LOC_4357 :                    436D C |
 AS V1.42 Beta [Bld 297] - Source File picoedas4-as.asm - Page 90 - 4/1/2026 15:28:38


 LOC_436D :                    4383 C |  LOC_437E :                    4394 C |
 LOC_4381 :                    4397 C |  LOC_4387 :                    439D C |
 LOC_4396 :                    43AC C |  LOC_4399 :                    43AF C |
 LOC_43D4 :                    43E7 C |  LOC_43D8 :                    43EB C |
 LOC_43EE :                    4401 C |  LOC_4413 :                    4426 C |
 LOC_442C :                    443F C |  LOC_442D :                    4440 C |
 LOC_4460 :                    4473 C |  LOC_4477 :                    4486 C |
 LOC_44B1 :                    44C5 C |  LOC_44BF :                    44D3 C |
 LOC_44C1 :                    44D5 C |  LOC_44DB :                    44EE C |
 LOC_44E4 :                    44F7 C |  LOC_44F0 :                    4503 C |
 LOC_44F8 :                    450B C | *LOC_4501 :                    4514 C |
 LOC_4507 :                    451A C |  LOC_4514 :                    4527 C |
 LOC_4519 :                    452C C |  LOC_451A :                    452D C |
 LOC_452C :                    453F C |  LOC_453A :                    454D C |
 LOC_4543 :                    4556 C |  LOC_455C :                    456F C |
 LOC_4565 :                    4578 C |  LOC_457E :                    4591 C |
 LOC_459B :                    45AE C |  LOC_45A3 :                    45B6 C |
 LOC_45C0 :                    45D3 C | *LOC_45E0 :                    45F1 C |
 LOC_45F2 :                    4603 C |  LOC_45F8 :                    4609 C |
 LOC_45FA :                    460B C |  LOC_4617 :                    4620 C |
 LOC_4649 :                    4650 C |  LOC_4664 :                    466B C |
 LOC_4677 :                    467E C |  LOC_467C :                    4683 C |
 LOC_4685 :                    468C C |  LOC_4686 :                    468D C |
 LOC_46A4 :                    46AB C |  LOC_46AA :                    46B1 C |
 LOC_46D7 :                    46DD C |  LOC_46D9 :                    46DF C |
 LOC_46F1 :                    46F7 C |  LOC_46F8 :                    46FE C |
 LOC_46FD :                    4703 C |  LOC_4718 :                    471E C |
 LOC_472C :                    4731 C |  LOC_4732 :                    4737 C |
 LOC_4738 :                    473C C |  LOC_473A :                    473E C |
 LOC_473D :                    4741 C |  LOC_474C :                    4750 C |
 LOC_4773 :                    4777 C |  LOC_477A :                    477E C |
 LOC_4783 :                    4787 C |  LOC_4786 :                    478A C |
 LOC_4795 :                    4799 C |  LOC_47A0 :                    47A4 C |
 LOC_47A3 :                    47A7 C |  LOC_47B5 :                    47B9 C |
 LOC_47C3 :                    47C7 C |  LOC_4803 :                    4807 C |
 LOC_4809 :                    480D C |  LOC_483E :                    4842 C |
 LOC_484B :                    484E C |  LOC_4860 :                    4863 C |
 LOC_4863 :                    4866 C |  LOC_4864 :                    4867 C |
 LOC_4880 :                    4883 C |  LOC_488D :                    4891 C |
 LOC_48AB :                    48AB C |  LOC_48C8 :                    48C8 C |
 LOC_48D2 :                    48D2 C |  LOC_48DE :                    48DE C |
 LOC_4938 :                    4936 C |  LOC_4948 :                    4944 C |
 LOC_4963 :                    4975 C |  LOC_497A :                    4988 C |
 LOC_498A :                    4992 C |  LOC_4993 :                    499B C |
 LOC_4999 :                    49A1 C |  LOC_49D5 :                    49DC C |
 LOC_49DD :                    49E4 C |  LOC_49E1 :                    49E8 C |
 LOC_49F3 :                    49FA C |  LOC_4A19 :                    4A13 C |
 LOC_4A42 :                    4A3C C |  LOC_4A4C :                    4A46 C |
 LOC_4A53 :                    4A4D C |  LOC_4A8C :                    4A81 C |
 LOC_4A99 :                    4A8E C |  LOC_4AA7 :                    4A9C C |
 LOC_4AB7 :                    4AAC C |  LOC_4AB9 :                    4AAE C |
 LOC_4B0B :                    4AFE C |  LOC_4B1F :                    4B12 C |
 LOC_4B2E :                    4B21 C |  LOC_4B30 :                    4B23 C |
 LOC_4B70 :                    4B74 C |  LOC_4B7A :                    4B7E C |
 LOC_4BB7 :                    4BBF C |  LOC_4BBC :                    4BC4 C |
 LOC_4BE6 :                    4BE8 C |  LOC_4C3A :                    4C54 C |
 LOC_4C4C :                    4C66 C |  LOC_4C54 :                    4C6E C |
 LOC_4C6B :                    4C84 C |  LOC_4C73 :                    4C8C C |
 LOC_4C80 :                    4C99 C |  LOC_4CA2 :                    4CBB C |
 LOC_4CC0 :                    4CD8 C |  LOC_4CC9 :                    4CE1 C |
 AS V1.42 Beta [Bld 297] - Source File picoedas4-as.asm - Page 91 - 4/1/2026 15:28:38


 LOC_4CD4 :                    4CEC C |  LOC_4CE2 :                    4CFA C |
 LOC_4CFB :                    4D13 C |  LOC_4D01 :                    4D19 C |
 LOC_4D0E :                    4D26 C |  LOC_4D47 :                    4D56 C |
 LOC_4D70 :                    4D85 C |  LOC_4D9D :                    4DA8 C |
*LOC_4DA9 :                    4DAB C |  LOC_4DCC :                    4DC8 C |
 LOC_4DDD :                    4DD9 C |  LOC_4DF8 :                    4DF4 C |
 LOC_4E04 :                    4E00 C |  LOC_4E29 :                    4E25 C |
 LOC_4E43 :                    4E3F C |  LOC_4E46 :                    4E42 C |
 LOC_4E48 :                    4E44 C |  LOC_4E4B :                    4E47 C |
 LOC_4E80 :                    4E7C C |  LOC_4E8E :                    4E8E C |
 LOC_4E93 :                    4E9A C |  LOC_4E9A :                    4EA1 C |
 LOC_4EAA :                    4EB1 C |  LOC_4EB5 :                    4EBB C |
 LOC_4EB8 :                    4EBE C |  LOC_4EB9 :                    4EBF C |
 LOC_4EC9 :                    4ECF C |  LOC_4ECC :                    4ED2 C |
 LOC_4ECF :                    4ED5 C |  LOC_4EE5 :                    4EEB C |
 LOC_4EE8 :                    4EEE C |  LOC_4EF5 :                    4EFB C |
 LOC_4F04 :                    4F0B C |  LOC_4F09 :                    4F10 C |
 LOC_4F10 :                    4F17 C |  LOC_4F14 :                    4F1B C |
 LOC_4F33 :                    4F3A C |  LOC_4F5A :                    4F61 C |
 LOC_4F64 :                    4F6B C |  LOC_4F66 :                    4F6D C |
 LOC_4F6B :                    4F72 C |  LOC_4F70 :                    4F77 C |
 LOC_4F78 :                    4F7F C |  LOC_4F7C :                    4F83 C |
 LOC_4F82 :                    4F89 C |  LOC_4F9A :                    4FA1 C |
 LOC_4F9E :                    4FA5 C |  LOC_4FA3 :                    4FAA C |
 LOC_4FAD :                    4FB4 C |  LOC_4FBD :                    4FC4 C |
 LOC_4FC1 :                    4FC8 C |  LOC_4FDD :                    4FE4 C |
 LOC_4FE2 :                    4FF0 C |  LOC_4FE9 :                    4FE9 C |
 LOC_4FED :                    4FED C |  LOC_5045 :                    5045 C |
 LOC_5047 :                    5047 C |  LOC_5079 :                    509E C |
 LOC_516E :                    5181 C |  LOC_5175 :                    5188 C |
 LOC_518C :                    519F C |  LOC_5198 :                    51AB C |
 LOC_519C :                    51AF C |  LOC_519E :                    51B1 C |
 LOC_51B4 :                    51C7 C |  LOC_51CE :                    51E1 C |
 LOC_51D1 :                    51E4 C |  LOC_51DB :                    51EE C |
 LOC_51E6 :                    51F9 C |  LOC_51F0 :                    5203 C |
 LOC_51FB :                    520E C |  LOC_520E :                    5221 C |
 LOC_521B :                    522E C |  LOC_521E :                    5231 C |
 LOC_5231 :                    5244 C |  LOC_5247 :                    525A C |
 LOC_5290 :                    52A3 C |  LOC_52B9 :                    52CC C |
 LOC_52C3 :                    52D6 C |  LOC_52F7 :                    530A C |
 LOC_52FC :                    530F C |  LOC_5319 :                    532C C |
 LOC_532F :                    5342 C |  LOC_533B :                    534E C |
 LOC_5360 :                    5373 C |  LOC_537E :                    5391 C |
 LOC_53C4 :                    53DC C |  LOC_53CF :                    53E7 C |
 LOC_53E5 :                    53FD C | *LOC_53FC :                    541A C |
 LOC_5414 :                    5432 C |  LOC_541E :                    543C C |
 LOC_542C :                    544A C |  LOC_5436 :                    5454 C |
 LOC_5477 :                    5477 C |  LOC_5488 :                    5488 C |
 LOC_54A9 :                    54A9 C |  LOC_54AE :                    54AE C |
 LOC_54B3 :                    54B3 C |  LOC_54B9 :                    54B9 C |
 LOC_54C2 :                    54C2 C |  LOC_54F5 :                    54F5 C |
 LOC_552E :                    552E C |  LOC_555F :                    555F C |
 LOC_556D :                    556D C |  LOC_5575 :                    5575 C |
 LOC_5581 :                    5581 C |  LOC_559E :                    559E C |
 LOC_55BD :                    55BD C |  LOC_55C6 :                    55C6 C |
 LOC_55CC :                    55CC C |  LOC_55D0 :                    55D0 C |
 LOC_55EA :                    55EA C |  LOC_5610 :                    5610 C |
 LOC_5657 :                    5657 C |  LOC_567E :                    567E C |
 LOC_568B :                    568B C |  LOC_56C9 :                    56C9 C |
 LOC_571D :                    571D C |  LOC_5769 :                    5769 C |
 AS V1.42 Beta [Bld 297] - Source File picoedas4-as.asm - Page 92 - 4/1/2026 15:28:38


 LOC_576D :                    576D C |  LOC_5783 :                    5783 C |
 LOC_57AA :                    57AA C |  LOC_585A :                    585A C |
 LOC_5958 :                    5958 C |  LOC_5C27 :                    5C27 C |
 LOC_5D8D :                    5D8D C |  LOC_5E3D :                    5E3D C |
 LOC_5F9B :                    5F9B C |  LOC_5FAB :                    5FAB C |
*MACEXP :                         7 - |  MARK :                        51EB C |
 MC_OFS :                     0FE0A - | *MOMCPU :                        80 - |
*MOMCPUNAME :                 "Z80" - | *MONX_VERSION :                 800 - |
 MOVE :                        5279 C |  MS30 :                         7EB - |
*NESTMAX :                      100 - |  NNUM :                        5236 C |
 OC_BAKDEL :                   5076 C |  OC_CLS :                      504D C |
 OC_CR :                       50DB C |  OC_CR1 :                      50E4 C |
 OC_DEL :                      505D C |  OC_DOWN :                     50BC C |
 OC_DOWN1 :                    50BF C |  OC_END :                      50C7 C |
 OC_END1 :                     50CA C |  OC_FIRSTC :                   50B7 C |
 OC_INS :                      507B C |  OC_LEFT :                     5070 C |
 OC_RIGHT :                    5073 C |  OC_TAB :                      50A3 C |
 OC_TAB1 :                     50A9 C |  OC_UP :                       50C2 C |
 OFF_4006 :                    4006 C |  OPTIONS :                     4935 C |
 ORIG_SV :                    0FEA0 - | *OUTCH :                         10 - |
 OUTCH0 :                      4FF7 C |  OUTHEX :                       7EE - |
 OUTHL :                        7F1 - |  OUTHLS :                      518C C |
 OUTX :                        50CF C |  PDELAY :                      497F C |
*PICO :                        0FFE - | *PICOMW :                       843 - |
*PIO2CA :                        0A - | *PIO2CB :                        0B - |
*PIO2DA :                         8 - | *PIO2DB :                         9 - |
*PIOCA :                          6 - | *PIOCB :                          7 - |
*PIODA :                          4 - | *PIODB :                          5 - |
*PRNST :                         18 - |  PRNST0 :                      48E9 C |
 PRNST1 :                      48EA C | *PRNTXA :                       81C - |
 PUT :                         4984 C |  P_BUFBEG :                   0FE75 - |
 QCNT :                           0 - |  QRDC_0 :                       'Z' - |
 QRDC_1 :                       'Z' - |  QRDC_2 :                       'Z' - |
 QRDC_3 :                       'Z' - |  QRDC_4 :                       'Z' - |
 QRDC_5 :                       'Z' - |  QRDC_6 :                       'Z' - |
 QUIT :                        5135 C | *RAM :                         1800 - |
 RAMA :                       0FD00 - | *RDBYTE :                       84C - |
*RDSYNC :                       849 - | *RELAXED :                        0 - |
 RENUM :                       4997 C |  RESOPT :                      492E C |
 REUSE :                       4908 C | *RIGHT :                          9 - |
*ROM :                            0 - |  SEARCH :                      49BC C |
 SEC :                         53A2 C |  SETCU :                       463F C |
 SETOPT :                      4928 C | *SOIL :                        181A - |
*SPC :                           20 - |  SUB_4306 :                    431C C |
 SUB_439F :                    43B5 C |  SUB_43AD :                    43C3 C |
 SUB_43B1 :                    43C7 C |  SUB_43B5 :                    43CB C |
 SUB_43C2 :                    43D5 C |  SUB_43EB :                    43FE C |
 SUB_4404 :                    4417 C |  SUB_441F :                    4432 C |
 SUB_442B :                    443E C |  SUB_4435 :                    4448 C |
 SUB_4442 :                    4455 C |  SUB_444E :                    4461 C |
 SUB_4459 :                    446C C |  SUB_4466 :                    4479 C |
 SUB_4473 :                    4482 C |  SUB_4480 :                    448F C |
 SUB_44A6 :                    44BA C |  SUB_44D9 :                    44EC C |
 SUB_453D :                    4550 C |  SUB_456C :                    457F C |
 SUB_45F5 :                    4606 C |  SUB_4623 :                    462B C |
 SUB_4635 :                    463C C |  SUB_4642 :                    4649 C |
 SUB_4647 :                    464E C |  SUB_464F :                    4656 C |
 SUB_4660 :                    4667 C |  SUB_4661 :                    4668 C |
 SUB_4663 :                    466A C |  SUB_4694 :                    469B C |
 SUB_4699 :                    46A0 C |  SUB_46B2 :                    46B9 C |
 AS V1.42 Beta [Bld 297] - Source File picoedas4-as.asm - Page 93 - 4/1/2026 15:28:38


 SUB_46BC :                    46C2 C |  SUB_46BE :                    46C4 C |
 SUB_47C6 :                    47CA C |  SUB_486A :                    486D C |
 SUB_4875 :                    4878 C |  SUB_48B1 :                    48B1 C |
 SUB_48B6 :                    48B6 C |  SUB_48BE :                    48BE C |
 SUB_48C4 :                    48C4 C |  SUB_48D1 :                    48D1 C |
 SUB_48E1 :                    48E1 C |  SUB_48F5 :                    48F3 C |
 SUB_4A3A :                    4A34 C |  SUB_4B34 :                    4B27 C |
 SUB_4CAD :                    4CC6 C |  SUB_4CB6 :                    4CCF C |
 SUB_4D22 :                    4D33 C |  SUB_4D26 :                    4D37 C |
 SUB_4D34 :                    4D45 C |  SUB_4DCF :                    4DCB C |
 SUB_4FC0 :                    4FC7 C |  SUB_5073 :                    5098 C |
 SUB_515E :                    5171 C |  SUB_5169 :                    517C C |
 SUB_5180 :                    5193 C |  SUB_51BD :                    51D0 C |
 SUB_5253 :                    5266 C |  SUB_5257 :                    526A C |
 SUB_52CA :                    52DD C |  SUB_5303 :                    5316 C |
 SUB_533D :                    5350 C |  SUB_5417 :                    5435 C |
 SUB_5440 :                    5FFD C |  SUB_545D :                    545D C |
 SUB_546B :                    546B C |  SUB_5472 :                    5472 C |
 SUB_5480 :                    5480 C |  SUB_5562 :                    5562 C |
 SUB_5568 :                    5568 C |  SUB_557B :                    557B C |
 SUB_55AC :                    55AC C |  SUB_565D :                    565D C |
 SUB_5772 :                    5772 C |  SUB_577F :                    577F C |
 SV_INIT :                     514A C |  SV_RESTORE :                  5129 C |
 SWAP :                        53BA C | *SYSSK :                       1856 - |
 TASTE :                        7FA - |  TASTEC :                      4FBB C |
 TEMP :                         "0" - | *TIME :                  "15:28:38" - |
 TRANS :                       535C C | *TRUE :                           1 - |
 TTAB :                        5091 C | *TXTBUF :                        0A - |
 TXTBUFFER :                   6000 - |  UNK_1802 :                    1802 - |
 UNK_400D :                    400D C |  UNK_409D :                    40B5 - |
 UNK_40A4 :                    40BC - |  UNK_40AA :                    40C0 C |
 UNK_428F :                    42A5 C |  UNK_42DC :                    42F2 C |
 UNK_42E4 :                    42FA C |  UNK_42E8 :                    42FE C |
 UNK_42EC :                    4302 C |  UNK_42F0 :                    4306 C |
 UNK_42F4 :                    430A C |  UNK_543F :                    5FBF C |
 UNK_54C0 :                   0FDC0 - |  UNK_54FF :                   0FDFF - |
 UNK_5504 :                   0FE04 - |  UNK_5515 :                   0FE15 - |
 UNK_551D :                   0FE1D - |  UNK_552D :                   0FE2D - |
 UNK_5530 :                   0FE30 - |  UNK_556E :                   0FE6E - |
 UNK_556F :                   0FE6F - |  UNK_5577 :                   0FE77 - |
 UNK_557A :                   0FE7A - |  UNK_559B :                   0FE9B - |
 UNK_559E :                   0FE9E - |  UNK_55B4 :                   0FEB4 - |
 UNK_55F6 :                   0FEF6 - |  UNK_55FF :                   0FEFF - |
 UNK_5600 :                   0FF00 - |  UNK_6000 :                    6000 - |
 UNK_FF00 :                   0FF00 - |  UNK_FF10 :                   0FF10 - |
 UNK_FF20 :                   0FF20 - |  UNK_FF31 :                   0FF31 - |
 UNK_FF32 :                   0FF32 - | *VERSION :                     142F - |
*VERSTR :                       837 - |  VIEW :                        498F C |
 WARM :                        4B3F C |  WARM1 :                       4BAC C |
*WARNRELATIVE :                   0 - |  WERRORS :                     4D4C C |
 WORD_54B0 :                  0FDB0 - |  WORD_54B2 :                  0FDB2 - |
 WORD_54B4 :                  0FDB4 - |  WORD_54B6 :                  0FDB6 - |
 WORD_54B8 :                  0FDB8 - |  WORD_54BA :                  0FDBA - |
 WORD_54BC :                  0FDBC - |  WORD_54BE :                  0FDBE - |
 WORD_550C :                  0FE0C - |  WORD_550E :                  0FE0E - |
 WORD_5510 :                  0FE10 - |  WORD_5512 :                  0FE12 - |
 WORD_5517 :                  0FE17 - |  WORD_5519 :                  0FE19 - |
 WORD_551B :                  0FE1B - |  WORD_5578 :                  0FE78 - |
 WORD_557C :                  0FE7C - |  WORD_5582 :                  0FE82 - |
 WORD_5585 :                  0FE85 - |  WORD_5587 :                  0FE87 - |
 AS V1.42 Beta [Bld 297] - Source File picoedas4-as.asm - Page 94 - 4/1/2026 15:28:38


 WORD_5589 :                  0FE89 - |  WORD_55F2 :                  0FEF2 - |
*WRBYTE :                       846 - | *WRHDRX :                       84F - |

    597 symbols
     92 unused symbols

 AS V1.42 Beta [Bld 297] - Source File picoedas4-as.asm - Page 95 - 4/1/2026 15:28:38


  Defined Macros:
  ---------------

DBR{NOEXPAND,EXPREST}                 |

      1 macro

 AS V1.42 Beta [Bld 297] - Source File picoedas4-as.asm - Page 96 - 4/1/2026 15:28:38


  Defined Functions:
  ------------------

BWS                                   | LO                                   
HI                                    |

 AS V1.42 Beta [Bld 297] - Source File picoedas4-as.asm - Page 97 - 4/1/2026 15:28:38


  Code Pages:
  ----------

STANDARD (0 changed characters)

1 code page

0.05 seconds assembly time

   5040 lines source file
   5093 lines incl. macro expansions
      2 passes
      0 errors
      0 warnings
