 AS V1.42 Beta [Bld 297] - Source File picoedasC-as.asm - Page 1 - 4/1/2026 11:57:29


       1/   0 :                         ; File Name   :	d:\hobby3\ac1-2010\edas\EDAS4_4000_544F_4000.bin
       2/   0 :                         ; Format      :	Binary file
       3/   0 :                         ; Base Address:	0000h Range: 4000h - 5450h Loaded length: 1450h
       4/   0 :                         ; Segment type:	Pure code
       5/   0 :                         
       6/   0 :                         ; VERSION c:\MyUser\hobby3\ac1-2010\edas\picoedas\picoEDAS4.z80
       7/   0 :                         ; R. Weidlich Anpassung
       8/   0 :                         
       9/   0 :                         		cpu	z80
      10/   0 :                         
      11/   0 :                         		;include	ac1-acc.asm
      12/   0 :                         		include	ac1-monx.asm
(1)    1/   0 :                         ;------------------------------------------------------------------------------
(1)    2/   0 :                         ;AC1-pico include-Datei
(1)    3/   0 :                         ;Volker Pohlers, Neustadt i.H., 09.03.2024
(1)    4/   0 :                         ;------------------------------------------------------------------------------
(1)    5/   0 :                         
(1)    6/   0 :                         
(1)    7/   0 :                         ;------------------------------------------------------------------------------
(1)    8/   0 :                         ; Makros
(1)    9/   0 :                         ;------------------------------------------------------------------------------
(1)   10/   0 :                         
(1)   11/   0 :                         hi              function x, (x>>8) & 0ffh	; High-Byte
(1)   12/   0 :                         lo              function x, x & 0ffh		; Low-Byte
(1)   13/   0 :                         ; bws(zeile 0..31, spalte 0..63) analog print_at
(1)   14/   0 :                         bws		function z, s, 17FFh-z*64-s
(1)   15/   0 :                         
(1)   16/   0 :                         ;reverse db via locals
(1)   17/   0 :                         dbr		MACRO	name,{NOEXPAND},{EXPREST}
(1)   18/   0 :                         qcnt		eval	0
(1)   19/   0 :                         		irpc	x,name
(1)   20/   0 :                         temp		eval	"\{qcnt}"
(1)   21/   0 :                         qrdc_{temp}	eval 	'x'
(1)   22/   0 :                         qcnt		eval	qcnt+1
(1)   23/   0 :                         		endm
(1)   24/   0 :                         		rept	qcnt
(1)   25/   0 :                         qcnt		eval	qcnt-1
(1)   26/   0 :                         temp		eval	"\{qcnt}"
(1)   27/   0 :                         		DB	qrdc_{temp}
(1)   28/   0 :                         		endm
(1)   29/   0 :                         		endm
(1)   30/   0 :                         ;	dbr "TEST"
(1)   31/   0 :                         
(1)   32/   0 :                         ;------------------------------------------------------------------------------
(1)   33/   0 :                         ; Speicheradressen
(1)   34/   0 :                         ;------------------------------------------------------------------------------
(1)   35/   0 :                         
(1)   36/   0 : =0H                     ROM		equ	0000h
(1)   37/   0 : =800H                   BASIC		equ	0800h
(1)   38/   0 : =1000H                  BWS		equ	1000h
(1)   39/   0 : =1800H                  RAM		equ	1800h
(1)   40/   0 :                         ; BWS
(1)   41/   0 : =40H                    COLS		equ	64
(1)   42/   0 : =20H                    LINES		equ	32
(1)   43/   0 :                         ; 01000H Bildschirmende (rechts unten !!)
(1)   44/   0 :                         ; 017FFH Bildschirmanfang (links oben !!)
(1)   45/   0 :                         
(1)   46/   0 : =1800H                  cupos:		equ	1800h		; Cursorposition (Adr im RAM)
(1)   47/   0 : =1802H                  jp_rst08:	equ	1802h		; jp	rinch
(1)   48/   0 : =1805H                  jp_rst10:	equ	1805h		; jp	routch
 AS V1.42 Beta [Bld 297] - Source File picoedasC-as.asm(ac1-monx.asm) - Page 2 - 4/1/2026 11:57:29


(1)   49/   0 : =1808H                  jp_rst18:	equ	1808h		; jp	rprnst
(1)   50/   0 : =180BH                  jp_rst20:	equ	180Bh		; jp	0FFFFh
(1)   51/   0 : =180EH                  jp_rst28:	equ	180Eh		; jp	0FFFFh
(1)   52/   0 : =1811H                  jp_rst30:	equ	1811h		; jp	0FFFFh
(1)   53/   0 : =1814H                  jp_rst38:	equ	1814h		; jp	rError
(1)   54/   0 : =1817H                  jp_nmi:		equ	1817h		; jp NMI-Routine
(1)   55/   0 : =181AH                  soil:		equ	181Ah		; Beginn Eingabezeile
(1)   56/   0 : =1856H                  syssk:		equ	1856h		; System-Stack
(1)   57/   0 : =1858H                  data:		equ	1858h		; interner Speicher f. Monitor
(1)   58/   0 : =185BH                  ARG1:		equ	185Bh		; Kdo-Argument 1
(1)   59/   0 : =185DH                  ARG2:		equ	185Dh		; Kdo-Argument 2
(1)   60/   0 : =185FH                  ARG3:		equ	185Fh		; Kdo-Argument 3
(1)   61/   0 :                         
(1)   62/   0 :                         ; erw. picoAC1 ->  ORG  1880H
(1)   63/   0 :                         ; Systemzellen der pico-Erw.
(1)   64/   0 :                         ; nicht direkt zugreifen ! --> FGETSY OFFS in HL!
(1)   65/   0 :                         
(1)   66/   0 : =0H                     FRESCO EQU 0    ;Fehlercode ext. Save/Load
(1)   67/   0 : =2H                     FLEN   EQU 2    ;Laenge des Speicherblocks
(1)   68/   0 : =4H                     FPOS   EQU 4    ;Position des akt Zeichens
(1)   69/   0 : =6H                     FRESV  EQU 6    ;Reserve fuer Erweiterung
(1)   70/   0 : =8H                     FTYPE  EQU 8    ;Filetyp
(1)   71/   0 : =9H                     BUFLEN EQU 9    ;max Textpuffer
(1)   72/   0 : =0AH                    TXTBUF EQU 10 	;Textpuffer (Name)
(1)   73/   0 : =19H                    FCSUM  EQU 19h   ;Zwischenerg.CSum
(1)   74/   0 :                         
(1)   75/   0 :                         
(1)   76/   0 :                         ;------------------------------------------------------------------------------
(1)   77/   0 :                         ; I/O-Adressen
(1)   78/   0 :                         ;------------------------------------------------------------------------------
(1)   79/   0 :                         
(1)   80/   0 : =0H                     CTC0		equ	0
(1)   81/   0 : =1H                     CTC1		equ	1
(1)   82/   0 : =2H                     CTC2		equ	2
(1)   83/   0 : =3H                     CTC3		equ	3
(1)   84/   0 :                         
(1)   85/   0 : =4H                     PIODA		equ	4		; Tastatur
(1)   86/   0 : =5H                     PIODB		equ	5		; Grafik/Ton
(1)   87/   0 : =6H                     PIOCA		equ	6
(1)   88/   0 : =7H                     PIOCB		equ	7
(1)   89/   0 :                         
(1)   90/   0 : =8H                     PIO2DA		equ	8
(1)   91/   0 : =9H                     PIO2DB		equ	9
(1)   92/   0 : =0AH                    PIO2CA		equ	0Ah
(1)   93/   0 : =0BH                    PIO2CB		equ	0Bh
(1)   94/   0 :                         
(1)   95/   0 : =1EH                    cpmumsch	equ	1Eh		; Bit0=1 64K RAM aktiv
(1)   96/   0 :                         
(1)   97/   0 :                         ;------------------------------------------------------------------------------
(1)   98/   0 :                         ; Monitor-Funktionen
(1)   99/   0 :                         ;------------------------------------------------------------------------------
(1)  100/   0 :                         ;
(1)  101/   0 :                         
(1)  102/   0 :                         ; allg. AC1
(1)  103/   0 : =8H                     inch		equ	0008h
(1)  104/   0 : =10H                    outch		equ	0010h
(1)  105/   0 : =18H                    prnst		equ	0018h
(1)  106/   0 :                         
(1)  107/   0 : =7EBH                   MS30		equ	07EBh		; 30 ms	warten
(1)  108/   0 : =7EEH                   OUTHEX		equ	07EEh		; Ausgabe A  hexadezimal
 AS V1.42 Beta [Bld 297] - Source File picoedasC-as.asm(ac1-monx.asm) - Page 3 - 4/1/2026 11:57:29


(1)  109/   0 : =7F1H                   OUTHL		equ	07F1h		; Ausgabe HL hexadezimal
(1)  110/   0 : =7F4H                   INLINE		equ	07F4h		; Zeile	eingeben, Adr steht in soil
(1)  111/   0 : =7F7H                   INHEX		equ	07F7h		; konv.	ASCII-Hex ab (DE) abwärts nach HL
(1)  112/   0 : =7FAH                   TASTE		equ	07FAh		; testet den Tastaturstatus, ret Z=1 keine Taste, sonst	A=Code
(1)  113/   0 : =7FDH                   GETCO1		equ	07FDh		; Sprung zur Monitoreingabeschleife
(1)  114/   0 :                         
(1)  115/   0 :                         ; picoac1 monx
(1)  116/   0 :                         
(1)  117/   0 : =0FFEH                  pico		equ	0FFEH		; Kennung picoAC1 ( = 'pi')
(1)  118/   0 : =800H                   monx_version	equ	0800h		; Ausgabe Versionsstring f.Ueberschrift
(1)  119/   0 :                         
(1)  120/   0 :                         ; Sprungverteiler Monitorerweiterung -------
(1)  121/   0 :                         
(1)  122/   0 :                         ; Sprungverteiler V1.0.3
(1)  123/   0 : =810H                   CLRBUF		EQU  0810H		;Namebuffer loeschen
(1)  124/   0 : =813H                   FGETSY		EQU  0813H		;Re:Zeiger auf SysRAM
(1)  125/   0 : =816H                   GETTXT		EQU  0816H		;EingabeTxt ab SOIL v.BWS
(1)  126/   0 : =819H                   GETTX0		EQU  0819H		;EingabeTxt ab HL vom BWS
(1)  127/   0 : =81CH                   PRNTXA		EQU  081CH		;A -> Druckdatei
(1)  128/   0 : =81FH                   CRC16		EQU  081FH		;CRC-Summe Speicherbereic
(1)  129/   0 : =822H                   FOPENW		EQU  0822H		;ext. Datei open write
(1)  130/   0 : =825H                   FCHRW		EQU  0825H		;Byte in ext.Datei schr.
(1)  131/   0 : =828H                   FBLKW		EQU  0828H		;Speicheblock in ext.schr
(1)  132/   0 : =82BH                   FOPENR		EQU  082BH		;ext.Datei open	read
(1)  133/   0 : =82EH                   FCHRR		EQU  082EH		;Byte aus ext.Datei lesen
(1)  134/   0 : =831H                   FBLKR		EQU  0831H		;Speicherblock lesen
(1)  135/   0 : =834H                   FGETRE		EQU  0834H		;ResCode FileOP	Z/0000=Ok
(1)  136/   0 : =837H                   VERSTR		EQU  0837H		;Ausgabe Versionsstr.
(1)  137/   0 : =83AH                   FGETLS		EQU  083AH		;Anforderung Dateiliste
(1)  138/   0 : =83DH                   FGETDR		EQU  083DH		;Anforderung Verz.liste
(1)  139/   0 : =840H                   GETIME		EQU  0840H		;Zeit ->ARG1..3
(1)  140/   0 :                         ; ZCOM - low level
(1)  141/   0 : =843H                   PICOMW		EQU  0843H		;Verbindung oeffnen
(1)  142/   0 : =846H                   WRBYTE		EQU  0846H		;Byte in ZCOM schreiben
(1)  143/   0 : =849H                   RDSYNC		EQU  0849H		;Antwort pIO synchronis.
(1)  144/   0 : =84CH                   RDBYTE		EQU  084CH		;Byte v. ZCOM abholen
(1)  145/   0 : =84FH                   WRHDRX		EQU  084FH		;Zeichenkette (BWS)->ZCOM
(1)  146/   0 :                         
(1)  147/   0 :                         ;------------------------------------------------------------------------------
(1)  148/   0 :                         ; Zeichen
(1)  149/   0 :                         ;------------------------------------------------------------------------------
(1)  150/   0 :                         
(1)  151/   0 :                         ; ac1
(1)  152/   0 : =8H                     BS		equ	08h		; backspace
(1)  153/   0 : =0CH                    CLS		equ	0Ch		; Bildschirm löschen
(1)  154/   0 : =0DH                    CR		equ	0Dh		; neue Zeile	(co: NL, = CR+LF)
(1)  155/   0 : =20H                    SPC		EQU	20H		; Leerzeichen
(1)  156/   0 :                         
(1)  157/   0 :                         ; ac1 BASIC 1.1
(1)  158/   0 : =8H                     LEFT:		equ 	08h		; Kursor nach links
(1)  159/   0 : =9H                     RIGHT:		equ 	09h		; Kursor nach rechts
(1)  160/   0 :                         ;DOWN:		equ 	0Ah		; Kursor nach unten
(1)  161/   0 :                         ;UP:		equ 	0Bh		; Kursor nach oben
(1)  162/   0 :                         
(1)  163/   0 :                         ; EDIT 4.1 FA 07+08/87
(1)  164/   0 :                         
(1)  165/   0 :                         ; -Cursorfunktionen: backspace      Ø8H (64AFH)
(1)  166/   0 :                         ;                    horizontal tab.Ø9H (64B4H)
(1)  167/   0 :                         ;                    line feed      ØAH (64B9H)
(1)  168/   0 :                         ;                    vertical tab.  ØBH (64BEH)
 AS V1.42 Beta [Bld 297] - Source File picoedasC-as.asm(ac1-monx.asm) - Page 4 - 4/1/2026 11:57:29


(1)  169/   0 :                         ;                    carriage ret.  14H (64C7H)
(1)  170/   0 :                         ;
(1)  171/   0 :                         ;                    carriage ret.
(1)  172/   0 :                         ;                    +line feed     ØDH (64AAH)
(1)  173/   0 :                         ;
(1)  174/   0 :                         ;                    vertical tab.  17H (64DCH)
(1)  175/   0 :                         ;                    (zum naechsten
(1)  176/   0 :                         ;                     Wort  in  der
(1)  177/   0 :                         ;                     darueber lie-
(1)  178/   0 :                         ;                     genden Zeile)
(1)  179/   0 :                         ;
(1)  180/   0 :                         ; -Zeichen           einfuegen      Ø5H (64E1H)
(1)  181/   0 :                         ;                    loeschen       13H (64E6H)
(1)  182/   0 :                         ;
(1)  183/   0 :                         ; -Zeile             einfuegen      Ø1H (64D2H)
(1)  184/   0 :                         ;                    loeschen       Ø2H (64CDH;6616H)
(1)  185/   0 :                         ;
(1)  186/   0 :                         ; -Bild rollen       nach oben      11H (64C3H)
(1)  187/   0 :                         ;                    nach unten     15H (64C8H)
(1)  188/   0 :                         ;
(1)  189/   0 :                         ; -Ruecksprung ins   Menu           Ø3H (64EBH;6457H)
(1)  190/   0 :                         ;                                             (+BIT7)
(1)  191/   0 :                         ;
(1)  192/   0 :                         ; -Shiftarretierung                 12H (6445H;6453H)
(1)  193/   0 :                         ;                                       (  +Bit 7   )
(1)  194/   0 :                         
(1)  195/   0 :                         ; CPM 1.5 FA
(1)  196/   0 :                         
(1)  197/   0 :                         ; Bildschirm-Steuerzeichen, SCP-kompatibel
(1)  198/   0 :                         ; 00h            NOP (keine Wirkung)
(1)  199/   0 :                         ; 01h            Cursor links oben (home)
(1)  200/   0 :                         ; 07h            akustisches  Zeichen an  Tastatur
(1)  201/   0 :                         ; 08h            Cursor zurueck
(1)  202/   0 :                         ; 0ah            Linefeed (neue Zeile)
(1)  203/   0 :                         ; 0ch            Bildschirm  loeschen (verzoegert zum Lesen  der
(1)  204/   0 :                         ;                zuletzt ausgegebenen Bildschirmzeilen), Cursor
(1)  205/   0 :                         ;                links oben
(1)  206/   0 :                         ; 0dh            Carriage Return (an Zeilenanfang)
(1)  207/   0 :                         ; 14h            Rest des Bildschirms loeschen
(1)  208/   0 :                         ; 15h            Cursor nach rechts
(1)  209/   0 :                         ; 16h            Rest der Zeile loeschen
(1)  210/   0 :                         ; 18h            Zeile loeschen, Cursor an Zeiilenanfang
(1)  211/   0 :                         ; 1ah            Cursor eine Zeile hoch
(1)  212/   0 :                         ; 1bh            Einleitung  Cursorpositionierfolge, die naech-
(1)  213/   0 :                         ;                sten beiden Bytes beinhalten Zeile und  Spalte
(1)  214/   0 :                         ;                Offset 00h oder 80h
(1)  215/   0 :                         ; 7fh            Delete (streichen Zeichen links vom Kursor)
(1)  216/   0 :                         
      13/   0 :                         ;System
      14/   0 :                         ; ARG1:
      15/   0 :                         ; ARG2:
      16/   0 :                         ; ARG3:
      17/   0 :                         ; GETCO1:
      18/   0 :                         ; MS30:
      19/   0 :                         ; OUTHEX:
      20/   0 :                         ; OUTHL:
      21/   0 :                         ; TASTE:
      22/   0 :                         ; cupos:
      23/   0 :                         ; data:
      24/   0 :                         
 AS V1.42 Beta [Bld 297] - Source File picoedasC-as.asm - Page 5 - 4/1/2026 11:57:29


      25/   0 :                         ; EDAS arbeitet viel mit fixen Adressen im BWS-Speicher!
      26/   0 :                         ; Beachte, dass beim AC1 der BWS-Speicher rückwärts zu nutzen ist.
      27/   0 :                         
      28/   0 :                         
      29/   0 : =1802H                  unk_1802:	equ	1802h		; Adr. Sprungverteiler Monitor
      30/   0 :                         
      31/   0 :                         
      32/   0 :                         ; e2.bin ist edas auf 1000 gelinkt
      33/   0 :                         ; Binärvergleich e2.bin zeap20.bin
      34/   0 :                         ; Bereich unk_40A8..sub_4473-4 entspricht fast 100% zeap20
      35/   0 :                         ; Ausnahme 3 Byte 43BF
      36/   0 :                         
      37/   0 :                         
      38/C000 :                         		org 0c000h
      39/C000 :                         
      40/C000 : C3 45 CB                loc_4000:	jp	COLD
      41/C003 : C3 3F CB                		jp	WARM
      42/C006 :                         ; Defaultwerte
      43/C006 :                         ; Bereich wird nach 5500h kopiert (30h Bytes)
      44/C006 : 00 60                   off_4006:	dw txtbuffer		; BUFBEG	Editierpufferanfang
      45/C008 : FF BF                   		dw 0BFFFh		; BUFEND	Editierpufferende
      46/C00A :                         		;;jp	MS30		; unk_5504	JP Druckerausgabe (Zeichen in A)
      47/C00A : C3 1C 08                		jp 081Ch
      48/C00D :                         ;unk_400D-unk_543F unveränderlicher Programmbereich (CHKSUM)
      49/C00D : 00                      unk_400D:	db    0              	; byte_5507	Assembleroptionen
      50/C00E : 00                      		db    0                 ; byte_5508	Ausgabeverzögerung Druck
      51/C00F : 00                      		db    0			; byte_5509	Ausgabeverzögerung BWS
      52/C010 : 00 00                   		dw    0                 ; mc_ofs	offset for code generation
      53/C012 : FF FF                   		dw 0FFFFh               ; word_550C	MC-Adr.
      54/C014 : FF FF                   		dw 0FFFFh               ; word_550E	ENT-Adresse
      55/C016 : 00 00                   		dw    0                 ; word_5510	Zeilennummer
      56/C018 : 00 00                   		dw    0                 ; word_5512	ausgegebene Zeilennummer
      57/C01A : 19                      		db  25                  ; byte_5514	Seitengröße auf Bildschirm
      58/C01B : 36 C0                   		dw kdotab               ; unk_5515
      59/C01D : C0 C0                   		dw unk_40AA             ; word_5517	Parse Tree Mnemonics
      60/C01F : A5 C2                   		dw unk_428F             ; word_5519	Parse Tree Register
      61/C021 : 0A C3                   		dw unk_42F4             ; word_551B	Tokenklassen Register,Flags
      62/C023 : 91                      		db  91h		        ; unk_551D	Zeichenklassen Spezialzeichen
      63/C024 : 20                      		db  ' '	        	; 551E
      64/C025 : 2C                      		db  ','	        	; 551F
      65/C026 : 98                      		db  98h		        ; 5520
      66/C027 : 3B                      		db  ';'	        	; 5521		Kommentar
      67/C028 : 00                      		db    0 	        ; 5522		Zeilenende
      68/C029 : 82                      		db  82h		        ; 5523
      69/C02A : 2B                      		db  '+'	        	; 5524
      70/C02B : 29                      		db  ')'	        	; 5525
      71/C02C : 27                      		db  '\''          	; 5526
      72/C02D : C0                      		db 0C0h		        ; 5527
      73/C02E : 24                      		db  '$'	        	; 5528
      74/C02F : A0                      		db 0A0h		        ; 5529
      75/C030 : 23                      		db  '#'	        	; 552A
      76/C031 : 22                      		db  '"'	        	; 552B
      77/C032 : 80                      		db  80h		        ; 552C		sonstiges
      78/C033 : 00                      		db    0 	        ; unk_552D	das aktuelles Zeichen
      79/C034 :                         		;
      80/C034 : A0                      		db 0A0h		        ; 552E
      81/C035 : A0                      		db 0A0h		        ; 552F
      82/C036 :                         ; Ende Defaultwerte
      83/C036 :                         
      84/C036 : 56                      kdotab:		db 'V'
 AS V1.42 Beta [Bld 297] - Source File picoedasC-as.asm - Page 6 - 4/1/2026 11:57:29


      85/C037 : 8F C9                   		dw VIEW
      86/C039 : 4D                      		db 'M'
      87/C03A : EB D1                   		dw MARK
      88/C03C : 51                      		db 'Q'
      89/C03D : 35 D1                   		dw QUIT
      90/C03F : 52                      		db 'R'
      91/C040 : 97 C9                   		dw RENUM
      92/C042 : 4F                      		db 'O'
      93/C043 : 35 C9                   		dw OPTIONS
      94/C045 : 41                      		db 'A'
      95/C046 : 08 D4                   		dw ASSEMBLE
      96/C048 : 46                      		db 'F'
      97/C049 : D9 C9                   		dw FIND
      98/C04B : 58                      		db 'X'
      99/C04C : 2F CA                   		dw KILL
     100/C04E : 5A                      		db 'Z'
     101/C04F : 0B CA                   		dw CORRECT
     102/C051 : 49                      		db 'I'
     103/C052 : 15 CB                   		dw INUM
     104/C054 : 50                      		db 'P'
     105/C055 : 84 C9                   		dw PUT
     106/C057 :                         ;;		db 'Q'
     107/C057 :                         ;;		dw loc_4B2E			; error 99 illegal command
     108/C057 : 48                      		db 'H'
     109/C058 : 3F C9                   		dw HEIGHT
     110/C05A : 2B                      		db '+'
     111/C05B : 28 C9                   		dw SETOPT
     112/C05D : 2D                      		db '-'
     113/C05E : 2E C9                   		dw RESOPT
     114/C060 : 57                      		db 'W'
     115/C061 : 4C CD                   		dw WERRORS
     116/C063 : 4A                      		db 'J'
     117/C064 : 7A C9                   		dw DELAY
     118/C066 : 4B                      		db 'K'
     119/C067 : 7F C9                   		dw PDELAY
     120/C069 : 47                      		db 'G'
     121/C06A : 48 C9                   		dw GO
     122/C06C : 59                      		db 'Y'
     123/C06D : 08 C9                   		dw REUSE
     124/C06F : 2F                      		db '/'
     125/C070 : BC C9                   		dw SEARCH
     126/C072 : 4E                      		db 'N'
     127/C073 : 36 D2                   		dw NNUM
     128/C075 : 43                      		db 'C'
     129/C076 : 79 D2                   		dw MOVE
     130/C078 : 54                      		db 'T'
     131/C079 : 5C D3                   		dw TRANS
     132/C07B : 53                      		db 'S'
     133/C07C : A2 D3                   		dw SEC
     134/C07E : 45                      		db 'E'
     135/C07F : BA D3                   		dw SWAP
     136/C081 : 3F                      		db  3Fh	; ?
     137/C082 : 8B D7                   		dw loc_578B
     138/C084 : 6C                      		db  6Ch	; l
     139/C085 : 93 D4                   		dw loc_5493
     140/C087 : 73                      		db  73h	; s
     141/C088 : D5 D5                   		dw loc_55D5
     142/C08A : 42                      		db  42h	; B
     143/C08B : 96 D6                   		dw loc_5696
     144/C08D : 44                      		db  44h	; D
 AS V1.42 Beta [Bld 297] - Source File picoedasC-as.asm - Page 7 - 4/1/2026 11:57:29


     145/C08E : 3F D7                   		dw loc_573F
     146/C090 : 00                      		db    0
     147/C091 :                         ;
     148/C091 :                         
     149/C091 :                         		;dbr "FREE:      END:      SEC:"
     150/C091 : 3A 54 50 4F 20 20 20 20 		db ':TPO     :CES     :DNE          :IERF'
         C099 : 20 3A 43 45 53 20 20 20
         C0A1 : 20 20 3A 44 4E 45 20 20
         C0A9 : 20 20 20 20 20 20 20 20
         C0B1 : 3A 49 45 52 46         
     151/C0B6 : =0C0B5H                 unk_409D:	equ	$-1
     152/C0B6 : (MACRO)[0]              		dbr	"ZZZZZZZ"
     152/C0B6 : =0H                     qcnt            eval    0
     152/C0B6 : ="0"                    temp            eval    "\{qcnt}"
     152/C0B6 : ='Z'                    qrdc_{temp}     eval    'Z'
     152/C0B6 : =1H                     qcnt            eval    qcnt+1
     152/C0B6 : ="1"                    temp            eval    "\{qcnt}"
     152/C0B6 : ='Z'                    qrdc_{temp}     eval    'Z'
     152/C0B6 : =2H                     qcnt            eval    qcnt+1
     152/C0B6 : ="2"                    temp            eval    "\{qcnt}"
     152/C0B6 : ='Z'                    qrdc_{temp}     eval    'Z'
     152/C0B6 : =3H                     qcnt            eval    qcnt+1
     152/C0B6 : ="3"                    temp            eval    "\{qcnt}"
     152/C0B6 : ='Z'                    qrdc_{temp}     eval    'Z'
     152/C0B6 : =4H                     qcnt            eval    qcnt+1
     152/C0B6 : ="4"                    temp            eval    "\{qcnt}"
     152/C0B6 : ='Z'                    qrdc_{temp}     eval    'Z'
     152/C0B6 : =5H                     qcnt            eval    qcnt+1
     152/C0B6 : ="5"                    temp            eval    "\{qcnt}"
     152/C0B6 : ='Z'                    qrdc_{temp}     eval    'Z'
     152/C0B6 : =6H                     qcnt            eval    qcnt+1
     152/C0B6 : ="6"                    temp            eval    "\{qcnt}"
     152/C0B6 : ='Z'                    qrdc_{temp}     eval    'Z'
     152/C0B6 : =7H                     qcnt            eval    qcnt+1
     152/C0B6 : =6H                     qcnt            eval    qcnt-1
     152/C0B6 : ="6"                    temp            eval    "\{qcnt}"
     152/C0B6 : 5A                                      DB      qrdc_{temp}
     152/C0B7 : =5H                     qcnt            eval    qcnt-1
     152/C0B7 : ="5"                    temp            eval    "\{qcnt}"
     152/C0B7 : 5A                                      DB      qrdc_{temp}
     152/C0B8 : =4H                     qcnt            eval    qcnt-1
     152/C0B8 : ="4"                    temp            eval    "\{qcnt}"
     152/C0B8 : 5A                                      DB      qrdc_{temp}
     152/C0B9 : =3H                     qcnt            eval    qcnt-1
     152/C0B9 : ="3"                    temp            eval    "\{qcnt}"
     152/C0B9 : 5A                                      DB      qrdc_{temp}
     152/C0BA : =2H                     qcnt            eval    qcnt-1
     152/C0BA : ="2"                    temp            eval    "\{qcnt}"
     152/C0BA : 5A                                      DB      qrdc_{temp}
     152/C0BB : =1H                     qcnt            eval    qcnt-1
     152/C0BB : ="1"                    temp            eval    "\{qcnt}"
     152/C0BB : 5A                                      DB      qrdc_{temp}
     152/C0BC : =0H                     qcnt            eval    qcnt-1
     152/C0BC : ="0"                    temp            eval    "\{qcnt}"
     152/C0BC : 5A                                      DB      qrdc_{temp}
     153/C0BD : =0C0BCH                 unk_40A4:	equ	$-1
     154/C0BD :                         ;
     155/C0BD : 20                      		db  20h
     156/C0BE : FF                      		db 0FFh
     157/C0BF : FF                      		db 0FFh
 AS V1.42 Beta [Bld 297] - Source File picoedasC-as.asm - Page 8 - 4/1/2026 11:57:29


     158/C0C0 :                         
     159/C0C0 :                         ; Bereich unk_40A8..unk_42F4 entspricht unverändert ZEAP20
     160/C0C0 :                         ;---------------------------------------
     161/C0C0 :                         ;
     162/C0C0 :                         ;;unk_40A8:	db  75h
     163/C0C0 :                         ;;		db    0
     164/C0C0 :                         
     165/C0C0 :                         ; Parsebaum Mnemonics
     166/C0C0 :                         ; 1. Byte letze drei Bit Scanposition
     167/C0C0 :                         ; 	b7 special code
     168/C0C0 :                         ;	b4 prefix byte ed
     169/C0C0 :                         ;	b3 prefix byte cb
     170/C0C0 :                         ;	b2..b0 scan position
     171/C0C0 :                         ; zu scannende Token (Zeichen und Zeichenklassen)
     172/C0C0 :                         ; bis zu gesetztem Bit 8
     173/C0C0 :                         ; dann folgt 1 Byte Code
     174/C0C0 :                         ; Ende Baum mit 0
     175/C0C0 :                         
     176/C0C0 : 80                      unk_40AA:	db  80h
     177/C0C1 : 00                      		db    0
     178/C0C2 :                         		; L
     179/C0C2 : 01                      		db    1			; LD A,r
     180/C0C3 : 4C                      		db  4Ch	; L
     181/C0C4 : 44                      		db  44h	; D
     182/C0C5 : 60                      		db  60h	; reg A
     183/C0C6 : 83                      		db  83h	; r
     184/C0C7 : 78                      		db  78h	; code ld a,b
     185/C0C8 :                         		;
     186/C0C8 : 04                      		db    4	 		; LD A,n
     187/C0C9 : F4                      		db 0F4h	; n
     188/C0CA : 3E                      		db  3Eh	; code ld a,n
     189/C0CB :                         		;
     190/C0CB : 04                      		db    4			; LD A,(BC)
     191/C0CC : B1                      		db 0B1h ; (BC)
     192/C0CD : 0A                      		db  0Ah	; code ld a,(bc)
     193/C0CE :                         		;
     194/C0CE : 04                      		db    4			; LD A,(DE)
     195/C0CF : E5                      		db 0E5h	; (DE)
     196/C0D0 : 1A                      		db  1Ah	; code ld a,(de)
     197/C0D1 :                         		;
     198/C0D1 : 04                      		db    4			; LD A,(NN)
     199/C0D2 : F3                      		db 0F3h	; (nn)
     200/C0D3 : 3A                      		db  3Ah	; ld a,(nn)
     201/C0D4 :                         		;
     202/C0D4 : 14                      		db  14h ; ed,4 		; LD A,I
     203/C0D5 : EC                      		db 0ECh ; reg I
     204/C0D6 : 57                      		db  57h ; code ld a,i ed 57
     205/C0D7 :                         		;
     206/C0D7 : 14                      		db  14h ; ed,4 		; LD A,R
     207/C0D8 : EE                      		db 0EEh	; reg R
     208/C0D9 : 5F                      		db  5Fh ; code ld a,r ed 5f
     209/C0DA :                         		;
     210/C0DA : 03                      		db    3 		; LD r,r'
     211/C0DB : 00                      		db    0	; r
     212/C0DC : 83                      		db  83h	; r'
     213/C0DD : 40                      		db  40h	; code LD B,B
     214/C0DE :                         		;
     215/C0DE : 04                      		db    4			; LD r,n
     216/C0DF : F4                      		db 0F4h ; n
     217/C0E0 : 06                      		db    6	; code ld b,n
 AS V1.42 Beta [Bld 297] - Source File picoedasC-as.asm - Page 9 - 4/1/2026 11:57:29


     218/C0E1 :                         		;
     219/C0E1 : 03                      		db    3			; LD HL,addr
     220/C0E2 : 62                      		db  62h	; HL
     221/C0E3 : F2                      		db 0F2h	; addr
     222/C0E4 : 21                      		db  21h	; code ld hl,nn
     223/C0E5 :                         		;
     224/C0E5 : 04                      		db    4			; LD HL,(addr)
     225/C0E6 : F3                      		db 0F3h	; (addr)
     226/C0E7 : 2A                      		db  2Ah	; code ld hl,(nn)
     227/C0E8 :                         		;
     228/C0E8 : 03                      		db    3			; LD SP,addr
     229/C0E9 : 6A                      		db  6Ah	; SP
     230/C0EA : F2                      		db 0F2h	; addr
     231/C0EB : 31                      		db  31h	; code ld sp,nn
     232/C0EC :                         		;
     233/C0EC : 04                      		db    4			; LD SP,HL
     234/C0ED : E2                      		db 0E2h	; HL
     235/C0EE : F9                      		db 0F9h	; code ld sp,hl
     236/C0EF :                         		;
     237/C0EF : 14                      		db  14h	; ed,4		; LD SP,(addr)
     238/C0F0 : F3                      		db 0F3h	; (addr)
     239/C0F1 : 7B                      		db  7Bh	; code ed 7b
     240/C0F2 :                         		;
     241/C0F2 : 03                      		db    3			; LD rr,addr
     242/C0F3 : 0C                      		db  0Ch	; rr
     243/C0F4 : F2                      		db 0F2h	; addr
     244/C0F5 : 01                      		db    1	; code ld bc,nn
     245/C0F6 :                         		;
     246/C0F6 : 14                      		db  14h	; ed,4		; LD rr,(addr)
     247/C0F7 : F3                      		db 0F3h	; (addr)
     248/C0F8 : 4B                      		db  4Bh	; code ed 4b ld bc,(nn)
     249/C0F9 :                         		;
     250/C0F9 : 03                      		db    3			; LD (addr),hl
     251/C0FA : 73                      		db  73h	; (addr)
     252/C0FB : E2                      		db 0E2h	; HL
     253/C0FC : 22                      		db  22h	; code ld (nn),hl
     254/C0FD :                         		;
     255/C0FD : 14                      		db  14h	; ed,4		; LD (addr),rr
     256/C0FE : 8C                      		db  8Ch	; rr
     257/C0FF : 43                      		db  43h	; code ld (nn),bc ed 43
     258/C100 :                         		;
     259/C100 : 04                      		db    4			; LD (addr),A
     260/C101 : E0                      		db 0E0h	; A
     261/C102 : 32                      		db  32h	; code ld (nn),a
     262/C103 :                         		;
     263/C103 : 03                      		db    3			; LD (BC),A
     264/C104 : 31                      		db  31h	; (bc)
     265/C105 : E0                      		db 0E0h	; A
     266/C106 : 02                      		db    2	; code ld (bc),a
     267/C107 :                         		;
     268/C107 : 03                      		db    3			; LD (DE),a
     269/C108 : 65                      		db  65h	; (de)
     270/C109 : E0                      		db 0E0h	; A
     271/C10A : 12                      		db  12h	; code LD (DE),A
     272/C10B :                         		;
     273/C10B : 13                      		db  13h	; ed,3		; LDI
     274/C10C : C9                      		db 0C9h	; I
     275/C10D : A0                      		db 0A0h	; code ed a0
     276/C10E :                         		;
     277/C10E : 14                      		db  14h	; ed,4		; LDIR
 AS V1.42 Beta [Bld 297] - Source File picoedasC-as.asm - Page 10 - 4/1/2026 11:57:29


     278/C10F : D2                      		db 0D2h	; R
     279/C110 : B0                      		db 0B0h	; code ed b0
     280/C111 :                         		;
     281/C111 : 13                      		db  13h	; ed,3		; LDD
     282/C112 : C4                      		db 0C4h	; D
     283/C113 : A8                      		db 0A8h; code ed a8
     284/C114 :                         		;
     285/C114 : 14                      		db  14h	; ed,4		; LDDR
     286/C115 : D2                      		db 0D2h	; R
     287/C116 : B8                      		db 0B8h; code ed b8
     288/C117 :                         		;
     289/C117 : 13                      		db  13h	; ed,3		; LD I,A
     290/C118 : 6C                      		db  6Ch	; reg I
     291/C119 : E0                      		db 0E0h	; reg A
     292/C11A : 47                      		db  47h	; code ed 47
     293/C11B :                         		;
     294/C11B : 13                      		db  13h	; ed,3		; LD R,A
     295/C11C : 6E                      		db  6Eh	; reg R
     296/C11D : E0                      		db 0E0h	; reg A
     297/C11E : 4F                      		db  4Fh	; code ed 4f
     298/C11F :                         		; J
     299/C11F : 01                      		db    1			; JR ofs
     300/C120 : 4A                      		db  4Ah	; J
     301/C121 : 52                      		db  52h	; R
     302/C122 : F8                      		db 0F8h	; ofs
     303/C123 : 18                      		db  18h	; code jr
     304/C124 :                         		;
     305/C124 : 03                      		db    3			; JR flg,ofs
     306/C125 : 09                      		db    9	; flag
     307/C126 : F8                      		db 0F8h	; ofs
     308/C127 : 20                      		db  20h	; code jr nz
     309/C128 :                         		;
     310/C128 : 02                      		db    2			; JP addr
     311/C129 : 50                      		db  50h	; P
     312/C12A : F2                      		db 0F2h ; addr
     313/C12B : C3                      		db 0C3h	; code jp
     314/C12C :                         		;
     315/C12C : 03                      		db    3			; JP flg,addr
     316/C12D : 06                      		db    6	; flag
     317/C12E : F2                      		db 0F2h	; addr
     318/C12F : C2                      		db 0C2h	; code jp nz
     319/C130 :                         		;
     320/C130 : 43                      		db  43h	; ??,3		; JP (HL)
     321/C131 : E3                      		db 0E3h	; (HL)
     322/C132 : E9                      		db 0E9h	; code jp (hl)
     323/C133 :                         		;P
     324/C133 : 01                      		db    1			; PUSH rr
     325/C134 : 50                      		db  50h	; P
     326/C135 : 55                      		db  55h	; U
     327/C136 : 53                      		db  53h	; S
     328/C137 : 48                      		db  48h	; H
     329/C138 : 8F                      		db  8Fh	; rr
     330/C139 : C5                      		db 0C5h	; code push bc
     331/C13A :                         		;
     332/C13A : 02                      		db    2			; POP rr
     333/C13B : 4F                      		db  4Fh	; O
     334/C13C : 50                      		db  50h	; P
     335/C13D : 8F                      		db  8Fh ; rr
     336/C13E : C1                      		db 0C1h	; code pop bc
     337/C13F :                         		;C
 AS V1.42 Beta [Bld 297] - Source File picoedasC-as.asm - Page 11 - 4/1/2026 11:57:29


     338/C13F : 01                      		db    1			; CALL nn
     339/C140 : 43                      		db  43h	; C
     340/C141 : 41                      		db  41h	; A
     341/C142 : 4C                      		db  4Ch	; L
     342/C143 : 4C                      		db  4Ch	; L
     343/C144 : F2                      		db 0F2h	; nn
     344/C145 : CD                      		db 0CDh	; code call
     345/C146 :                         		;
     346/C146 : 05                      		db    5			; CALL flg,addr
     347/C147 : 06                      		db    6	; flag
     348/C148 : F2                      		db 0F2h	; addr
     349/C149 : C4                      		db 0C4h	; code call nz
     350/C14A :                         		;
     351/C14A : 02                      		db    2			; CP r
     352/C14B : 50                      		db  50h	; P
     353/C14C : 83                      		db  83h ; r
     354/C14D : B8                      		db 0B8h	; code cp b
     355/C14E :                         		;
     356/C14E : 03                      		db    3			; CP n
     357/C14F : F4                      		db 0F4h	; n
     358/C150 : FE                      		db 0FEh	; code cp n
     359/C151 :                         		;
     360/C151 : 03                      		db    3			; CPL
     361/C152 : CC                      		db 0CCh	; L
     362/C153 : 2F                      		db  2Fh	; code cpl
     363/C154 :                         		;
     364/C154 : 13                      		db  13h	; ed,3		; CPI
     365/C155 : C9                      		db 0C9h	; I + 80h
     366/C156 : A1                      		db 0A1h	; code ed a1
     367/C157 :                         		;
     368/C157 : 14                      		db  14h	; ed,4		; CPIR
     369/C158 : D2                      		db 0D2h	; R + 80h
     370/C159 : B1                      		db 0B1h	; code ed b1
     371/C15A :                         		;
     372/C15A : 13                      		db  13h	; ed,3		; CPD
     373/C15B : C4                      		db 0C4h	; D + 80h
     374/C15C : A9                      		db 0A9h	; code ed a9
     375/C15D :                         		;
     376/C15D : 14                      		db  14h	; ed,4		; CPDR
     377/C15E : D2                      		db 0D2h	; R + 80h
     378/C15F : B9                      		db 0B9h	; code ed b9
     379/C160 :                         		;
     380/C160 : 02                      		db    2			; CCF
     381/C161 : 43                      		db  43h	; C
     382/C162 : C6                      		db 0C6h	; F + 80h
     383/C163 : 3F                      		db  3Fh	; code ccf
     384/C164 :                         		; E
     385/C164 : 81                      		db  81h	; special,1	; EQU
     386/C165 : 45                      		db  45h	; E
     387/C166 : 51                      		db  51h	; Q
     388/C167 : D5                      		db 0D5h	; U + 80h
     389/C168 : 00                      		db    0	; special code 0
     390/C169 :                         		;
     391/C169 : 02                      		db    2			; EX AF,AF
     392/C16A : 58                      		db  58h	; X
     393/C16B : 68                      		db  68h	; AF
     394/C16C : E8                      		db 0E8h	; AF
     395/C16D : 08                      		db  08h	; code ex af,af'
     396/C16E :                         		;
     397/C16E : 03                      		db    3			; EX DE,HL
 AS V1.42 Beta [Bld 297] - Source File picoedasC-as.asm - Page 12 - 4/1/2026 11:57:29


     398/C16F : 64                      		db  64h	; DE
     399/C170 : E2                      		db 0E2h	; HL
     400/C171 : EB                      		db 0EBh	; code ex de,hl
     401/C172 : 03                      		db    3			; EX (SP),HL
     402/C173 : 6B                      		db  6Bh	; (SP)
     403/C174 : E2                      		db 0E2h	; HL
     404/C175 : E3                      		db 0E3h	; code ex (sp),hl
     405/C176 : 03                      		db    3			; EXX
     406/C177 : D8                      		db 0D8h	; X
     407/C178 : D9                      		db 0D9h ; code exx
     408/C179 : 02                      		db    2			; EI
     409/C17A : C9                      		db 0C9h	; I
     410/C17B : FB                      		db 0FBh	; code ei
     411/C17C :                         		;
     412/C17C : 82                      		db  82h	; special,2	; ENT
     413/C17D : 4E                      		db  4Eh	; N
     414/C17E : D4                      		db 0D4h	; T + 80H
     415/C17F : 80                      		db  80h	; special code 80
     416/C180 :                         		; I
     417/C180 : 01                      		db    1			; INC r
     418/C181 : 49                      		db  49h	; I
     419/C182 : 4E                      		db  4Eh	; N
     420/C183 : 43                      		db  43h	; C
     421/C184 : 80                      		db  80h	; r
     422/C185 : 04                      		db    4	; code inc b
     423/C186 :                         		;
     424/C186 : 04                      		db    4	 		; INC rr
     425/C187 : 8C                      		db  8Ch ; rr
     426/C188 : 03                      		db    3	; code inc bc
     427/C189 :                         		;
     428/C189 : 03                      		db    3			; IN A,(n)
     429/C18A : 60                      		db  60h	; reg A
     430/C18B : F5                      		db 0F5h ; (n)
     431/C18C : DB                      		db 0DBh	; code in a,(n) DB 56
     432/C18D :                         		;
     433/C18D : 14                      		db  14h	; ed,4		; IN A,(C)
     434/C18E : E7                      		db 0E7h ; (c)
     435/C18F : 78                      		db  78h	; code ed 78
     436/C190 :                         		;
     437/C190 : 13                      		db  13h	; ed,3		; IN r,(C)
     438/C191 : 00                      		db    0	; r
     439/C192 : E7                      		db 0E7h	; (c)
     440/C193 : 40                      		db  40h	; code in b,(c)
     441/C194 :                         		;
     442/C194 : 13                      		db  13h	; ed,3		; INI
     443/C195 : C9                      		db 0C9h	; I + 80H
     444/C196 : A2                      		db 0A2h	; code ed a2
     445/C197 :                         		;
     446/C197 : 14                      		db  14h	; ed,4		; INIR
     447/C198 : D2                      		db 0D2h	; R + 80H
     448/C199 : B2                      		db 0B2h	; code ed b2
     449/C19A :                         		;
     450/C19A : 13                      		db  13h	; ed,3		; IND
     451/C19B : C4                      		db 0C4h	; D + 80H
     452/C19C : AA                      		db 0AAh	; code ed aa
     453/C19D :                         		;
     454/C19D : 14                      		db  14h	; ed,4		; INDR
     455/C19E : D2                      		db 0D2h	; R + 80H
     456/C19F : BA                      		db 0BAh	; code ed ba
     457/C1A0 :                         		;
 AS V1.42 Beta [Bld 297] - Source File picoedasC-as.asm - Page 13 - 4/1/2026 11:57:29


     458/C1A0 : 12                      		db  12h	; ed,2		; IM n
     459/C1A1 : 4D                      		db  4Dh	; M
     460/C1A2 : FE                      		db 0FEh	; 0..2 (IM-Mode)
     461/C1A3 : 46                      		db  46h	; code im 0
     462/C1A4 :                         		; D
     463/C1A4 : 81                      		db  81h	; special,1	; DEFB
     464/C1A5 : 44                      		db  44h	; D
     465/C1A6 : 45                      		db  45h	; E
     466/C1A7 : 46                      		db  46h	; F
     467/C1A8 : C2                      		db 0C2h	; B
     468/C1A9 : 04                      		db    4	; special code 4
     469/C1AA :                         		;
     470/C1AA : 84                      		db  84h	; special,4	; DEFW
     471/C1AB : D7                      		db 0D7h	; W + 80H
     472/C1AC : 05                      		db    5	; special code 5
     473/C1AD :                         		;
     474/C1AD : 84                      		db  84h	; special,4	; DEFM
     475/C1AE : CD                      		db 0CDh	; M + 80H
     476/C1AF : 03                      		db    3	; special code 3
     477/C1B0 :                         		;
     478/C1B0 : 84                      		db  84h	; special,4	; DEFS
     479/C1B1 : D3                      		db 0D3h	; S + 80H
     480/C1B2 : 02                      		db    2	; special code 2
     481/C1B3 :                         		;
     482/C1B3 : 03                      		db    3			; DEC r
     483/C1B4 : 43                      		db  43h	; C
     484/C1B5 : 80                      		db  80h ; r
     485/C1B6 : 05                      		db  05h	; code dec B
     486/C1B7 :                         		;
     487/C1B7 : 04                      		db    4			; DEC rr
     488/C1B8 : 8C                      		db  8Ch ; rr
     489/C1B9 : 0B                      		db  0Bh	; code dec BC
     490/C1BA :                         		;
     491/C1BA : 02                      		db    2			; DJNZ ofs
     492/C1BB : 4A                      		db  4Ah	; J
     493/C1BC : 4E                      		db  4Eh	; N
     494/C1BD : 5A                      		db  5Ah	; Z
     495/C1BE : F8                      		db 0F8h	; ofs
     496/C1BF : 10                      		db  10h	; code 10 xx
     497/C1C0 :                         		;
     498/C1C0 : 02                      		db    2			; DAA
     499/C1C1 : 41                      		db  41h	; A
     500/C1C2 : C1                      		db 0C1h	; A
     501/C1C3 : 27                      		db  27h	; code daa
     502/C1C4 :                         		;
     503/C1C4 : 02                      		db    2			; DI
     504/C1C5 : C9                      		db 0C9h	; I + 80H
     505/C1C6 : F3                      		db 0F3h	; code di
     506/C1C7 :                         		; S
     507/C1C7 : 11                      		db  11h	; ed,1		; SBC HL,rr
     508/C1C8 : 53                      		db  53h	; S
     509/C1C9 : 42                      		db  42h	; B
     510/C1CA : 43                      		db  43h	; C
     511/C1CB : 62                      		db  62h	; HL
     512/C1CC : 8C                      		db  8Ch	; rr
     513/C1CD : 42                      		db  42h	; code sbc hl,bc ed 42
     514/C1CE :                         		;
     515/C1CE : 04                      		db    4			; SBC r
     516/C1CF : 60                      		db  60h
     517/C1D0 : 83                      		db  83h ; r
 AS V1.42 Beta [Bld 297] - Source File picoedasC-as.asm - Page 14 - 4/1/2026 11:57:29


     518/C1D1 : 98                      		db  98h	; code sbc b
     519/C1D2 :                         		;
     520/C1D2 : 05                      		db    5			; SBC A,n
     521/C1D3 : F4                      		db 0F4h	; n
     522/C1D4 : DE                      		db 0DEh ; code DE 56 sbc a,n
     523/C1D5 :                         		;
     524/C1D5 : 02                      		db    2			; SUB r
     525/C1D6 : 55                      		db  55h	; U
     526/C1D7 : 42                      		db  42h	; B
     527/C1D8 : 83                      		db  83h	; r
     528/C1D9 : 90                      		db  90h	; code sub b
     529/C1DA :                         		;
     530/C1DA : 04                      		db    4			; SUB n
     531/C1DB : F4                      		db 0F4h	; n
     532/C1DC : D6                      		db 0D6h	; code sub n
     533/C1DD :                         		;
     534/C1DD : 82                      		db  82h	; special,4	; SKIP
     535/C1DE : 4B                      		db  4Bh	; K
     536/C1DF : 49                      		db  49h	; I
     537/C1E0 : D0                      		db 0D0h	; P
     538/C1E1 : 81                      		db  81h ; special code 81
     539/C1E2 :                         		;
     540/C1E2 : 0A                      		db  0Ah	; cb,2		; SLA r
     541/C1E3 : 4C                      		db  4Ch	; L
     542/C1E4 : 41                      		db  41h	; A
     543/C1E5 : 83                      		db  83h ; r
     544/C1E6 : 20                      		db  20h ; code sla b cb 20
     545/C1E7 :                         		;
     546/C1E7 : 0A                      		db  0Ah	; cb,2		; SRA r
     547/C1E8 : 52                      		db  52h	; R
     548/C1E9 : 41                      		db  41h	; A
     549/C1EA : 83                      		db  83h	; r
     550/C1EB : 28                      		db  28h	; code sra b cb 28
     551/C1EC :                         		;
     552/C1EC : 0B                      		db  0Bh	; cb,3		; SRL r
     553/C1ED : 4C                      		db  4Ch	; L
     554/C1EE : 83                      		db  83h ; r
     555/C1EF : 38                      		db  38h	; code srl b
     556/C1F0 :                         		;
     557/C1F0 : 0A                      		db  0Ah	; cb,2		; SET bit,r
     558/C1F1 : 45                      		db  45h	; E
     559/C1F2 : 54                      		db  54h	; T
     560/C1F3 : 7A                      		db  7Ah ; bit
     561/C1F4 : 83                      		db  83h ; r
     562/C1F5 : C0                      		db 0C0h	; code set 0,b
     563/C1F6 :                         		;
     564/C1F6 : 02                      		db    2			; SCF
     565/C1F7 : 43                      		db  43h	; C
     566/C1F8 : C6                      		db 0C6h	; F + 80H
     567/C1F9 : 37                      		db  37h	; code 37
     568/C1FA :                         		;
     569/C1FA : 03                      		db    3			; SCAL n
     570/C1FB : 41                      		db  41h	; A
     571/C1FC : 4C                      		db  4Ch	; L
     572/C1FD : F4                      		db 0F4h	; n
     573/C1FE : DF                      		db 0DFh	; code rst 18h n
     574/C1FF :                         		; R
     575/C1FF : 01                      		db    1			; RET
     576/C200 : 52                      		db  52h	; R
     577/C201 : 45                      		db  45h	; E
 AS V1.42 Beta [Bld 297] - Source File picoedasC-as.asm - Page 15 - 4/1/2026 11:57:29


     578/C202 : D4                      		db 0D4h	; T + 80h
     579/C203 : C9                      		db 0C9h	; code ret
     580/C204 :                         		;
     581/C204 : 04                      		db    4			; RET flg
     582/C205 : 86                      		db  86h	; flag
     583/C206 : C0                      		db 0C0h	; code ret nc
     584/C207 :                         		;
     585/C207 : 14                      		db  14h	; ed,4		; RETI
     586/C208 : C9                      		db 0C9h	; I + 80H
     587/C209 : 4D                      		db  4Dh	; code ed 4d
     588/C20A :                         		;
     589/C20A : 14                      		db  14h	; ed,4		; RETN
     590/C20B : CE                      		db 0CEh	; N + 80H
     591/C20C : 45                      		db  45h	; code ed 45
     592/C20D :                         		;
     593/C20D : 0B                      		db  0Bh	; cb,3		; RES bit,r
     594/C20E : 53                      		db  53h	; S
     595/C20F : 7A                      		db  7Ah	; bit
     596/C210 : 83                      		db  83h	; r
     597/C211 : 80                      		db  80h	; code res
     598/C212 :                         		;
     599/C212 : 02                      		db    2			; RCAL ofs
     600/C213 : 43                      		db  43h	; C
     601/C214 : 41                      		db  41h	; A
     602/C215 : 4C                      		db  4Ch	; L
     603/C216 : F8                      		db 0F8h	; ofs
     604/C217 : D7                      		db 0D7h	; code rst 10h nn
     605/C218 :                         		;
     606/C218 : 0A                      		db  0Ah	; cb,1		; RLC r
     607/C219 : 4C                      		db  4Ch	; L
     608/C21A : 43                      		db  43h	; C
     609/C21B : 83                      		db  83h	; r
     610/C21C : 00                      		db    0	; code rlc b
     611/C21D :                         		;
     612/C21D : 04                      		db    4			; RLCA
     613/C21E : C1                      		db 0C1h	; A + 80H
     614/C21F : 07                      		db    7	; code 07
     615/C220 :                         		;
     616/C220 : 0B                      		db  0Bh	; cb,2		; RL r
     617/C221 : 83                      		db  83h	; r
     618/C222 : 10                      		db  10h	; code rl b
     619/C223 :                         		;
     620/C223 : 03                      		db    3			; RLA
     621/C224 : C1                      		db 0C1h	; A + 80H
     622/C225 : 17                      		db  17h	; code 17
     623/C226 :                         		;
     624/C226 : 13                      		db  13h	; ed,3		; RLD
     625/C227 : C4                      		db 0C4h	; D + 80H
     626/C228 : 6F                      		db  6Fh	; code ed 6f
     627/C229 :                         		;
     628/C229 : 0A                      		db  0Ah	; cb,1		; RRC r
     629/C22A : 52                      		db  52h	; R
     630/C22B : 43                      		db  43h	; C
     631/C22C : 83                      		db  83h ; r
     632/C22D : 08                      		db  08h	; code rrc b
     633/C22E :                         		;
     634/C22E : 04                      		db    4			; RRCA
     635/C22F : C1                      		db 0C1h	; A + 80H
     636/C230 : 0F                      		db  0Fh	; code 0f
     637/C231 :                         		;
 AS V1.42 Beta [Bld 297] - Source File picoedasC-as.asm - Page 16 - 4/1/2026 11:57:29


     638/C231 : 0B                      		db  0Bh	; cb,2		; RR r
     639/C232 : 83                      		db  83h	; r
     640/C233 : 18                      		db  18h ; code rr b cb 18
     641/C234 :                         		;
     642/C234 : 03                      		db    3			; RRA
     643/C235 : C1                      		db 0C1h	; A + 80H
     644/C236 : 1F                      		db  1Fh	; code 1f
     645/C237 :                         		;
     646/C237 : 13                      		db  13h	; ed,3		; RRD
     647/C238 : C4                      		db 0C4h	; D + 80H
     648/C239 : 67                      		db  67h	; code ed 67
     649/C23A :                         		;
     650/C23A : 02                      		db    2			; RST rst
     651/C23B : 53                      		db  53h	; S
     652/C23C : 54                      		db  54h	; T
     653/C23D : FC                      		db 0FCh ; rst
     654/C23E : C7                      		db 0C7h	; code rst 0
     655/C23F :                         		; O
     656/C23F : 01                      		db    1			; OR r
     657/C240 : 4F                      		db  4Fh	; O
     658/C241 : 52                      		db  52h	; R
     659/C242 : 83                      		db  83h	; r
     660/C243 : B0                      		db 0B0h	; code or b
     661/C244 :                         		;
     662/C244 : 03                      		db    3			; OR n
     663/C245 : F4                      		db 0F4h	; n
     664/C246 : F6                      		db 0F6h	; code or n
     665/C247 :                         		;
     666/C247 : 83                      		db  83h	; special,3	; ORG
     667/C248 : C7                      		db 0C7h	; G + 80H
     668/C249 : 01                      		db    1 ; special code 1
     669/C24A :                         		;
     670/C24A : 02                      		db    2			; OUT (n),A
     671/C24B : 55                      		db  55h	; U
     672/C24C : 54                      		db  54h	; T
     673/C24D : 75                      		db  75h	; (n)
     674/C24E : E0                      		db 0E0h	; A
     675/C24F : D3                      		db 0D3h	; code d3 56 out (n),A
     676/C250 :                         		;
     677/C250 : 14                      		db  14h	; ed,4		; OUT (C),r
     678/C251 : 67                      		db  67h	; (C)
     679/C252 : 80                      		db  80h	; r
     680/C253 : 41                      		db  41h	; code out (c),b
     681/C254 :                         		;
     682/C254 : 14                      		db  14h	; ed,4		; OUTI
     683/C255 : C9                      		db 0C9h	; I + 80H
     684/C256 : A3                      		db 0A3h	; code ed a2
     685/C257 :                         		;
     686/C257 : 14                      		db  14h	; ed,4		; OUTD
     687/C258 : C4                      		db 0C4h	; D + 80H
     688/C259 : AB                      		db 0ABh	; code ed ab
     689/C25A :                         		;
     690/C25A : 12                      		db  12h	; ed,2		; OTIR
     691/C25B : 54                      		db  54h	; T
     692/C25C : 49                      		db  49h	; I
     693/C25D : D2                      		db 0D2h	; R + 80H
     694/C25E : B3                      		db 0B3h	; code ed b3
     695/C25F :                         		;
     696/C25F : 13                      		db  13h	; ed,3		; OTDR
     697/C260 : 44                      		db  44h	; D
 AS V1.42 Beta [Bld 297] - Source File picoedasC-as.asm - Page 17 - 4/1/2026 11:57:29


     698/C261 : D2                      		db 0D2h	; R + 80H
     699/C262 : BB                      		db 0BBh	; code ed bb
     700/C263 :                         		; A
     701/C263 : 01                      		db    1			; ADD A,r
     702/C264 : 41                      		db  41h	; A
     703/C265 : 44                      		db  44h	; D
     704/C266 : 44                      		db  44h	; D
     705/C267 : 60                      		db  60h	; reg A
     706/C268 : 83                      		db  83h	; r
     707/C269 : 80                      		db  80h	; code add a,b
     708/C26A :                         		;
     709/C26A : 05                      		db    5			; ADD A,n
     710/C26B : F4                      		db 0F4h	; n
     711/C26C : C6                      		db 0C6h ; code add a,n c6 n
     712/C26D :                         		;
     713/C26D : 04                      		db    4			; ADD HL,rr
     714/C26E : 62                      		db  62h	; HL
     715/C26F : 8C                      		db  8Ch	; rr
     716/C270 : 09                      		db    9	; code add hl,bc
     717/C271 :                         		;
     718/C271 : 03                      		db    3			; ADC A,r
     719/C272 : 43                      		db  43h	; C
     720/C273 : 60                      		db  60h	; reg A
     721/C274 : 83                      		db  83h	; r
     722/C275 : 88                      		db  88h	; code adc a,b
     723/C276 :                         		;
     724/C276 : 05                      		db    5			; ADC A,n
     725/C277 : F4                      		db 0F4h	; n
     726/C278 : CE                      		db 0CEh	; code add a,n ce 56
     727/C279 :                         		;
     728/C279 : 14                      		db  14h	; ed,4		; ADC HL,rr
     729/C27A : 62                      		db  62h ; reg HL
     730/C27B : 8C                      		db  8Ch ; rr
     731/C27C : 4A                      		db  4Ah	; code adc hl,bc
     732/C27D :                         		;
     733/C27D : 02                      		db    2			; AND r
     734/C27E : 4E                      		db  4Eh	; N
     735/C27F : 44                      		db  44h	; D
     736/C280 : 83                      		db  83h	; r
     737/C281 : A0                      		db 0A0h	; code and b
     738/C282 :                         		;
     739/C282 : 04                      		db    4			; AND n
     740/C283 : F4                      		db 0F4h	; n
     741/C284 : E6                      		db 0E6h	; code and n
     742/C285 :                         		; X
     743/C285 : 01                      		db    1			; XOR r
     744/C286 : 58                      		db  58h	; X
     745/C287 : 4F                      		db  4Fh	; O
     746/C288 : 52                      		db  52h	; R
     747/C289 : 83                      		db  83h	; r
     748/C28A : A8                      		db 0A8h	; code xor b
     749/C28B :                         		;
     750/C28B : 04                      		db    4			; XOR n
     751/C28C : F4                      		db 0F4h	; n
     752/C28D : EE                      		db 0EEh	; code xor n
     753/C28E :                         		; B
     754/C28E : 09                      		db    9			; BIT n,r
     755/C28F : 42                      		db  42h	; B
     756/C290 : 49                      		db  49h	; I
     757/C291 : 54                      		db  54h	; T
 AS V1.42 Beta [Bld 297] - Source File picoedasC-as.asm - Page 18 - 4/1/2026 11:57:29


     758/C292 : 7A                      		db  7Ah	; bit
     759/C293 : 83                      		db  83h	; r
     760/C294 : 40                      		db  40h	; code bit
     761/C295 :                         		; N
     762/C295 : 11                      		db  11h	; ed,1		; NEG
     763/C296 : 4E                      		db  4Eh	; N
     764/C297 : 45                      		db  45h	; E
     765/C298 : C7                      		db 0C7h	; G
     766/C299 : 44                      		db  44h	; code ed 44
     767/C29A :                         		;
     768/C29A : 02                      		db    2			; NOP
     769/C29B : 4F                      		db  4Fh	; O
     770/C29C : D0                      		db 0D0h	; P
     771/C29D : 00                      		db    0	; code 00
     772/C29E :                         		; H
     773/C29E : 01                      		db    1			; HALT
     774/C29F : 48                      		db  48h	; H
     775/C2A0 : 41                      		db  41h	; A
     776/C2A1 : 4C                      		db  4Ch	; L
     777/C2A2 : D4                      		db 0D4h	; T
     778/C2A3 : 76                      		db  76h	; code 76
     779/C2A4 :                         		;
     780/C2A4 : 00                      		db    0			; ENDE
     781/C2A5 :                         
     782/C2A5 :                         ; Parsebaum Register
     783/C2A5 : 80                      unk_428F:	db  80h
     784/C2A6 : 00                      		db    0
     785/C2A7 :                         		;
     786/C2A7 : 01                      		db    1			; H
     787/C2A8 : C8                      		db 0C8h	; H + 80h
     788/C2A9 : 26                      		db  26h ; token
     789/C2AA :                         		;
     790/C2AA : 02                      		db    2			; HL
     791/C2AB : CC                      		db 0CCh	; L + 80h
     792/C2AC : 62                      		db  62h
     793/C2AD :                         		;
     794/C2AD : 01                      		db    1			; A
     795/C2AE : C1                      		db 0C1h	; A + 80h
     796/C2AF : 60                      		db  60h
     797/C2B0 :                         		;
     798/C2B0 : 02                      		db    2			; AF
     799/C2B1 : C6                      		db 0C6h	; F + 80h
     800/C2B2 : 68                      		db  68h
     801/C2B3 :                         		;
     802/C2B3 : 01                      		db    1			; D
     803/C2B4 : C4                      		db 0C4h	; D + 80h
     804/C2B5 : 22                      		db  22h
     805/C2B6 :                         		;
     806/C2B6 : 02                      		db    2			; DE
     807/C2B7 : C5                      		db 0C5h	; E + 80h
     808/C2B8 : 64                      		db  64h
     809/C2B9 :                         		;
     810/C2B9 : 01                      		db    1			; B
     811/C2BA : C2                      		db 0C2h	; B + 80h
     812/C2BB : 20                      		db  20h
     813/C2BC :                         		;
     814/C2BC : 02                      		db    2			; BC
     815/C2BD : C3                      		db 0C3h	; C + 80h
     816/C2BE : 30                      		db  30h
     817/C2BF :                         		;
 AS V1.42 Beta [Bld 297] - Source File picoedasC-as.asm - Page 19 - 4/1/2026 11:57:29


     818/C2BF : 01                      		db    1			; Z
     819/C2C0 : DA                      		db 0DAh	; Z + 80h
     820/C2C1 : 2C                      		db  2Ch
     821/C2C2 :                         		;
     822/C2C2 : 01                      		db    1			; C
     823/C2C3 : C3                      		db 0C3h	; C + 80h
     824/C2C4 : 66                      		db  66h
     825/C2C5 :                         		;
     826/C2C5 : 01                      		db    1			; NZ
     827/C2C6 : 4E                      		db  4Eh	; N
     828/C2C7 : DA                      		db 0DAh	; Z + 80h
     829/C2C8 : 2A                      		db  2Ah
     830/C2C9 :                         		;
     831/C2C9 : 02                      		db    2			; NC
     832/C2CA : C3                      		db 0C3h	; C + 80h
     833/C2CB : 2E                      		db  2Eh
     834/C2CC :                         		;
     835/C2CC : 01                      		db    1			; SP
     836/C2CD : 53                      		db  53h	; S
     837/C2CE : D0                      		db 0D0h	; P + 80h
     838/C2CF : 6A                      		db  6Ah
     839/C2D0 :                         		;
     840/C2D0 : 81                      		db  81h	; special,1	; $
     841/C2D1 : A4                      		db 0A4h	; '$' + 80h
     842/C2D2 : 00                      		db    0
     843/C2D3 :                         		;
     844/C2D3 : 01                      		db    1			; E
     845/C2D4 : C5                      		db 0C5h	; E + 80h
     846/C2D5 : 24                      		db  24h
     847/C2D6 :                         		;
     848/C2D6 : 01                      		db    1			; L
     849/C2D7 : CC                      		db 0CCh	; L + 80h
     850/C2D8 : 28                      		db  28h
     851/C2D9 :                         		;
     852/C2D9 : 01                      		db    1			; I
     853/C2DA : C9                      		db 0C9h	; I + 80h
     854/C2DB : 6C                      		db  6Ch
     855/C2DC :                         		;
     856/C2DC : 12                      		db  12h	; dd,2		; IX
     857/C2DD : D8                      		db 0D8h	; X + 80h
     858/C2DE : 62                      		db  62h
     859/C2DF :                         		;
     860/C2DF : 32                      		db  32h	; fd,2		; IY
     861/C2E0 : D9                      		db 0D9h	; Y + 80h
     862/C2E1 : 62                      		db  62h
     863/C2E2 :                         		;
     864/C2E2 : 01                      		db    1			; M
     865/C2E3 : CD                      		db 0CDh	; M + 80h
     866/C2E4 : 38                      		db  38h
     867/C2E5 :                         		;
     868/C2E5 : 01                      		db    1			; P
     869/C2E6 : D0                      		db 0D0h	; P + 80h
     870/C2E7 : 36                      		db  36h
     871/C2E8 :                         		;
     872/C2E8 : 02                      		db    2			; PE
     873/C2E9 : C5                      		db 0C5h	; E + 80h
     874/C2EA : 34                      		db  34h
     875/C2EB :                         		;
     876/C2EB : 02                      		db    2			; PO
     877/C2EC : CF                      		db 0CFh	; O + 80h
 AS V1.42 Beta [Bld 297] - Source File picoedasC-as.asm - Page 20 - 4/1/2026 11:57:29


     878/C2ED : 32                      		db  32h
     879/C2EE :                         		;
     880/C2EE : 01                      		db    1			; R
     881/C2EF : D2                      		db 0D2h	; R + 80h
     882/C2F0 : 6E                      		db  6Eh
     883/C2F1 :                         		;
     884/C2F1 : 00                      		db    0	; ENDE
     885/C2F2 :                         
     886/C2F2 :                         ; bit modifier == pos in list (down)
     887/C2F2 :                         ; r 8-Bit-Register
     888/C2F2 : 60                      unk_42DC:	db  60h	; A	111
     889/C2F3 : 63                      		db  63h	; (HL)	110
     890/C2F4 : 28                      		db  28h	; L	101
     891/C2F5 : 26                      		db  26h	; H	100
     892/C2F6 : 24                      		db  24h	; E	011
     893/C2F7 : 22                      		db  22h	; D	010
     894/C2F8 : 66                      		db  66h	; C	001
     895/C2F9 : 20                      		db  20h	; B	000
     896/C2FA :                         
     897/C2FA :                         ; Sprungbedingung 1
     898/C2FA : 38                      unk_42E4:	db  38h ; M	111
     899/C2FB : 36                      		db  36h ; P	110
     900/C2FC : 34                      		db  34h ; PE	101
     901/C2FD : 32                      		db  32h ; PO	100
     902/C2FE :                         ; Sprungbedingung 2
     903/C2FE : 66                      unk_42E8:	db  66h	; C	011
     904/C2FF : 2E                      		db  2Eh ; NC	010
     905/C300 : 2C                      		db  2Ch ; Z	001
     906/C301 : 2A                      		db  2Ah ; NZ	000
     907/C302 :                         
     908/C302 :                         ; dd 16-Bit-Register
     909/C302 : 6A                      unk_42EC:	db  6Ah	; SP	11
     910/C303 : 62                      		db  62h	; HL	10
     911/C304 : 64                      		db  64h	; DE	01
     912/C305 : 30                      		db  30h	; BC	00
     913/C306 :                         
     914/C306 :                         ; qq  16-Bit-Register
     915/C306 : 68                      unk_42F0:	db  68h	; AF	11
     916/C307 : 62                      		db  62h	; HL	10
     917/C308 : 64                      		db  64h	; DE	01
     918/C309 : 30                      		db  30h	; BC	00
     919/C30A :                         
     920/C30A :                         ;---------------------------------------
     921/C30A :                         ;Tokenklassen Register,Flags
     922/C30A : 38                      unk_42F4:	db  38h 	; Bitpos,Anzahl
     923/C30B : F2 C2                   		dw unk_42DC	; r 8-Bit-Register
     924/C30D : 08                      		db  08h
     925/C30E : F2 C2                   		dw unk_42DC	; r' 8-Bit-Register
     926/C310 : 38                      		db  38h	;
     927/C311 : FA C2                   		dw unk_42E4	; Sprungbedingung 1+2
     928/C313 : 34                      		db  34h	;
     929/C314 : FE C2                   		dw unk_42E8	; Sprungbedingung 2
     930/C316 : 44                      		db  44h	;
     931/C317 : 02 C3                   		dw unk_42EC	; dd 16-Bit-Register
     932/C319 : 44                      		db  44h	;
     933/C31A : 06 C3                   		dw unk_42F0	; qq 16-Bit-Register
     934/C31C :                         
     935/C31C :                         ;---------------------------------------
     936/C31C :                         ; Abarbeitung nächstes Token
     937/C31C : D9                      sub_4306:	exx
 AS V1.42 Beta [Bld 297] - Source File picoedasC-as.asm - Page 21 - 4/1/2026 11:57:29


     938/C31D : E1                      		pop	hl
     939/C31E : D1                      		pop	de
     940/C31F : E3                      		ex	(sp), hl	; Parse-Tree (z.B. 40AA)
     941/C320 : 47                      		ld	b, a
     942/C321 : 14                      		inc	d		; next pos (?)
     943/C322 : CB 7E                   		bit	7, (hl)		; Befehlsende?
     944/C324 : 20 77                   		jr	nz, loc_4387	; ja
     945/C326 :                         		; Tokenvergleich
     946/C326 : 23                      loc_4310:	inc	hl		; nächstes Token aus Baum
     947/C327 : 7E                      		ld	a, (hl)		; holen
     948/C328 : E6 7F                   		and	7Fh 		; strip hi bit
     949/C32A : FE 70                   		cp	70h 		; codeklasse?
     950/C32C : 38 32                   		jr	c, loc_434A	; nein
     951/C32E :                         		; codeklassen Token 72..7E
     952/C32E : 4F                      		ld	c, a		; Token merken
     953/C32F : A8                      		xor	b		; 70 (?)
     954/C330 : 0F                      		rrca
     955/C331 : FE 08                   		cp	8
     956/C333 : 30 62                   		jr	nc, loc_4381
     957/C335 : FE 05                   		cp	5
     958/C337 : 38 73                   		jr	c, loc_4396	; <5, d.h. 72..78
     959/C339 :                         		; 7A..7E  (5..7)
     960/C339 : 08                      		ex	af, af'	;'
     961/C33A : FD 7E F5                		ld	a, (iy-0Bh)	; 55F3
     962/C33D : B7                      		or	a
     963/C33E : 20 1B                   		jr	nz, loc_4345
     964/C340 : 08                      		ex	af, af'	;'
     965/C341 : FE 06                   		cp	6		;
     966/C343 : FD 7E F4                		ld	a, (iy-0Ch)	; 55F2
     967/C346 : 38 0B                   		jr	c, loc_433D	; wenn < 6 (7A bit)
     968/C348 : 28 0C                   		jr	z, loc_4340	; wenn = 6 (7C rst)
     969/C34A : FE 03                   		cp	3
     970/C34C : 3D                      		dec	a
     971/C34D : 30 0C                   		jr	nc, loc_4345	;
     972/C34F : 3C                      		inc	a
     973/C350 : 28 01                   		jr	z, loc_433D
     974/C352 : 3C                      		inc	a
     975/C353 :                         loc_433D:	; bei bit-Befehlen pos auf bitpos 3 schieben
     976/C353 : 07                      		rlca
     977/C354 : 07                      		rlca
     978/C355 : 07                      		rlca
     979/C356 :                         loc_4340:	; bei rst wert direkt einfuegen
     980/C356 : FD 77 F3                		ld	(iy-0Dh), a	; 55F1 byte modifier
     981/C359 : E6 C7                   		and	0C7h
     982/C35B : C4 CB C3                loc_4345:	call	nz, sub_43B5
     983/C35E : 18 4F                   		jr	loc_4399	; -> Ende
     984/C360 :                         
     985/C360 :                         		; einfaches Token oder register o. flag
     986/C360 : FE 20                   loc_434A:	cp	20h 		; indiv Register o. Flag?
     987/C362 : 30 30                   		jr	nc, loc_437E	; nein
     988/C364 :                         		; register o. flag
     989/C364 : E5                      		push	hl
     990/C365 : 2A 1B FE                		ld	hl, (word_551B)	; unk_42F4 TokenklassenTab
     991/C368 : 85                      		add	a, l	; HL + A
     992/C369 : 6F                      		ld	l, a
     993/C36A : 30 01                   		jr	nc, loc_4357
     994/C36C : 24                      		inc	h
     995/C36D : 78                      loc_4357:	ld	a, b
     996/C36E : 08                      		ex	af, af'	;'
     997/C36F : 7E                      		ld	a, (hl)		; Bitpos+Anzahl
 AS V1.42 Beta [Bld 297] - Source File picoedasC-as.asm - Page 22 - 4/1/2026 11:57:29


     998/C370 : E6 0F                   		and	0Fh		; nur Anzahl
     999/C372 : 4F                      		ld	c, a		; merken
    1000/C373 : 7E                      		ld	a, (hl)
    1001/C374 : 08                      		ex	af, af'	;'
    1002/C375 : 23                      		inc	hl
    1003/C376 : 46                      		ld	b, (hl)
    1004/C377 : 23                      		inc	hl
    1005/C378 : 66                      		ld	h, (hl)
    1006/C379 : 68                      		ld	l, b		; HL=Zeiger auf Liste
    1007/C37A : 06 00                   		ld	b, 0		; C=Anzahl
    1008/C37C : ED B1                   		cpir			; suche A in Liste
    1009/C37E : E1                      		pop	hl
    1010/C37F : 47                      		ld	b, a
    1011/C380 : 20 15                   		jr	nz, loc_4381	; wenn Token nicht in Liste
    1012/C382 :                         		; in Liste gefunden
    1013/C382 : 08                      		ex	af, af'	;'
    1014/C383 : CB 21                   loc_436D:	sla	c		; c=Pos
    1015/C385 : D6 10                   		sub	10h		; verschieben auf Ziel Bitpos.
    1016/C387 : 30 FA                   		jr	nc, loc_436D
    1017/C389 : CB 39                   		srl	c		; eins zurück; fertig
    1018/C38B : FD 7E F3                		ld	a, (iy-0Dh)	; byte modifier
    1019/C38E : B1                      		or	c		; modify
    1020/C38F : FD 77 F3                		ld	(iy-0Dh), a	; write back
    1021/C392 : 18 1B                   		jr	loc_4399	; Ende
    1022/C394 :                         
    1023/C394 :                         ; einfaches Token
    1024/C394 : B8                      loc_437E:	cp	b		; nächstes Zeichen gleich?
    1025/C395 : 28 18                   		jr	z, loc_4399	; ja -> Ende
    1026/C397 :                         ;
    1027/C397 : CB 7E                   loc_4381:	bit	7, (hl)		; Befehlsende?
    1028/C399 : 23                      		inc	hl		; weiter im Baum
    1029/C39A : 28 FB                   		jr	z, loc_4381	; nein, weiter suchen
    1030/C39C : 2B                      		dec	hl		; hl=befehlsende
    1031/C39D :                         ; Befehlsende erreicht
    1032/C39D : 23                      loc_4387:	inc	hl		; hl=codebyte
    1033/C39E : 23                      		inc	hl		; hl=nächster Eintrag im Baum
    1034/C39F : 7E                      		ld	a, (hl)		; Anzahl (und Modifier)
    1035/C3A0 : 5F                      		ld	e, a		; merken
    1036/C3A1 : E6 07                   		and	7		; gilt ab Pos (SollPos)
    1037/C3A3 : BA                      		cp	d		; vergleichen mit aktueller Pos
    1038/C3A4 : CA 26 C3                		jp	z, loc_4310	; Pos passt
    1039/C3A7 : 23                      		inc	hl		; weiter im Baum
    1040/C3A8 : 30 ED                   		jr	nc, loc_4381	; wenn akt. Pos > SollPos
    1041/C3AA :                         					; dann weitersuchen
    1042/C3AA : D9                      		exx
    1043/C3AB : C9                      		ret
    1044/C3AC :                         
    1045/C3AC :                         ; Tokenklasse 72..78 (1..4)
    1046/C3AC : FD 77 F2                loc_4396:	ld	(iy-0Eh), a	; sichern
    1047/C3AF :                         ; Ende Abarbeitung nächstes Token
    1048/C3AF : E3                      loc_4399:	ex	(sp), hl
    1049/C3B0 : D5                      		push	de
    1050/C3B1 : E5                      		push	hl
    1051/C3B2 : D9                      		exx
    1052/C3B3 : B7                      		or	a		; set flags
    1053/C3B4 : C9                      		ret
    1054/C3B5 :                         
    1055/C3B5 :                         ;---------------------------------------
    1056/C3B5 :                         ;
    1057/C3B5 : D9                      sub_439F:	exx
 AS V1.42 Beta [Bld 297] - Source File picoedasC-as.asm - Page 23 - 4/1/2026 11:57:29


    1058/C3B6 : E1                      		pop	hl
    1059/C3B7 : D1                      		pop	de
    1060/C3B8 : E3                      		ex	(sp), hl
    1061/C3B9 : 7E                      		ld	a, (hl)
    1062/C3BA : FE 80                   		cp	80h ; 'Ç'
    1063/C3BC : 23                      		inc	hl
    1064/C3BD : 56                      		ld	d, (hl)
    1065/C3BE : D5                      		push	de
    1066/C3BF : D9                      		exx
    1067/C3C0 : D1                      		pop	de
    1068/C3C1 : 7A                      		ld	a, d
    1069/C3C2 : C9                      		ret
    1070/C3C3 :                         
    1071/C3C3 :                         
    1072/C3C3 :                         ;---------------------------------------
    1073/C3C3 :                         ;
    1074/C3C3 : 7A                      sub_43AD:	ld	a, d
    1075/C3C4 : F6 7F                   		or	7Fh ; ''
    1076/C3C6 : A3                      		and	e
    1077/C3C7 :                         
    1078/C3C7 : 07                      sub_43B1:	rlca
    1079/C3C8 : 9F                      		sbc	a, a
    1080/C3C9 : 92                      		sub	d
    1081/C3CA : C8                      		ret	z
    1082/C3CB :                         ;
    1083/C3CB : FD CB 00 4E             sub_43B5:	bit	1, (iy+0)
    1084/C3CF : C8                      		ret	z
    1085/C3D0 : FD CB F6 F6             		set	6, (iy-0Ah)
    1086/C3D4 : C9                      		ret
    1087/C3D5 :                         
    1088/C3D5 :                         ;---------------------------------------
    1089/C3D5 :                         ;orig nas_outch (3 Byte)
    1090/C3D5 :                         ;;		jp	loc_4B2E	; error 99 illegal command
    1091/C3D5 :                         
    1092/C3D5 :                         ;---------------------------------------
    1093/C3D5 :                         ;
    1094/C3D5 : 44                      sub_43C2:	ld	b, h
    1095/C3D6 : 4D                      		ld	c, l
    1096/C3D7 : 2A 85 FE                		ld	hl, (word_5585)
    1097/C3DA : B7                      		or	a
    1098/C3DB : ED 52                   		sbc	hl, de
    1099/C3DD : 19                      		add	hl, de
    1100/C3DE : 38 0B                   		jr	c, loc_43D8
    1101/C3E0 : ED 42                   		sbc	hl, bc
    1102/C3E2 : 30 03                   		jr	nc, loc_43D4
    1103/C3E4 : B7                      		or	a
    1104/C3E5 : ED 62                   		sbc	hl, hl
    1105/C3E7 : 19                      loc_43D4:	add	hl, de
    1106/C3E8 : 22 85 FE                		ld	(word_5585), hl
    1107/C3EB : EB                      loc_43D8:	ex	de, hl
    1108/C3EC : CD 48 C4                		call	sub_4435	; Textende ermitteln
    1109/C3EF : EB                      		ex	de, hl
    1110/C3F0 : B7                      		or	a
    1111/C3F1 : ED 42                   		sbc	hl, bc
    1112/C3F3 : C5                      		push	bc
    1113/C3F4 : E3                      		ex	(sp), hl
    1114/C3F5 : C1                      		pop	bc
    1115/C3F6 : C5                      		push	bc
    1116/C3F7 : ED B0                   		ldir
    1117/C3F9 : CD 55 C4                		call	sub_4442
 AS V1.42 Beta [Bld 297] - Source File picoedasC-as.asm - Page 24 - 4/1/2026 11:57:29


    1118/C3FC : C1                      		pop	bc
    1119/C3FD : C9                      		ret
    1120/C3FE :                         
    1121/C3FE :                         ;---------------------------------------
    1122/C3FE :                         ; DE (BWS) dez ascii -> hex num HL
    1123/C3FE : 21 00 00                sub_43EB:	ld	hl, 0
    1124/C401 : 1A                      loc_43EE:	ld	a, (de)
    1125/C402 : D6 30                   		sub	30h ; '0'
    1126/C404 : D8                      		ret	c		; Ende,	wenn keine Dezimalziffer
    1127/C405 : FE 0A                   		cp	0Ah ; .. '9'
    1128/C407 : D0                      		ret	nc		; Ende,	wenn keine Dezimalziffer
    1129/C408 : D5                      		push	de
    1130/C409 : 54                      		ld	d, h	; HL*10
    1131/C40A : 5D                      		ld	e, l
    1132/C40B : 29                      		add	hl, hl
    1133/C40C : 29                      		add	hl, hl
    1134/C40D : 19                      		add	hl, de
    1135/C40E : 29                      		add	hl, hl
    1136/C40F : 16 00                   		ld	d, 0
    1137/C411 : 5F                      		ld	e, a
    1138/C412 : 19                      		add	hl, de
    1139/C413 : D1                      		pop	de
    1140/C414 : 1B                      		dec	de		; nächste Stelle (BWS), deshalb AC1 dec
    1141/C415 : 18 EA                   		jr	loc_43EE
    1142/C417 :                         
    1143/C417 :                         ;---------------------------------------
    1144/C417 :                         ; Parameter f. RENUM und INUM, Defaults 10
    1145/C417 : 2A 5B 18                sub_4404:	ld	hl, (ARG1)	; erste Zeile
    1146/C41A : 3A 9F FE                		ld	a, (byte_559F)	; Anzahl Kdo.Argumente
    1147/C41D : FE 02                   		cp	2
    1148/C41F : 3E 10                   		ld	a, 10h		; Defaultwert Schrittweite 10
    1149/C421 : 20 03                   		jr	nz, loc_4413
    1150/C423 : 3A 5D 18                		ld	a, (ARG2)
    1151/C426 : 32 84 FE                loc_4413:	ld	(byte_5584), a	; Schrittweite
    1152/C429 : B7                      		or	a		; Schrittweite=0 ?
    1153/C42A : 3E 06                   		ld	a, 6		; Error 06 - Inkrement ist 0
    1154/C42C : CA 23 CB                		jp	z, loc_4B30	; Fehler ausgeben
    1155/C42F : 7C                      		ld	a, h
    1156/C430 : B5                      		or	l		; erste Zeile <> 0?
    1157/C431 : C0                      		ret	nz		; dann raus hier
    1158/C432 :                         ; Nächste Zeilennummer berechnen (BCD)
    1159/C432 : 3A 84 FE                sub_441F:	ld	a, (byte_5584)	; Schrittweite
    1160/C435 : 85                      		add	a, l		; + Zeilennummer
    1161/C436 : 27                      		daa
    1162/C437 : 6F                      		ld	l, a
    1163/C438 : 7C                      		ld	a, h
    1164/C439 : CE 00                   		adc	a, 0
    1165/C43B : 27                      		daa
    1166/C43C : 67                      		ld	h, a
    1167/C43D : C9                      		ret			; Cy=1 Nummer > 9999
    1168/C43E :                         
    1169/C43E :                         ;---------------------------------------
    1170/C43E :                         ; Suche nächste Zeile
    1171/C43E :                         ; suche ab HL+2 Zeilenendebyte 00. Folgt FF, dann Z=1
    1172/C43E : 23                      sub_442B:	inc	hl
    1173/C43F :                         
    1174/C43F :                         ; f. RENUM, Suche nächste Zeile
    1175/C43F :                         ; suche ab HL+1 Zeilenendebyte 00. Folgt FF, dann Z=1
    1176/C43F : 23                      loc_442C:	inc	hl
    1177/C440 :                         ;
 AS V1.42 Beta [Bld 297] - Source File picoedasC-as.asm - Page 25 - 4/1/2026 11:57:29


    1178/C440 : AF                      loc_442D:	xor	a		; 00 Zeilenende
    1179/C441 : 47                      		ld	b, a
    1180/C442 : 4F                      		ld	c, a
    1181/C443 : ED B1                   		cpir			; DE = Anf. neue Zeile
    1182/C445 : 3D                      		dec	a		; FF Textende
    1183/C446 : BE                      		cp	(hl)
    1184/C447 : C9                      		ret
    1185/C448 :                         
    1186/C448 :                         ;---------------------------------------
    1187/C448 :                         ; Textende ermitteln
    1188/C448 :                         ; ret DE=Anfangsdresse+Textlänge
    1189/C448 : E5                      sub_4435:	push	hl
    1190/C449 : 2A 00 FE                		ld	hl, (BUFBEG)	; Anfangsdresse
    1191/C44C : 5E                      		ld	e, (hl)		; Textlänge
    1192/C44D : 23                      		inc	hl
    1193/C44E : 56                      		ld	d, (hl)
    1194/C44F : 2B                      		dec	hl
    1195/C450 : EB                      		ex	de, hl
    1196/C451 : 19                      		add	hl, de
    1197/C452 : EB                      		ex	de, hl
    1198/C453 : E1                      		pop	hl
    1199/C454 : C9                      		ret
    1200/C455 :                         
    1201/C455 :                         ;---------------------------------------
    1202/C455 :                         ;
    1203/C455 : E5                      sub_4442:	push	hl
    1204/C456 : D5                      		push	de
    1205/C457 : 2A 00 FE                		ld	hl, (BUFBEG)	; Anfangsdresse
    1206/C45A : EB                      		ex	de, hl
    1207/C45B : B7                      		or	a
    1208/C45C : ED 52                   		sbc	hl, de
    1209/C45E : EB                      		ex	de, hl
    1210/C45F : 18 12                   		jr	loc_4460
    1211/C461 :                         
    1212/C461 :                         ;---------------------------------------
    1213/C461 :                         ; freier Speicher am Ende
    1214/C461 : E5                      sub_444E:	push	hl
    1215/C462 : 2A 00 FE                		ld	hl, (BUFBEG)	; Anfangsdresse
    1216/C465 : 23                      		inc	hl		; Textlänge übergehen
    1217/C466 : 23                      		inc	hl
    1218/C467 : 5E                      		ld	e, (hl)		; freier Speicher am Ende
    1219/C468 : 23                      		inc	hl
    1220/C469 : 56                      		ld	d, (hl)
    1221/C46A : E1                      		pop	hl
    1222/C46B : C9                      		ret
    1223/C46C :                         
    1224/C46C :                         ;---------------------------------------
    1225/C46C :                         ;
    1226/C46C : E5                      sub_4459:	push	hl
    1227/C46D : D5                      		push	de
    1228/C46E : 2A 00 FE                		ld	hl, (BUFBEG)	; Anfangsdresse
    1229/C471 : 23                      		inc	hl
    1230/C472 : 23                      		inc	hl
    1231/C473 : 73                      loc_4460:	ld	(hl), e
    1232/C474 : 23                      		inc	hl
    1233/C475 : 72                      		ld	(hl), d
    1234/C476 : D1                      		pop	de
    1235/C477 : E1                      		pop	hl
    1236/C478 : C9                      		ret
    1237/C479 :                         
 AS V1.42 Beta [Bld 297] - Source File picoedasC-as.asm - Page 26 - 4/1/2026 11:57:29


    1238/C479 :                         ;---------------------------------------
    1239/C479 :                         ; Bufferende berechnen
    1240/C479 : CD 48 C4                sub_4466:	call	sub_4435	; Textende ermitteln
    1241/C47C : EB                      		ex	de, hl
    1242/C47D : CD 61 C4                		call	sub_444E	; freier Speicher am Ende
    1243/C480 : 19                      		add	hl, de
    1244/C481 : C9                      		ret
    1245/C482 :                         ; Ende orig ZEAP20
    1246/C482 :                         ;---------------------------------------
    1247/C482 :                         
    1248/C482 :                         ;;		db    0
    1249/C482 :                         ;;		db    0
    1250/C482 :                         ;;		db  3Eh	; >
    1251/C482 :                         ;;		db 0FFh
    1252/C482 :                         
    1253/C482 : B7                      sub_4473:	or	a
    1254/C483 : C8                      		ret	z
    1255/C484 : C5                      		push	bc
    1256/C485 : 47                      		ld	b, a
    1257/C486 : AF                      loc_4477:	xor	a
    1258/C487 : E7                      		rst	20h		; MS30
    1259/C488 : CD 33 CD                		call	sub_4D22	; ggf. Abbruch bei Stop
    1260/C48B : 10 F9                   		djnz	loc_4477
    1261/C48D : C1                      		pop	bc
    1262/C48E : C9                      		ret
    1263/C48F :                         
    1264/C48F : 3E 0D                   sub_4480:	ld	a, 0Dh
    1265/C491 : CD 45 CD                		call	sub_4D34
    1266/C494 : 3A 08 FE                		ld	a, (byte_5508)	; Ausgabeverzögerung Druck
    1267/C497 : 18 E9                   		jr	sub_4473
    1268/C499 :                         ;;		db    0
    1269/C499 :                         ;;		db    0
    1270/C499 :                         
    1271/C499 :                         ;---------------------------------------
    1272/C499 :                         ;;loc_448C:	jp	QUIT
    1273/C499 :                         
    1274/C499 :                         ;---------------------------------------
    1275/C499 :                         ; Prüfsumme über Programm
    1276/C499 :                         ; Schutz vor versehenlichen Überschreiben
    1277/C499 : 21 0D C0                chksum:		ld	hl, unk_400D
    1278/C49C : 11 BF DF                		ld	de, unk_543F
    1279/C49F : AF                      		xor	a
    1280/C4A0 : AE                      chksum1:	xor	(hl)
    1281/C4A1 : 23                      		inc	hl
    1282/C4A2 : ED 52                   		sbc	hl, de
    1283/C4A4 : 19                      		add	hl, de
    1284/C4A5 : 38 F9                   		jr	c, chksum1
    1285/C4A7 : AE                      		xor	(hl)
    1286/C4A8 : C8                      		ret	z
    1287/C4A9 :                         ;;		ld	a, 90h 		; checksum error
    1288/C4A9 :                         ;;		call	error		; Ausgabe "Error "
    1289/C4A9 :                         		;
    1290/C4A9 : DF                      		rst     18h
    1291/C4AA : 45 44 41 53 20 64 65 66 		db 'EDAS defekt!',8Dh
         C4B2 : 65 6B 74 21 8D         
    1292/C4B7 :                         		;
    1293/C4B7 :                         ;;		jr	loc_448C
    1294/C4B7 : C3 35 D1                		jp	QUIT
    1295/C4BA :                         ;---------------------------------------
    1296/C4BA :                         ;
 AS V1.42 Beta [Bld 297] - Source File picoedasC-as.asm - Page 27 - 4/1/2026 11:57:29


    1297/C4BA : 3E 20                   sub_44A6:	ld	a, 20h ; ' '
    1298/C4BC : 36 A0                   		ld	(hl), 0A0h ; 'á'
    1299/C4BE : 23                      		inc	hl
    1300/C4BF : AE                      		xor	(hl)
    1301/C4C0 : E6 7F                   		and	7Fh ; ''
    1302/C4C2 : 28 F6                   		jr	z, sub_44A6
    1303/C4C4 : E5                      		push	hl
    1304/C4C5 : AF                      loc_44B1:	xor	a
    1305/C4C6 : 23                      		inc	hl
    1306/C4C7 : AE                      		xor	(hl)
    1307/C4C8 : 28 09                   		jr	z, loc_44BF
    1308/C4CA : 3E A0                   		ld	a, 0A0h	; 'á'
    1309/C4CC : AE                      		xor	(hl)
    1310/C4CD : 20 F6                   		jr	nz, loc_44B1
    1311/C4CF : 36 20                   		ld	(hl), 20h ; ' '
    1312/C4D1 : 18 F2                   		jr	loc_44B1
    1313/C4D3 : E1                      loc_44BF:	pop	hl
    1314/C4D4 : C9                      		ret
    1315/C4D5 :                         
    1316/C4D5 :                         ;---------------------------------------
    1317/C4D5 :                         ; Ausgabe "AC1 U880 Assembler"
    1318/C4D5 : DF                      loc_44C1:	rst	18h		; ed_prnst
    1319/C4D6 : 41 43 31 20 55 38 38 30 		db "AC1 U880 Assembler -",0A0h
         C4DE : 20 41 73 73 65 6D 62 6C
         C4E6 : 65 72 20 2D A0         
    1320/C4EB :                         ;;		nop
    1321/C4EB : C9                      		ret
    1322/C4EC :                         
    1323/C4EC :                         ;---------------------------------------
    1324/C4EC :                         ;
    1325/C4EC : C5                      sub_44D9:	push	bc
    1326/C4ED : 23                      		inc	hl
    1327/C4EE : E5                      loc_44DB:	push	hl
    1328/C4EF : ED 5B 19 FE             		ld	de, (word_5519)	; unk_428F Parse Tree Register
    1329/C4F3 : D5                      		push	de
    1330/C4F4 : 16 00                   		ld	d, 0
    1331/C4F6 : D5                      		push	de
    1332/C4F7 : CD BE C8                loc_44E4:	call	sub_48BE	; nächstes Zeichen
    1333/C4FA : CB 71                   		bit	6, c
    1334/C4FC : 28 0D                   		jr	z, loc_44F8
    1335/C4FE : CD 1C C3                		call	sub_4306	; Abarbeitung nächstes Token
    1336/C501 : 30 F4                   		jr	nc, loc_44E4
    1337/C503 : CD 48 C4                loc_44F0:	call	sub_4435	; Textende ermitteln
    1338/C506 : 2A 89 FE                		ld	hl, (word_5589)
    1339/C509 : 18 1C                   		jr	loc_4514
    1340/C50B :                         ;
    1341/C50B : CD B5 C3                loc_44F8:	call	sub_439F
    1342/C50E : 38 F3                   		jr	c, loc_44F0
    1343/C510 : CB 7B                   		bit	7, e
    1344/C512 : 28 39                   		jr	z, loc_453A
    1345/C514 : ED 5B 0C FE             loc_4501:	ld	de, (word_550C)	; MC-Adr.
    1346/C518 : 18 33                   		jr	loc_453A
    1347/C51A : CD 7F C5                loc_4507:	call	sub_456C
    1348/C51D : 38 0D                   		jr	c, loc_4519
    1349/C51F : 13                      		inc	de
    1350/C520 : 13                      		inc	de
    1351/C521 : CD 50 C5                		call	sub_453D
    1352/C524 : 28 19                   		jr	z, loc_452C
    1353/C526 : C1                      		pop	bc
    1354/C527 : C1                      loc_4514:	pop	bc
 AS V1.42 Beta [Bld 297] - Source File picoedasC-as.asm - Page 28 - 4/1/2026 11:57:29


    1355/C528 : C5                      		push	bc
    1356/C529 : C5                      		push	bc
    1357/C52A : 18 EE                   		jr	loc_4507
    1358/C52C :                         ;
    1359/C52C : E1                      loc_4519:	pop	hl
    1360/C52D : CD BE C8                loc_451A:	call	sub_48BE
    1361/C530 : CB 71                   		bit	6, c
    1362/C532 : 20 F9                   		jr	nz, loc_451A
    1363/C534 : 11 00 00                		ld	de, 0
    1364/C537 : FD CB F6 DE             		set	3, (iy-0Ah)	; 55F4 ??
    1365/C53B : 37                      		scf
    1366/C53C : 9F                      		sbc	a, a
    1367/C53D : 18 0E                   		jr	loc_453A
    1368/C53F :                         ;
    1369/C53F : DD E5                   loc_452C:	push	ix
    1370/C541 : E3                      		ex	(sp), hl
    1371/C542 : 23                      		inc	hl
    1372/C543 : B7                      		or	a
    1373/C544 : ED 52                   		sbc	hl, de
    1374/C546 : E1                      		pop	hl
    1375/C547 : EB                      		ex	de, hl
    1376/C548 : 2B                      		dec	hl
    1377/C549 : 56                      		ld	d, (hl)
    1378/C54A : 2B                      		dec	hl
    1379/C54B : 5E                      		ld	e, (hl)
    1380/C54C : E1                      		pop	hl
    1381/C54D :                         loc_453A:					; sub_48B1-3ACj ...
    1382/C54D : C1                      		pop	bc
    1383/C54E : C1                      		pop	bc
    1384/C54F : C9                      		ret
    1385/C550 :                         
    1386/C550 : 44                      sub_453D:	ld	b, h
    1387/C551 : 4D                      		ld	c, l
    1388/C552 : E1                      		pop	hl
    1389/C553 : E3                      		ex	(sp), hl
    1390/C554 : C5                      		push	bc
    1391/C555 : E3                      		ex	(sp), hl
    1392/C556 : E3                      loc_4543:	ex	(sp), hl
    1393/C557 : CD BE C8                		call	sub_48BE
    1394/C55A : E3                      		ex	(sp), hl
    1395/C55B : CB 71                   		bit	6, c
    1396/C55D : 28 10                   		jr	z, loc_455C
    1397/C55F : 23                      		inc	hl
    1398/C560 : BE                      		cp	(hl)
    1399/C561 : 28 F3                   		jr	z, loc_4543
    1400/C563 : F5                      		push	af
    1401/C564 : CD 6B C6                		call	loc_4664	; Zeichenklasse ermitteln
    1402/C567 : F1                      		pop	af
    1403/C568 : CB 71                   		bit	6, c
    1404/C56A : 20 0C                   		jr	nz, loc_4565
    1405/C56C : B1                      		or	c
    1406/C56D : 18 09                   		jr	loc_4565
    1407/C56F : CD BE C8                loc_455C:	call	sub_48BE
    1408/C572 : AF                      		xor	a
    1409/C573 : CB 71                   		bit	6, c
    1410/C575 : 28 01                   		jr	z, loc_4565
    1411/C577 : 91                      		sub	c
    1412/C578 : E3                      loc_4565:	ex	(sp), hl
    1413/C579 : C1                      		pop	bc
    1414/C57A : E3                      		ex	(sp), hl
 AS V1.42 Beta [Bld 297] - Source File picoedasC-as.asm - Page 29 - 4/1/2026 11:57:29


    1415/C57B : E5                      		push	hl
    1416/C57C : 60                      		ld	h, b
    1417/C57D : 69                      		ld	l, c
    1418/C57E : C9                      		ret
    1419/C57F :                         sub_456C:					; sub_456C+Dj ...
    1420/C57F : CD 40 C4                		call	loc_442D		; Suche nächste Zeile
    1421/C582 : D5                      		push	de
    1422/C583 : CD 56 C6                		call	sub_464F		; Zeilennummer holen
    1423/C586 : D1                      		pop	de
    1424/C587 : D8                      		ret	c			; wenn Bereichsüberschreitung
    1425/C588 : 23                      		inc	hl
    1426/C589 : CD BE C8                		call	sub_48BE
    1427/C58C : 30 F1                   		jr	nc, sub_456C
    1428/C58E : 2B                      		dec	hl
    1429/C58F : B7                      		or	a
    1430/C590 : C9                      		ret
    1431/C591 :                         
    1432/C591 :                         ;---------------------------------------
    1433/C591 :                         ; Ausgabe Symboltabelle
    1434/C591 : CD CF CC                loc_457E:	call	sub_4CB6
    1435/C594 : CD D5 C4                		call	loc_44C1	; Ausgabe "AC1 U880 Assembler"
    1436/C597 : DF                      		rst	18h		; ed_prnst
    1437/C598 :                         ;;		db "Symbol Tabl",0E5h
    1438/C598 : 53 79 6D 62 6F 6C 74 61 		db "Symboltabell",0E5h
         C5A0 : 62 65 6C 6C E5         
    1439/C5A5 :                         ;;		nop
    1440/C5A5 : CD CF CC                		call	sub_4CB6
    1441/C5A8 : CD CF CC                		call	sub_4CB6
    1442/C5AB : 11 BC C0                		ld	de, unk_40A4	; Text "ZZZZZZ"
    1443/C5AE : 21 B5 C0                loc_459B:	ld	hl, unk_409D	; Text "FREE: END: SEC:"
    1444/C5B1 : E5                      		push	hl
    1445/C5B2 : E5                      		push	hl
    1446/C5B3 : 2A 89 FE                		ld	hl, (word_5589)
    1447/C5B6 : CD 7F C5                loc_45A3:	call	sub_456C
    1448/C5B9 : 38 18                   		jr	c, loc_45C0
    1449/C5BB : E5                      		push	hl
    1450/C5BC : D5                      		push	de
    1451/C5BD : CD 50 C5                		call	sub_453D
    1452/C5C0 : C1                      		pop	bc
    1453/C5C1 : C1                      		pop	bc
    1454/C5C2 : 30 F2                   		jr	nc, loc_45A3
    1455/C5C4 : E1                      		pop	hl
    1456/C5C5 : E5                      		push	hl
    1457/C5C6 : C5                      		push	bc
    1458/C5C7 : C5                      		push	bc
    1459/C5C8 : CD 50 C5                		call	sub_453D
    1460/C5CB : E1                      		pop	hl
    1461/C5CC : C1                      		pop	bc
    1462/C5CD : 30 E7                   		jr	nc, loc_45A3
    1463/C5CF : F1                      		pop	af
    1464/C5D0 : C5                      		push	bc
    1465/C5D1 : 18 E3                   		jr	loc_45A3
    1466/C5D3 : E1                      loc_45C0:		pop	hl
    1467/C5D4 : C1                      		pop	bc
    1468/C5D5 : B7                      		or	a
    1469/C5D6 : ED 42                   		sbc	hl, bc
    1470/C5D8 : 09                      		add	hl, bc
    1471/C5D9 : CA CF CC                		jp	z, sub_4CB6
    1472/C5DC : E5                      		push	hl
    1473/C5DD : E5                      		push	hl
 AS V1.42 Beta [Bld 297] - Source File picoedasC-as.asm - Page 30 - 4/1/2026 11:57:29


    1474/C5DE : 23                      		inc	hl
    1475/C5DF : CD B1 C8                		call	sub_48B1
    1476/C5E2 : E1                      		pop	hl
    1477/C5E3 : 28 1E                   		jr	z, loc_45F2
    1478/C5E5 : E5                      		push	hl
    1479/C5E6 : EB                      		ex	de, hl
    1480/C5E7 : EF                      		rst	28h		; ed_outhls
    1481/C5E8 :                         ;;		nop
    1482/C5E8 : DF                      		rst	18h		; ed_prnst
    1483/C5E9 : 08 48 A0                		db 8,'H',0A0h
    1484/C5EC :                         ;;		nop
    1485/C5EC : E1                      		pop	hl
    1486/C5ED : 2B                      		dec	hl
    1487/C5EE : CD 2B C6                		call	sub_4623	; Ausgabe Zeilennummer
    1488/C5F1 : 06 07                   loc_45E0:		ld	b, 7
    1489/C5F3 : CD A0 C6                		call	sub_4699
    1490/C5F6 : 21 D9 EF                		ld	hl, -1027h
    1491/C5F9 : 19                      		add	hl, de
    1492/C5FA : 11 27 10                		ld	de, 1027h
    1493/C5FD : DC 3F C6                		call	c, setcu	; set cursor
    1494/C600 : D4 CF CC                		call	nc, sub_4CB6
    1495/C603 : D1                      loc_45F2:	pop	de
    1496/C604 : 18 A8                   		jr	loc_459B
    1497/C606 :                         
    1498/C606 :                         
    1499/C606 :                         ;---------------------------------------
    1500/C606 :                         ; suche Zeile ARG1
    1501/C606 :                         ; ret HL = Zeilenanfang
    1502/C606 : 2A 00 FE                sub_45F5:	ld	hl, (BUFBEG)	; Anfangsdresse
    1503/C609 : 23                      loc_45F8:	inc	hl
    1504/C60A : 23                      		inc	hl
    1505/C60B : CD 3E C4                loc_45FA:	call	sub_442B	; Suche nächste Zeile
    1506/C60E : C8                      		ret	z		; Textende erreicht
    1507/C60F : 5E                      		ld	e, (hl)
    1508/C610 : 23                      		inc	hl
    1509/C611 : 56                      		ld	d, (hl)		; DE=Zeilennummer
    1510/C612 : 2B                      		dec	hl
    1511/C613 : E5                      		push	hl		; Zeilenanfang
    1512/C614 :                         ;;		nop
    1513/C614 :                         ;;		nop
    1514/C614 :                         ;;		nop
    1515/C614 :                         ;;		nop
    1516/C614 :                         ;;		nop
    1517/C614 :                         ;;		nop
    1518/C614 :                         ;;		nop
    1519/C614 :                         ;;		nop
    1520/C614 : 2A 5B 18                		ld	hl, (ARG1)	; wird ARG1 überschritten?
    1521/C617 : B7                      		or	a
    1522/C618 : ED 52                   		sbc	hl, de
    1523/C61A : E1                      		pop	hl
    1524/C61B : 3F                      		ccf
    1525/C61C : D0                      		ret	nc		; schon größer
    1526/C61D : C8                      		ret	z		; gefunden
    1527/C61E : 18 EB                   		jr	loc_45FA
    1528/C620 :                         
    1529/C620 :                         ;---------------------------------------
    1530/C620 :                         ; Patch zu loc_4664 Zeichenklasse ermitteln
    1531/C620 :                         ; komprimierte Leerzeichen
    1532/C620 : B7                      loc_4617:	or	a		; 00?
    1533/C621 : 28 60                   		jr	z, loc_467C
 AS V1.42 Beta [Bld 297] - Source File picoedasC-as.asm - Page 31 - 4/1/2026 11:57:29


    1534/C623 : FE 20                   		cp	' '		; komprimierte Leerzeichen?
    1535/C625 : 30 5C                   		jr	nc, loc_467C	; nein
    1536/C627 : 3E 20                   		ld	a, ' '		; ja, als Leerzeichen auswerten
    1537/C629 : 18 58                   		jr	loc_467C
    1538/C62B :                         ;;		db    0
    1539/C62B :                         
    1540/C62B :                         ;---------------------------------------
    1541/C62B :                         ; Ausgabe Zeilennummer
    1542/C62B : CD 56 C6                sub_4623:	call	sub_464F	; ret DE=Zeilennummer
    1543/C62E : D8                      		ret	c		; wenn Bereichsüberschreitung
    1544/C62F : E5                      		push	hl		; Zeilenanfang
    1545/C630 : EB                      		ex	de, hl		; HL=Zeilennummer
    1546/C631 : EF                      		rst	28h		; ed_outhls Ausgabe HL
    1547/C632 :                         ;;		nop
    1548/C632 : 22 12 FE                		ld	(word_5512), hl	; Zeilennummer merken
    1549/C635 : E1                      		pop	hl		; Zeilenanfang
    1550/C636 : 23                      		inc	hl
    1551/C637 : CD BE C8                		call	sub_48BE
    1552/C63A : CB 7F                   		bit	7, a
    1553/C63C :                         ; set cursor bws(31,0)
    1554/C63C : 11 3F 10                sub_4635:	ld	de, bws(31,0)
    1555/C63F :                         ;---------------------------------------
    1556/C63F :                         ; set cursor
    1557/C63F :                         ; ret de=alte Cursorposition
    1558/C63F : E5                      setcu:		push	hl
    1559/C640 : 2A 00 18                		ld	hl, (cupos)
    1560/C643 : EB                      		ex	de, hl
    1561/C644 : 22 00 18                		ld	(cupos), hl
    1562/C647 : E1                      		pop	hl
    1563/C648 : C9                      		ret
    1564/C649 :                         
    1565/C649 :                         ;---------------------------------------
    1566/C649 :                         ;die letzten beiden BWS-Zeilen leeren
    1567/C649 : 11 00 10                sub_4642:	ld	de, 1000h
    1568/C64C : 06 7F                   		ld	b, 7Fh
    1569/C64E :                         ; ab DE Bx Leerzeichen
    1570/C64E : 3E 20                   sub_4647:	ld	a, ' '
    1571/C650 : 13                      loc_4649:	inc	de
    1572/C651 : 12                      		ld	(de), a
    1573/C652 : 10 FC                   		djnz	loc_4649
    1574/C654 : 18 E9                   		jr	setcu		; set cursor
    1575/C656 :                         
    1576/C656 :                         ; Zeilennummer holen
    1577/C656 :                         ; ret DE=Nummer, Cy=1 bei Ende oder Bereichsüberschreitung
    1578/C656 : 7E                      sub_464F:	ld	a, (hl)		; Test auf FF
    1579/C657 : C6 01                   		add	a, 1		; wenn A=FF war, dann Cy=1
    1580/C659 : 9F                      		sbc	a, a		;
    1581/C65A : D8                      		ret	c		; bei FF
    1582/C65B : 5E                      		ld	e, (hl)
    1583/C65C : 23                      		inc	hl
    1584/C65D : 56                      		ld	d, (hl)		; DE=Zeilennummer
    1585/C65E : 2B                      		dec	hl
    1586/C65F : E5                      		push	hl		; HL=Zeilenanfang
    1587/C660 : 2A 5D 18                		ld	hl, (ARG2)	; FFFF
    1588/C663 : ED 52                   		sbc	hl, de
    1589/C665 : E1                      		pop	hl
    1590/C666 : C9                      		ret
    1591/C667 :                         
    1592/C667 :                         ;---------------------------------------
    1593/C667 :                         ; Zeichen (HL) ausgeben
 AS V1.42 Beta [Bld 297] - Source File picoedasC-as.asm - Page 32 - 4/1/2026 11:57:29


    1594/C667 : 7E                      sub_4660:	ld	a, (hl)
    1595/C668 :                         ; Zeichen (A) ausgeben
    1596/C668 : 12                      sub_4661:	ld	(de), a		; schreiben in BWS
    1597/C669 : 1B                      		dec	de		; Cursor weiter
    1598/C66A :                         ;
    1599/C66A : 23                      sub_4663:	inc	hl
    1600/C66B :                         ;---------------------------------------
    1601/C66B :                         ;ret: C = Zeichenklasse
    1602/C66B :                         ;	C0: A..Z
    1603/C66B :                         ;	E0: 0..9
    1604/C66B :                         ;	98: 0A0h ; Ende-Marker
    1605/C66B :                         ;	Spezialzeichen s. unk_551D
    1606/C66B :                         ; 	bit 6=1 bei ..
    1607/C66B :                         ; 	bit 4=1 bei Kommentar, Zeilenende oder Ende-Marker
    1608/C66B :                         ;	bit 0=1 bei Trenner (Leerzeichen, Komma)
    1609/C66B : 7E                      loc_4664:	ld	a, (hl)
    1610/C66C : FE 30                   		cp	30h ; '0'
    1611/C66E : 38 B0                   		jr	c, loc_4617	; < 30h
    1612/C670 : FE 41                   		cp	41h ; 'A'
    1613/C672 : 38 0A                   		jr	c, loc_4677	; '0'..'@'
    1614/C674 : 0E C0                   		ld	c, 0C0h
    1615/C676 : FE 5B                   		cp	5Bh ; '['	; 'A'..'Z'
    1616/C678 : D8                      		ret	c
    1617/C679 : 0E 98                   		ld	c, 98h
    1618/C67B : FE A0                   		cp	0A0h 		; Ende-Marker
    1619/C67D : C8                      		ret	z
    1620/C67E : 0E E0                   loc_4677:	ld	c, 0E0h
    1621/C680 : FE 3A                   		cp	3Ah ; ':'	; '0'..'9'
    1622/C682 : D8                      		ret	c
    1623/C683 :                         
    1624/C683 :                         ;---------------------------------------
    1625/C683 :                         ;
    1626/C683 : E5                      loc_467C:	push	hl
    1627/C684 : E6 7F                   		and	7Fh
    1628/C686 : 32 2D FE                		ld	(unk_552D), a	; Zeichen auch in Tabelle eintragen
    1629/C689 :                         					; damit die Fkt. determiniert
    1630/C689 : 21 1D FE                		ld	hl, unk_551D	; Tabelle Zeichenklassen Spezialzeichen
    1631/C68C : 4E                      loc_4685:	ld	c, (hl)		; Zeichenklasse
    1632/C68D : 23                      loc_4686:	inc	hl
    1633/C68E : CB 7E                   		bit	7, (hl)
    1634/C690 : 20 FA                   		jr	nz, loc_4685
    1635/C692 : BE                      		cp	(hl)		; Vgl. Zeichen
    1636/C693 : 20 F8                   		jr	nz, loc_4686
    1637/C695 : E1                      		pop	hl
    1638/C696 : CB 61                   		bit	4, c		; bei Kommentar, Zeilenende oder Ende-Marker
    1639/C698 : C0                      		ret	nz
    1640/C699 : 37                      		scf			; Cy=1,wenn Bit4=0
    1641/C69A : C9                      		ret
    1642/C69B :                         
    1643/C69B :                         ;---------------------------------------
    1644/C69B :                         ;
    1645/C69B : CB 59                   sub_4694:	bit	3, c
    1646/C69D : C0                      		ret	nz
    1647/C69E : 06 05                   		ld	b, 5
    1648/C6A0 :                         ;
    1649/C6A0 :                         ; in B = Anz. Zeichen
    1650/C6A0 : CB 61                   sub_4699:	bit	4, c		; Kommentar, Zeilenende oder Ende-Marker?
    1651/C6A2 : 20 07                   		jr	nz, loc_46A4	; ja
    1652/C6A4 : CD 67 C6                		call	sub_4660	; Zeichen (HL) ausgeben
    1653/C6A7 : 10 F7                   		djnz	sub_4699
 AS V1.42 Beta [Bld 297] - Source File picoedasC-as.asm - Page 33 - 4/1/2026 11:57:29


    1654/C6A9 : 04                      		inc	b		; B=1
    1655/C6AA : C9                      		ret
    1656/C6AB : 1B                      loc_46A4:	dec	de		; cupos
    1657/C6AC : 10 FD                   		djnz	loc_46A4
    1658/C6AE : CD 6B C6                		call	loc_4664	; Zeichenklasse ermitteln
    1659/C6B1 : CB 41                   loc_46AA:	bit	0, c		; Trenner (Leerzeichen, Komma) ?
    1660/C6B3 : C8                      		ret	z		; nein
    1661/C6B4 : CD BE C8                		call	sub_48BE
    1662/C6B7 : 18 F8                   		jr	loc_46AA
    1663/C6B9 :                         
    1664/C6B9 :                         ;---------------------------------------
    1665/C6B9 :                         ; Ausgabe HL, wenn <> FFFF
    1666/C6B9 :                         ; in DE=cupos
    1667/C6B9 : 7C                      sub_46B2:	ld	a, h
    1668/C6BA : A5                      		and	l
    1669/C6BB : 3C                      		inc	a
    1670/C6BC : C8                      		ret	z
    1671/C6BD : CD 3F C6                		call	setcu		; set cursor
    1672/C6C0 : EF                      		rst	28h		; ed_outhls
    1673/C6C1 :                         ;;		nop
    1674/C6C1 : C9                      		ret
    1675/C6C2 :                         
    1676/C6C2 :                         ;---------------------------------------
    1677/C6C2 :                         ;in HL Ende erster Parameter (in BWS)
    1678/C6C2 : 06 00                   sub_46BC:	ld	b, 0
    1679/C6C4 : E5                      sub_46BE:	push	hl
    1680/C6C5 : FD 66 F6                		ld	h, (iy-0Ah)
    1681/C6C8 : 2E 70                   		ld	l, 70h ; 'p'
    1682/C6CA : E3                      		ex	(sp), hl	; Wert auf Stack, HL restaurieren
    1683/C6CB : 11 00 00                		ld	de, 0
    1684/C6CE : CD 6B C6                		call	loc_4664	; Zeichenklasse ermitteln
    1685/C6D1 : FE 28                   		cp	28h ; '('
    1686/C6D3 : 20 2E                   		jr	nz, loc_46FD
    1687/C6D5 : E3                      		ex	(sp), hl
    1688/C6D6 : CB 54                   		bit	2, h
    1689/C6D8 : 20 76                   		jr	nz, loc_474C
    1690/C6DA : CB D4                   		set	2, h
    1691/C6DC : 2C                      		inc	l
    1692/C6DD :                         ; nächsten Parameter bearbeiten
    1693/C6DD : CB 98                   loc_46D7:	res	3, b
    1694/C6DF : E3                      loc_46D9:	ex	(sp), hl
    1695/C6E0 : CD BE C8                		call	sub_48BE
    1696/C6E3 : 38 1E                   		jr	c, loc_46FD
    1697/C6E5 : E3                      		ex	(sp), hl
    1698/C6E6 : FD 74 F6                		ld	(iy-0Ah), h
    1699/C6E9 : CB 60                   		bit	4, b
    1700/C6EB : 20 0A                   		jr	nz, loc_46F1
    1701/C6ED : CB 48                   		bit	1, b
    1702/C6EF : 20 0D                   		jr	nz, loc_46F8
    1703/C6F1 : ED 53 F2 FE             		ld	(word_55F2), de
    1704/C6F5 : 18 07                   		jr	loc_46F8
    1705/C6F7 : 7B                      loc_46F1:	ld	a, e
    1706/C6F8 : CD C7 C3                		call	sub_43B1
    1707/C6FB : FD 73 F7                		ld	(iy-9), e
    1708/C6FE : 45                      loc_46F8:	ld	b, l
    1709/C6FF : E1                      		pop	hl
    1710/C700 : C3 DE C8                		jp	loc_48DE
    1711/C703 :                         ;
    1712/C703 : ED 53 82 FE             loc_46FD:	ld	(word_5582), de
    1713/C707 : CB 69                   		bit	5, c		; Zeichenklasse
 AS V1.42 Beta [Bld 297] - Source File picoedasC-as.asm - Page 34 - 4/1/2026 11:57:29


    1714/C709 : 28 36                   		jr	z, loc_473D
    1715/C70B : FE 22                   		cp	22h ; '"'
    1716/C70D : 20 0F                   		jr	nz, loc_4718
    1717/C70F : CD BE C8                		call	sub_48BE
    1718/C712 : 16 00                   		ld	d, 0
    1719/C714 : 5F                      		ld	e, a
    1720/C715 : FE A0                   		cp	0A0h ; 'á'
    1721/C717 : 20 25                   		jr	nz, loc_473A
    1722/C719 : 1E 20                   		ld	e, 20h ; ' '
    1723/C71B : 23                      		inc	hl
    1724/C71C : 18 20                   		jr	loc_473A
    1725/C71E : EB                      loc_4718:	ex	de, hl
    1726/C71F : FE 23                   		cp	23h ; '#'
    1727/C721 : 28 14                   		jr	z, loc_4732
    1728/C723 : D5                      		push	de
    1729/C724 : F7                      		rst	30h		; ed_konvx
    1730/C725 :                         ;;		nop
    1731/C725 : 1A                      		ld	a, (de)		; Zeichen nach Ziffern
    1732/C726 : FE 48                   		cp	'H'		; folgt suffix 'H'?
    1733/C728 : 20 07                   		jr	nz, loc_472C	; nein, dezimal
    1734/C72A : E1                      		pop	hl
    1735/C72B : 2A 59 18                		ld	hl, (data+1)	; Wert
    1736/C72E : 1B                      		dec	de		; nächstes Zeichen (BWS)
    1737/C72F : 18 0B                   		jr	loc_4738
    1738/C731 : D1                      loc_472C:	pop	de
    1739/C732 : CD FE C3                		call	sub_43EB	; Ascii Dez -> Hex
    1740/C735 : 18 05                   		jr	loc_4738
    1741/C737 : 1B                      loc_4732:	dec	de
    1742/C738 : F7                      		rst	30h		; ed_konvx
    1743/C739 :                         ;;		nop
    1744/C739 : 2A 59 18                		ld	hl, (data+1)
    1745/C73C : EB                      loc_4738:	ex	de, hl		; DE=num. Parameter
    1746/C73D : 23                      		inc	hl		; vorheriges Zeichen (BWS)
    1747/C73E : E3                      loc_473A:	ex	(sp), hl
    1748/C73F : 18 58                   		jr	loc_4795
    1749/C741 : CB 71                   loc_473D:	bit	6, c
    1750/C743 : 28 74                   		jr	z, loc_47B5
    1751/C745 : CD EC C4                		call	sub_44D9
    1752/C748 : 23                      		inc	hl
    1753/C749 : E3                      		ex	(sp), hl
    1754/C74A : 20 3E                   		jr	nz, loc_4786
    1755/C74C : CB 48                   		bit	1, b
    1756/C74E : 3E 24                   		ld	a, 24h 		; Error 24 - zu viele Register
    1757/C750 : 20 75                   loc_474C:	jr	nz, loc_47C3	; Fehler ausgeben
    1758/C752 : CB 50                   		bit	2, b
    1759/C754 : 20 71                   		jr	nz, loc_47C3	; Fehler ausgeben
    1760/C756 : CB C8                   		set	1, b
    1761/C758 : 7A                      		ld	a, d
    1762/C759 : FE 62                   		cp	62h ; 'b'
    1763/C75B : 20 21                   		jr	nz, loc_477A
    1764/C75D : 7B                      		ld	a, e
    1765/C75E : E6 30                   		and	30h ; '0'
    1766/C760 : F5                      		push	af
    1767/C761 : B0                      		or	b
    1768/C762 : 47                      		ld	b, a
    1769/C763 : 0F                      		rrca
    1770/C764 : 0F                      		rrca
    1771/C765 : 0F                      		rrca
    1772/C766 : 0F                      		rrca
    1773/C767 : A5                      		and	l
 AS V1.42 Beta [Bld 297] - Source File picoedasC-as.asm - Page 35 - 4/1/2026 11:57:29


    1774/C768 : E6 01                   		and	1
    1775/C76A : B4                      		or	h
    1776/C76B : 67                      		ld	h, a
    1777/C76C : F1                      		pop	af
    1778/C76D : CB 7C                   		bit	7, h
    1779/C76F : 20 06                   		jr	nz, loc_4773
    1780/C771 : CB FC                   		set	7, h
    1781/C773 : B4                      		or	h
    1782/C774 : 67                      		ld	h, a
    1783/C775 : 18 07                   		jr	loc_477A
    1784/C777 : AC                      loc_4773:	xor	h
    1785/C778 : E6 30                   		and	30h ; '0'
    1786/C77A : 3E 25                   		ld	a, 25h 		; Error 25 - unzulässige Operandenkombination
    1787/C77C : 20 49                   		jr	nz, loc_47C3	; Fehler ausgeben
    1788/C77E : 7D                      loc_477A:	ld	a, l
    1789/C77F : E6 01                   		and	1
    1790/C781 : B2                      		or	d
    1791/C782 : 6F                      		ld	l, a
    1792/C783 : ED 5B 82 FE             		ld	de, (word_5582)
    1793/C787 : C3 DD C6                loc_4783:	jp	loc_46D7
    1794/C78A :                         ;
    1795/C78A : 30 0D                   loc_4786:	jr	nc, loc_4795
    1796/C78C : FD 7E F6                		ld	a, (iy-0Ah)
    1797/C78F : E6 08                   		and	8
    1798/C791 : B4                      		or	h
    1799/C792 : 67                      		ld	h, a
    1800/C793 : CB 40                   		bit	0, b
    1801/C795 : 3E 41                   		ld	a, 41h 		; Error 41 - illegale Vorwärtsreferenz
    1802/C797 : 20 2E                   		jr	nz, loc_47C3	; Fehler ausgeben
    1803/C799 :                         loc_4795:
    1804/C799 : E5                      		push	hl
    1805/C79A : CB 58                   		bit	3, b
    1806/C79C : 2A 82 FE                		ld	hl, (word_5582)
    1807/C79F : 20 03                   		jr	nz, loc_47A0
    1808/C7A1 : 19                      		add	hl, de
    1809/C7A2 : 18 03                   		jr	loc_47A3
    1810/C7A4 : B7                      loc_47A0:	or	a
    1811/C7A5 : ED 52                   		sbc	hl, de
    1812/C7A7 : EB                      loc_47A3:	ex	de, hl
    1813/C7A8 : E1                      		pop	hl
    1814/C7A9 : CB 48                   		bit	1, b
    1815/C7AB : 28 DA                   		jr	z, loc_4783
    1816/C7AD : CB 60                   		bit	4, b
    1817/C7AF : 3E 27                   		ld	a, 27h 		; Error 27 - illegaler Operand
    1818/C7B1 : 28 14                   		jr	z, loc_47C3	; Fehler ausgeben
    1819/C7B3 : CB 45                   		bit	0, l
    1820/C7B5 : 28 10                   		jr	z, loc_47C3	; Fehler ausgeben
    1821/C7B7 : 18 CE                   		jr	loc_4783
    1822/C7B9 : CB D8                   loc_47B5:	set	3, b
    1823/C7BB : E3                      		ex	(sp), hl
    1824/C7BC : FE 2D                   		cp	2Dh ; '-'
    1825/C7BE : CA DF C6                		jp	z, loc_46D9
    1826/C7C1 : CB 49                   		bit	1, c
    1827/C7C3 : 20 C2                   		jr	nz, loc_4783
    1828/C7C5 : 3E 26                   		ld	a, 26h 		; Error 26 - illegales Zeichen
    1829/C7C7 :                         ; Fehler ausgeben (fwd)
    1830/C7C7 : C3 23 CB                loc_47C3:	jp	loc_4B30	; Fehler ausgeben
    1831/C7CA :                         
    1832/C7CA :                         ;---------------------------------------
    1833/C7CA :                         ; Ausgabe MC
 AS V1.42 Beta [Bld 297] - Source File picoedasC-as.asm - Page 36 - 4/1/2026 11:57:29


    1834/C7CA : D9                      sub_47C6:	exx
    1835/C7CB : 2A 0C FE                		ld	hl, (word_550C)	; MC-Adr.
    1836/C7CE : FD CB 00 4E             		bit	1, (iy+0)	;
    1837/C7D2 : CA 67 C8                		jp	z, loc_4864	; Byte eintragen
    1838/C7D5 : FD CB 01 5E             		bit	3, (iy+1)	; Assembleroptionen
    1839/C7D9 : 18 32                   		jr	loc_4809	; ..weiter
    1840/C7DB :                         
    1841/C7DB :                         ;---------------------------------------
    1842/C7DB :                         ; rst30
    1843/C7DB :                         ; fuehrende Leerzeichen ueberlesen,
    1844/C7DB :                         ; letzen vier Zeichen als Hexzahl konvertieren
    1845/C7DB :                         ; und in data ablegen
    1846/C7DB :                         ; entspricht Routine im Monitor
    1847/C7DB :                         ; ret HL = data, data = Anz. Stellen; data+1=word
    1848/C7DB : 1A                      konvx:		ld	a, (de)
    1849/C7DC : FE 20                   		cp	' '
    1850/C7DE : 1B                      		dec	de
    1851/C7DF : 28 FA                   		jr	z, konvx
    1852/C7E1 : 13                      		inc	de
    1853/C7E2 : AF                      		xor	a
    1854/C7E3 : 21 58 18                konvx1:		ld	hl, data	; Puffer, im Monitor
    1855/C7E6 : 77                      		ld	(hl), a
    1856/C7E7 : 23                      		inc	hl
    1857/C7E8 : 77                      		ld	(hl), a
    1858/C7E9 : 23                      		inc	hl
    1859/C7EA : 77                      		ld	(hl), a
    1860/C7EB : 1A                      konvx2:		ld	a, (de)
    1861/C7EC : 2B                      		dec	hl
    1862/C7ED : 2B                      		dec	hl
    1863/C7EE : D6 30                   		sub	30h ; '0'
    1864/C7F0 : F8                      		ret	m
    1865/C7F1 : FE 0A                   		cp	0Ah
    1866/C7F3 : 38 08                   		jr	c, konvx3
    1867/C7F5 : D6 07                   		sub	7
    1868/C7F7 : FE 0A                   		cp	0Ah
    1869/C7F9 : F8                      		ret	m
    1870/C7FA : FE 10                   		cp	10h
    1871/C7FC : F0                      		ret	p
    1872/C7FD : 1B                      konvx3:		dec	de
    1873/C7FE : 34                      		inc	(hl)
    1874/C7FF : 23                      		inc	hl
    1875/C800 : ED 6F                   		rld
    1876/C802 : 23                      		inc	hl
    1877/C803 : ED 6F                   		rld
    1878/C805 : 18 E4                   		jr	konvx2
    1879/C807 :                         
    1880/C807 :                         ;---------------------------------------
    1881/C807 :                         ; UP zu SWAP
    1882/C807 : CD 7C D1                loc_4803:	call	sub_5169
    1883/C80A : C3 E8 CB                		jp	loc_4BE6
    1884/C80D :                         
    1885/C80D :                         ;---------------------------------------
    1886/C80D :                         ; UP zu sub_47C6
    1887/C80D : 2A 0C FE                loc_4809:	ld	hl, (word_550C)	; MC-Adr.
    1888/C810 : E5                      		push	hl
    1889/C811 : FD CB 01 4E             		bit	1, (iy+1)	; Assembleroptionen
    1890/C815 :                         					; "MC in Speicher laden"
    1891/C815 : 28 2B                   		jr	z, loc_483E	; nein
    1892/C817 : ED 5B 0A FE             		ld	de, (mc_ofs)	; offset for code generation
    1893/C81B : 19                      		add	hl, de
 AS V1.42 Beta [Bld 297] - Source File picoedasC-as.asm - Page 37 - 4/1/2026 11:57:29


    1894/C81C : FD CB 00 76             		bit	6, (iy+0)
    1895/C820 : 20 20                   		jr	nz, loc_483E
    1896/C822 :                         		;;ld	bc, RAMA	; Bereich loc_5400..unk_5600
    1897/C822 : 01 B0 FD                		LD	BC, word_54B0
    1898/C825 : 11 00 FF                		ld	de, unk_5600
    1899/C828 : CD F3 C8                		call	sub_48F5	; testen
    1900/C82B : 01 00 C0                		ld	bc, loc_4000	; Bereich loc_4000..loc_53FC+3
    1901/C82E :                         		;;ld	de, loc_53FC+3
    1902/C82E : 11 00 E0                		ld	de, unk_6000
    1903/C831 : CD F3 C8                		call	sub_48F5	; testen
    1904/C834 : ED 4B 00 FE             		ld	bc, (BUFBEG)	; Anfangsdresse
    1905/C838 : E5                      		push	hl
    1906/C839 : CD 79 C4                		call	sub_4466	; Bufferende
    1907/C83C : EB                      		ex	de, hl
    1908/C83D : E1                      		pop	hl
    1909/C83E : CD F3 C8                		call	sub_48F5	; testen
    1910/C841 : 77                      		ld	(hl), a		; Code in Speicher schreiben
    1911/C842 : FD CB 00 46             loc_483E:	bit	0, (iy+0)
    1912/C846 : 20 1E                   		jr	nz, loc_4863
    1913/C848 : 2A 00 18                		ld	hl, (cupos)
    1914/C84B : C3 C8 C8                		jp	loc_48C8
    1915/C84E :                         ;;		db    0
    1916/C84E :                         
    1917/C84E :                         
    1918/C84E :                         ;
    1919/C84E : 30 13                   loc_484B:	jr	nc, loc_4860
    1920/C850 : F5                      		push	af
    1921/C851 : CD CF CC                		call	sub_4CB6
    1922/C854 : 11 39 10                		ld	de, bws(31,6)	; 1039h
    1923/C857 : 06 46                   		ld	b, 46h ; 'F'
    1924/C859 : CD 4E C6                		call	sub_4647
    1925/C85C : 11 7A 10                		ld	de, bws(30,5)	; 107Ah
    1926/C85F : CD 3F C6                		call	setcu		; set cursor
    1927/C862 : F1                      		pop	af
    1928/C863 : CD EE 07                loc_4860:	call	OUTHEX
    1929/C866 : E1                      loc_4863:	pop	hl
    1930/C867 :                         ; Byte eintragen
    1931/C867 : 23                      loc_4864:	inc	hl
    1932/C868 : 22 0C FE                		ld	(word_550C), hl	; MC-Adr.
    1933/C86B : D9                      		exx
    1934/C86C : C9                      		ret
    1935/C86D :                         
    1936/C86D :                         ; Fehlerzähler rücksetzen
    1937/C86D : 21 B2 FE                sub_486A:	ld	hl, errcnt		; Fehlerzähler
    1938/C870 : AF                      		xor	a
    1939/C871 : 77                      		ld	(hl), a
    1940/C872 : 23                      		inc	hl
    1941/C873 : 77                      		ld	(hl), a
    1942/C874 : 21 09 09                		ld	hl, 909h		; Defaultwert f. word_557C
    1943/C877 : C9                      		ret
    1944/C878 :                         
    1945/C878 :                         ; Fehlerzähler um 1 erhöhen (BCD)
    1946/C878 : 2A B2 FE                sub_4875:	ld	hl, (errcnt)		; Fehlerzähler
    1947/C87B : B7                      		or	a
    1948/C87C : 7D                      		ld	a, l
    1949/C87D : 3C                      		inc	a
    1950/C87E : 27                      		daa
    1951/C87F : 20 02                   		jr	nz, loc_4880
    1952/C881 : AF                      		xor	a
    1953/C882 : 24                      		inc	h
 AS V1.42 Beta [Bld 297] - Source File picoedasC-as.asm - Page 38 - 4/1/2026 11:57:29


    1954/C883 : 6F                      loc_4880:	ld	l, a
    1955/C884 : 22 B2 FE                		ld	(errcnt), hl		; Fehlerzähler
    1956/C887 : C9                      		ret
    1957/C888 :                         
    1958/C888 :                         ;---------------------------------------
    1959/C888 :                         ; Ausgabe "Error "
    1960/C888 : DF                      error:		rst	18h		; ed_prnst
    1961/C889 : 46 65 68 6C 65 72 A0    		db "Fehler",0A0h
    1962/C890 : C9                      		ret
    1963/C891 :                         
    1964/C891 :                         ;---------------------------------------
    1965/C891 :                         ; Ausgabe Anz. Fehler
    1966/C891 : 2A B2 FE                loc_488D:	ld	hl, (errcnt)	; Fehlerzähler
    1967/C894 : D5                      		push	de
    1968/C895 : CD CF CC                		call	sub_4CB6
    1969/C898 : 11 77 10                		ld	de, bws(30,8)
    1970/C89B : CD 3F C6                		call	setcu		; set cursor
    1971/C89E : D1                      		pop	de
    1972/C89F : CD B6 C8                		call	sub_48B6	; Ausgabe "******"
    1973/C8A2 : EF                      		rst	28h		; ed_outhls
    1974/C8A3 :                         					; Ausgabe Fehlerzähler
    1975/C8A3 : CD 88 C8                		call	error		; Ausgabe "Error "
    1976/C8A6 : 2B                      		dec	hl
    1977/C8A7 : 7D                      		ld	a, l
    1978/C8A8 : B4                      		or	h		; Fehlerzähler = 1?
    1979/C8A9 : 28 00                   		jr	z, loc_48AB	; ja
    1980/C8AB :                         ;;		rst	18h		; ed_prnst
    1981/C8AB :                         ;;		db 8,'s',0A0h		; sonst Plural "Errors "
    1982/C8AB : CD B6 C8                loc_48AB:	call	sub_48B6	; Ausgabe "******"
    1983/C8AE : C3 CF CC                		jp	sub_4CB6
    1984/C8B1 :                         
    1985/C8B1 :                         ;---------------------------------------
    1986/C8B1 :                         ; Patch zu
    1987/C8B1 : C5                      sub_48B1:	push	bc
    1988/C8B2 : 2B                      		dec	hl
    1989/C8B3 : C3 EE C4                		jp	loc_44DB
    1990/C8B6 :                         
    1991/C8B6 :                         ;---------------------------------------
    1992/C8B6 :                         ; Ausgabe "******"
    1993/C8B6 : DF                      sub_48B6:	rst	18h		; ed_prnst
    1994/C8B7 : 2A 2A 2A 2A 2A A0       		db "*****",0A0h
    1995/C8BD : C9                      		ret
    1996/C8BE :                         
    1997/C8BE :                         ;---------------------------------------
    1998/C8BE :                         ; nächstes Zeichen
    1999/C8BE :                         sub_48BE:	; test auf BWS Ende
    2000/C8BE : 3E 17                   		ld	a, 17h		; BWS
    2001/C8C0 : 94                      		sub	h		; HL=cupos
    2002/C8C1 : DA 6A C6                		jp	c, sub_4663	; wenn BWS unterschritten
    2003/C8C4 :                         					; dann ein Zeichen zurück
    2004/C8C4 :                         					; und Zeichenklasse ermitteln
    2005/C8C4 : 2B                      sub_48C4:	dec	hl		; sonst ein Zeichen vor
    2006/C8C5 : C3 6B C6                		jp	loc_4664	; und Zeichenklasse ermitteln
    2007/C8C8 :                         
    2008/C8C8 :                         ;---------------------------------------
    2009/C8C8 :                         ;
    2010/C8C8 : 11 74 10                loc_48C8:	ld	de, 1074h	; bws(30,11)
    2011/C8CB : B7                      		or	a
    2012/C8CC : ED 52                   		sbc	hl, de
    2013/C8CE : C3 4E C8                		jp	loc_484B
 AS V1.42 Beta [Bld 297] - Source File picoedasC-as.asm - Page 39 - 4/1/2026 11:57:29


    2014/C8D1 :                         ;
    2015/C8D1 : F5                      sub_48D1:	push	af
    2016/C8D2 : 7E                      loc_48D2:	ld	a, (hl)
    2017/C8D3 : 12                      		ld	(de), a
    2018/C8D4 : 23                      		inc	hl
    2019/C8D5 : 1B                      		dec	de
    2020/C8D6 : 0D                      		dec	c
    2021/C8D7 : 20 F9                   		jr	nz, loc_48D2
    2022/C8D9 : F1                      		pop	af
    2023/C8DA : 21 5A 18                		ld	hl, data+2
    2024/C8DD : C9                      		ret
    2025/C8DE :                         
    2026/C8DE :                         ;
    2027/C8DE : CD 6B C6                loc_48DE:	call	loc_4664	; Zeichenklasse ermitteln
    2028/C8E1 : CB 41                   sub_48E1:	bit	0, c		; Trenner (Leerzeichen, Komma) ?
    2029/C8E3 : C8                      		ret	z		; nein
    2030/C8E4 : CD BE C8                		call	sub_48BE
    2031/C8E7 : 18 F8                   		jr	sub_48E1
    2032/C8E9 :                         
    2033/C8E9 :                         ;---------------------------------------
    2034/C8E9 : E3                      prnst0:		ex	(sp), hl
    2035/C8EA : 7E                      prnst1:		ld	a, (hl)
    2036/C8EB : 23                      		inc	hl
    2037/C8EC : D7                      		rst	10h		; ed_outch0
    2038/C8ED : CB 7F                   		bit	7, a
    2039/C8EF : 28 F9                   		jr	z, prnst1
    2040/C8F1 : E3                      		ex	(sp), hl
    2041/C8F2 : C9                      		ret
    2042/C8F3 :                         
    2043/C8F3 :                         ;---------------------------------------
    2044/C8F3 :                         ;;		db    0
    2045/C8F3 :                         ;;		db 0FFh
    2046/C8F3 :                         
    2047/C8F3 :                         ;---------------------------------------
    2048/C8F3 :                         ; Bereichstest HL between BC and DE
    2049/C8F3 : E5                      sub_48F5:	push	hl
    2050/C8F4 : B7                      		or	a
    2051/C8F5 : ED 52                   		sbc	hl, de
    2052/C8F7 : E1                      		pop	hl
    2053/C8F8 : D0                      		ret	nc
    2054/C8F9 : E5                      		push	hl
    2055/C8FA : B7                      		or	a
    2056/C8FB : ED 42                   		sbc	hl, bc
    2057/C8FD : E1                      		pop	hl
    2058/C8FE : D8                      		ret	c
    2059/C8FF :                         		; Fehlerfall
    2060/C8FF : FD CB 00 F6             		set	6, (iy+0)
    2061/C903 : 3E 60                   		ld	a, 60h 		; Error 60 - memory object code overwriting
    2062/C905 : C3 23 CB                		jp	loc_4B30	; Fehler ausgeben
    2063/C908 :                         
    2064/C908 :                         ;---------------------------------------
    2065/C908 :                         ; Reaktivieren eines vorhandenen Quelltextes
    2066/C908 :                         ; Y - Reaktivieren des Editierpuffers. Hiermit kann ein im Speicher vorhandener
    2067/C908 :                         ; Quelltext nach einem Kaltstart von EDAS*4 wieder aktiviert werden. Das ist
    2068/C908 :                         ; notwendig, wenn eine Quelle von Kassette geladen wurde oder wenn nach einem
    2069/C908 :                         ; eventuellen Systemabsturz die Quelle noch erhalten geblieben ist. Ein
    2070/C908 :                         ; Reaktivieren ist jedoch nur so lange möglich, wie noch keine Quellzeile
    2071/C908 :                         ; eingegeben wurde. Außerdem muß natürlich der Anfang des vereinbarten
    2072/C908 :                         ; Editierpuffers mit dem Anfang des Quelltextes übereinstimmen.
    2073/C908 :                         
 AS V1.42 Beta [Bld 297] - Source File picoedasC-as.asm - Page 40 - 4/1/2026 11:57:29


    2074/C908 : 2A 00 FE                REUSE:		ld	hl, (BUFBEG)	; Anfangsdresse
    2075/C90B : 23                      		inc	hl
    2076/C90C : 23                      		inc	hl		; Länge
    2077/C90D : 23                      		inc	hl
    2078/C90E : 23                      		inc	hl		; Offs
    2079/C90F : 23                      		inc	hl		; Trenner
    2080/C910 : 7E                      		ld	a, (hl)		; 1. Zeilennummer bzw. FF
    2081/C911 : FE FF                   		cp	0FFh		; bei leerem Puffer
    2082/C913 : 3E 05                   		ld	a, 5		; Error 05 - Reaktivieren des Puffers nicht möglich
    2083/C915 : C2 27 CB                		jp	nz, sub_4B34	; Fehler ausgeben, wenn nicht FF
    2084/C918 : 2A 75 FE                		ld	hl, (p_BUFBEG)	; Parameter ARG2 Anfangsadresse
    2085/C91B : 22 00 FE                		ld	(BUFBEG), hl	; Anfangsdresse
    2086/C91E : 11 6F FE                		ld	de, unk_556F	; Buffersicherung
    2087/C921 : 01 06 00                		ld	bc, 6		; Länge
    2088/C924 : EB                      		ex	de, hl
    2089/C925 : ED B0                   		ldir			; rückschreiben
    2090/C927 : C9                      		ret
    2091/C928 :                         ;---------------------------------------
    2092/C928 :                         ; Assembleroptionen setzen/rücksetzen
    2093/C928 :                         ; +x - Ergänze Option (nur bitweise).
    2094/C928 :                         
    2095/C928 : 7D                      SETOPT:		ld	a, l
    2096/C929 : FD B6 01                		or	(iy+1)		; Assembleroptionen
    2097/C92C : 18 08                   		jr	loc_4938
    2098/C92E :                         
    2099/C92E :                         ;---------------------------------------
    2100/C92E :                         ; Assembleroptionen setzen/rücksetzen
    2101/C92E :                         ; -x - Streiche Option (nur bitweise).
    2102/C92E :                         
    2103/C92E : 7D                      RESOPT:		ld	a, l
    2104/C92F : 2F                      		cpl
    2105/C930 : FD A6 01                		and	(iy+1)		; Assembleroptionen
    2106/C933 : 18 01                   		jr	loc_4938
    2107/C935 :                         
    2108/C935 :                         ;---------------------------------------
    2109/C935 :                         ; Assembleroptionen setzen/rücksetzen
    2110/C935 :                         ; O x - Setze Assembler-Option mit Maske (1 Byte).
    2111/C935 :                         ; Bit 0 +01 - Unterdrücke Assemblerlisting; fehlerhafte Zeilen werden trotzdem
    2112/C935 :                         ; ausgegeben.
    2113/C935 :                         ; Bit 1 +02 - Maschinenkode in Speicher laden; nur wenn dieses Bit gesetzt ist,
    2114/C935 :                         ; wird der Maschinenkode im zugehörenden Speicher abgelegt.
    2115/C935 :                         ; Bit 2 +04 - Assemblerlisting zur Druckerschnittstelle; das Assemblerlisting wird
    2116/C935 :                         ; zeichenweise der Druckerschnittstelle übergeben.
    2117/C935 :                         ; Bit 4 + 10 - Erzwinge 2. Lauf bei Fehlern im 1. Lauf; im Normalfall wird bei
    2118/C935 :                         ; Fehlern im Lauf 1 an dessen Ende der Assembler abgebrochen.
    2119/C935 :                         ; Bit 5 +20 - Relative Sprungdistanzen sind absolut angegeben; hiermit kann z.B.
    2120/C935 :                         ; der Sprungangabe bei SYPS K 1520 entsprochen werden (z.B. JR marke-$).
    2121/C935 :                         ; Bit 7 + 80 - Ausgabe einer Symboltabelle; im Anschluß an den zweiten
    2122/C935 :                         ; Assemblerlauf wird eine alphabetisch geordnete Liste aller verwendeten Symbole
    2123/C935 :                         ; erzeugt, die auch deren Werte und die Zeilen, in denen sie definiert wurden,
    2124/C935 :                         ; enthält.
    2125/C935 :                         
    2126/C935 : 7D                      OPTIONS:	ld	a, l
    2127/C936 :                         loc_4938:	;;and	0B7h
    2128/C936 : E6 F7                   		and	0F7h
    2129/C938 : FD 77 01                		ld	(iy+1),	a	; Assembleroptionen
    2130/C93B : 32 07 FE                		ld	(byte_5507), a	; Assembleroptionen
    2131/C93E : C9                      		ret
    2132/C93F :                         ;;		nop
    2133/C93F :                         ;;		nop
 AS V1.42 Beta [Bld 297] - Source File picoedasC-as.asm - Page 41 - 4/1/2026 11:57:29


    2134/C93F :                         
    2135/C93F :                         ;---------------------------------------
    2136/C93F :                         ; Seitengröße auf Bildschirm einstellen
    2137/C93F :                         ; H h - Setzen der Seitengröße auf h (hex.).
    2138/C93F :                         ; H - Setzen der Seitengröße auf 25 Zeilen.
    2139/C93F :                         ; H 0 - Setzen auf kontinuierliche Ausgabe.
    2140/C93F :                         ; Nach der Ausgabe von h Zeilen auf dem Bildschirm wird die Ausgabe unterbrochen
    2141/C93F :                         ; und nach dem Drücken einer Taste um jeweils eine weitere Seitengröße
    2142/C93F :                         ; fortgesetzt. Nach dem Start ist die Seitengröße auf 25 Zeilen festgelegt.
    2143/C93F :                         
    2144/C93F : 7D                      HEIGHT:		ld	a, l		; in HL=1.Parameter Hex
    2145/C940 : 20 02                   		jr	nz, loc_4948
    2146/C942 : 3E 19                   		ld	a, 25
    2147/C944 : 32 14 FE                loc_4948:	ld	(byte_5514), a
    2148/C947 : C9                      		ret
    2149/C948 :                         
    2150/C948 :                         ;---------------------------------------
    2151/C948 :                         ; Ansprung des assemblierten Programms
    2152/C948 :                         ; G - direkter Ansprung des assemblierten Programms zur Adresse, die mit ENT
    2153/C948 :                         ; markiert wurde. Voraussetzung zur Ausführung dieses Kommandos sind ein
    2154/C948 :                         ; Assemblerlauf mit gesetztem Bit 1 und eine ENT-Anweisung im Quelltext. Vor
    2155/C948 :                         ; Ausführung dieses Kommandos empfiehlt es sich, die aktuelle Quelle auf Kassette
    2156/C948 :                         ; zu sichern, da man nie sicher ist, ob sich nicht doch ein Fehler im Programm
    2157/C948 :                         ; befindet.
    2158/C948 :                         
    2159/C948 : 2A 0A FE                GO:		ld	hl, (mc_ofs)	; offset for code generation
    2160/C94B : 7C                      		ld	a, h
    2161/C94C : B5                      		or	l
    2162/C94D : 20 26                   		jr	nz, loc_4963	; bei offs kein Go
    2163/C94F : FD CB 01 4E             		bit	1, (iy+1)	; Assembleroptionen
    2164/C953 : 28 20                   		jr	z, loc_4963	; no code, no Go
    2165/C955 : 2A 0E FE                		ld	hl, (word_550E)	; ENT-Adresse
    2166/C958 : 23                      		inc	hl
    2167/C959 : 7C                      		ld	a, h
    2168/C95A : B5                      		or	l
    2169/C95B : 28 18                   		jr	z, loc_4963	; no ENT Adr.
    2170/C95D :                         ;;		jr	loc_497A
    2171/C95D :                         
    2172/C95D : CD 88 C9                		call    loc_497A
    2173/C960 : 21 3F 10                		ld      hl, 103Fh
    2174/C963 : 22 00 18                		ld      (1800h), hl
    2175/C966 : DF                      		rst     18h
    2176/C967 : 3C 54 61 73 74 65 2E 2E 		db '<Taste...'
         C96F : 2E                     
    2177/C970 : BE                      		db 0BEh
    2178/C971 : CF                      		rst     8
    2179/C972 : C3 3F CB                		jp      WARM
    2180/C975 :                         
    2181/C975 : 3E 04                   loc_4963:	ld	a, 4		; Error 04 -- illegal GO
    2182/C977 : C3 23 CB                		jp	loc_4B30	; Fehler ausgeben
    2183/C97A :                         
    2184/C97A :                         ;---------------------------------------
    2185/C97A :                         ; Ausgabeverzögerung setzen
    2186/C97A :                         ; J h - Setzen einer Schirmausgabeverzögerung (h 1..FF).
    2187/C97A :                         ; J 0 - Rücksetzen der Verzögerung.
    2188/C97A :                         
    2189/C97A : 7D                      DELAY:		ld	a, l		; in HL=1.Parameter Hex
    2190/C97B : 32 09 FE                		ld	(byte_5509), a	; Ausgabeverzögerung BWS
    2191/C97E : C9                      		ret
    2192/C97F :                         
 AS V1.42 Beta [Bld 297] - Source File picoedasC-as.asm - Page 42 - 4/1/2026 11:57:29


    2193/C97F :                         ;---------------------------------------
    2194/C97F :                         ; K h - Wie J, aber nur bei Druckerausgabe.
    2195/C97F :                         ; Mit dem "J"- bzw. "K"-Kommando läßt sich die Geschwindigkeit der Bildschirm bzw.
    2196/C97F :                         ; Druckerausgabe steuern, in dem entsprechend dem Argument h nach jedem cr
    2197/C97F :                         ; gewartet wird. Nach dem Start sind beide Verzögerungen ausgeschaltet.
    2198/C97F :                         
    2199/C97F : 7D                      PDELAY:		ld	a, l		; in HL=1.Parameter Hex
    2200/C980 : 32 08 FE                		ld	(byte_5508), a	; Ausgabeverzögerung Druck
    2201/C983 : C9                      		ret
    2202/C984 :                         
    2203/C984 :                         ;???
    2204/C984 :                         ;;		ld	(byte_5508), hl	; Ausgabeverzögerung Druck
    2205/C984 :                         ;;		ret
    2206/C984 :                         
    2207/C984 :                         ;---------------------------------------
    2208/C984 :                         ; Maschinenkode um Hexwert verschoben im Speicher ablegen
    2209/C984 :                         ; P hhhh - Der vom Assembler erzeugte Maschinenkode wird auf den vorgesehenen
    2210/C984 :                         ; Speicherplatz + hhhh (Offset-Hex) geladen.
    2211/C984 :                         ; Dieses Kommando muß vor dem entsprechenden Assemblerlauf gegeben werden. Hiermit
    2212/C984 :                         ; kann man auch Programme assemblieren, die sonst reservierte Speicherbereiche von
    2213/C984 :                         ; EDAS*4 zerstören würden. Mit dem "T"-Befehl des Monitors sind sie dann auf den
    2214/C984 :                         ; Speicherplatz zu bringen, auf dem sie laut Listing lauffähig sind.
    2215/C984 :                         
    2216/C984 : 22 0A FE                PUT:		ld	(mc_ofs), hl	; in HL=1.Parameter Hex
    2217/C987 :                         					; offset for code generation
    2218/C987 : C9                      		ret
    2219/C988 :                         
    2220/C988 :                         ;
    2221/C988 : E5                      loc_497A:	push	hl
    2222/C989 : CD 29 D1                		call	sv_restore	; orig.	Sprungverteiler	wiederherstellen
    2223/C98C : E1                      		pop	hl
    2224/C98D : 2B                      		dec	hl
    2225/C98E : E9                      		jp	(hl)
    2226/C98F :                         
    2227/C98F :                         ;;		db    0
    2228/C98F :                         ;;		db    0
    2229/C98F :                         ;;		db    0
    2230/C98F :                         ;;		db    0
    2231/C98F :                         ;;		db    0
    2232/C98F :                         ;;		db    0
    2233/C98F :                         
    2234/C98F :                         ;---------------------------------------
    2235/C98F :                         ; Anzeige des Quelltextes auf dem Schirm
    2236/C98F :                         ; V - Anzeige des gesamten Quelltextes.
    2237/C98F :                         ; V a - Anzeige ab Zeile a bis zum Ende.
    2238/C98F :                         ; V a e - Anzeige ab Zeile a bis Zeile e.
    2239/C98F :                         ; Hiermit kann man den Quelltext ganz oder teilweise auf dem Schirm ausgeben.
    2240/C98F :                         
    2241/C98F : CD 06 C6                VIEW:		call	sub_45F5	; suche Zeile ARG1 (a)
    2242/C992 : CD C6 CC                loc_498A:	call	sub_4CAD	; Anzeige Zeile
    2243/C995 : 18 FB                   		jr	loc_498A
    2244/C997 :                         
    2245/C997 :                         ;---------------------------------------
    2246/C997 :                         ; Neunumerierung der gesamten Quelle
    2247/C997 :                         ; R - 1. Zeile 10 Schrittweite 10.
    2248/C997 :                         ; R a - Zeile a Schrittweite 10.
    2249/C997 :                         ; R a s - Zeile a Schrittweite S.
    2250/C997 :                         ; Zur Verbesserung der Form bzw. zum Platzschaffen für Einfügungen kann hiermit
    2251/C997 :                         ; die gesamte Quelle mit neuen Zeilennummern versehen werden.
    2252/C997 :                         
 AS V1.42 Beta [Bld 297] - Source File picoedasC-as.asm - Page 43 - 4/1/2026 11:57:29


    2253/C997 : CD 17 C4                RENUM:		call	sub_4404	; Parameter f. RENUM und INUM, Defaults 10
    2254/C99A : EB                      		ex	de, hl		; DE = nächste neue Zeilennummer
    2255/C99B : 2A 00 FE                loc_4993:	ld	hl, (BUFBEG)	; Anfangsdresse
    2256/C99E : 23                      		inc	hl
    2257/C99F : 23                      		inc	hl		; size übergehen
    2258/C9A0 : 23                      		inc	hl
    2259/C9A1 : CD 3F C4                loc_4999:	call	loc_442C	; Suche nächste Zeile
    2260/C9A4 : C8                      		ret	z		; Textende
    2261/C9A5 : 73                      		ld	(hl), e		; neue Nummer eintragen
    2262/C9A6 : 23                      		inc	hl
    2263/C9A7 : 72                      		ld	(hl), d
    2264/C9A8 : EB                      		ex	de, hl
    2265/C9A9 : CD 32 C4                		call	sub_441F	; Nächste Zeilennummer berechnen (BCD)
    2266/C9AC : EB                      		ex	de, hl
    2267/C9AD : 30 F2                   		jr	nc, loc_4999	; solange Zeilnnummer < 9999
    2268/C9AF :                         		;
    2269/C9AF : 3E 01                   		ld	a, 1		; Error 01 - Zeilennummerüberlauf
    2270/C9B1 : 32 84 FE                		ld	(byte_5584), a	; und Schrittweite auf 1 rücksetzen
    2271/C9B4 : CD 27 CB                		call	sub_4B34	; Fehler ausgeben
    2272/C9B7 : 11 01 00                		ld	de, 1		; Zeilennummer auf 1 rücksetzen
    2273/C9BA : 18 DF                   		jr	loc_4993	; weitermachen
    2274/C9BC :                         
    2275/C9BC :                         ;---------------------------------------
    2276/C9BC :                         ; Zeichenkettensuche
    2277/C9BC :                         ; /STRING/ - Eingabe der zu suchenden Zeichenkette.
    2278/C9BC :                         
    2279/C9BC : 2A 00 18                SEARCH:		ld	hl, (cupos)	; =  103F bws(31,0) Anfang letzte Zeile
    2280/C9BF : 11 80 00                		ld	de, 80h	; 2 Zeilen (2x COLS)
    2281/C9C2 : 19                      		add	hl, de		; = 10BF bws(29,0) Suchzeichenkette
    2282/C9C3 : 7E                      		ld	a, (hl)		; '/'
    2283/C9C4 : EB                      		ex	de, hl
    2284/C9C5 : 21 BF FF                		ld	hl, 0FFBFh	; -41H, -65
    2285/C9C8 : 19                      		add	hl, de		; = bws(30,1)
    2286/C9C9 : 01 43 00                		ld	bc, 43h		; 63
    2287/C9CC : ED B1                   		cpir			; suche Ende-Marker '/'
    2288/C9CE : EB                      		ex	de, hl
    2289/C9CF : 11 6E FE                		ld	de, unk_556E	; kopieren in Buffer Suchzeichenkette
    2290/C9D2 : ED B8                   		lddr			; incl. der Trennzeichen '/'
    2291/C9D4 :                         					; Ablage revers!
    2292/C9D4 : 13                      		inc	de
    2293/C9D5 : 3E A0                   		ld	a, 0A0h		; ' '+80h
    2294/C9D7 : 12                      		ld	(de), a		; Endekennzeichen ersetzen durch 0A0h
    2295/C9D8 : C9                      		ret
    2296/C9D9 :                         
    2297/C9D9 :                         ;;		db    0
    2298/C9D9 :                         
    2299/C9D9 :                         ;---------------------------------------
    2300/C9D9 :                         ; F a - Listen der Zeilen, in denen die zuvor in Schrägstriche gestellte und
    2301/C9D9 :                         ; eingegebene Zeichenkette enthalten ist.
    2302/C9D9 :                         ; Damit lassen sich z.B. bestimmte Befehle, Marken und ähnliches im gesamten
    2303/C9D9 :                         ; Quelltext suchen.
    2304/C9D9 :                         
    2305/C9D9 : CD 06 C6                FIND:		call	sub_45F5	; suche Zeile ARG1 a
    2306/C9DC : 22 85 FE                loc_49D5:	ld	(word_5585), hl	; Zeile merken
    2307/C9DF : 7E                      		ld	a, (hl)
    2308/C9E0 : 3C                      		inc	a		; Textende FF?
    2309/C9E1 : C8                      		ret	z		; dann raus hier
    2310/C9E2 : 23                      		inc	hl		; Zeilennummer
    2311/C9E3 : 23                      		inc	hl		; übergehen
    2312/C9E4 : E5                      loc_49DD:	push	hl		; Position merken
 AS V1.42 Beta [Bld 297] - Source File picoedasC-as.asm - Page 44 - 4/1/2026 11:57:29


    2313/C9E5 : 11 6D FE                		ld	de, unk_556E-1	; Buffer Suchzeichenkette
    2314/C9E8 : 1A                      loc_49E1:	ld	a, (de)
    2315/C9E9 : 1B                      		dec	de		; nächstes Zeichen
    2316/C9EA : FE A0                   		cp	0A0h		; Textende?
    2317/C9EC : 28 0C                   		jr	z, loc_49F3	; ja, Suche erfolgreich
    2318/C9EE : BE                      		cp	(hl)
    2319/C9EF : 23                      		inc	hl		; nächstes Zeichen
    2320/C9F0 : 28 F6                   		jr	z, loc_49E1	; solange matcht
    2321/C9F2 :                         		;nächste Zeile erreicht?
    2322/C9F2 : E1                      		pop	hl		; Position
    2323/C9F3 : 7E                      		ld	a, (hl)		;
    2324/C9F4 : 23                      		inc	hl		;
    2325/C9F5 : B7                      		or	a		; 00?
    2326/C9F6 : 20 EC                   		jr	nz, loc_49DD	; nein
    2327/C9F8 : 18 E2                   		jr	loc_49D5	; ja Zeilendende erreicht
    2328/C9FA :                         		;Suchpufferende erreicht -> gefunden
    2329/C9FA : E1                      loc_49F3:	pop	hl		;
    2330/C9FB : CD 40 C4                		call	loc_442D	; Suche Zeilenende
    2331/C9FE : EB                      		ex	de, hl		; DE=Anfang nächste Zeile
    2332/C9FF : 2A 85 FE                		ld	hl, (word_5585)	; HL=Anfang aktuelle Zeile
    2333/CA02 : ED 53 85 FE             		ld	(word_5585), de	; nächste Zeile zur Suche merken
    2334/CA06 : CD C6 CC                		call	sub_4CAD	; Anzeige Zeile
    2335/CA09 : 18 D1                   		jr	loc_49D5	; und weitersuchen
    2336/CA0B :                         
    2337/CA0B :                         ;;		db    0
    2338/CA0B :                         ;;		db    0
    2339/CA0B :                         ;;		db    0
    2340/CA0B :                         ;;		db    0
    2341/CA0B :                         ;;		db    0
    2342/CA0B :                         ;;		db    0
    2343/CA0B :                         ;;		db    0
    2344/CA0B :                         ;;		db    0
    2345/CA0B :                         ;;		db    0
    2346/CA0B :                         ;;		db    0
    2347/CA0B :                         ;;		db    0
    2348/CA0B :                         ;;		db    0
    2349/CA0B :                         ;;		db    0
    2350/CA0B :                         
    2351/CA0B :                         ;---------------------------------------
    2352/CA0B :                         ; Ändern einer Quellzeile
    2353/CA0B :                         ; Z - Korrigiere in zuletzt eingegebener Zeile.
    2354/CA0B :                         ; Z x - Korrigiere in Zeile x.
    2355/CA0B :                         
    2356/CA0B : 20 06                   CORRECT:	jr	nz, loc_4A19	; Z=keine Param.
    2357/CA0D : 2A 10 FE                		ld	hl, (word_5510)	; letzte Zeilennummer
    2358/CA10 : 22 5B 18                		ld	(ARG1),	hl
    2359/CA13 : CD 06 C6                loc_4A19:	call	sub_45F5	; suche Zeile ARG1
    2360/CA16 : 3E 03                   		ld	a, 3		; Error 03 - nicht existierende Zeile
    2361/CA18 : D2 23 CB                		jp	nc, loc_4B30	; Fehler ausgeben
    2362/CA1B : CD C6 CC                		call	sub_4CAD	; Anzeige Zeile
    2363/CA1E : AF                      		xor	a
    2364/CA1F : 32 FE FE                		ld	(byte_55FE), a
    2365/CA22 : DF                      		rst	18h		; ed_prnst
    2366/CA23 : 0B 09 09 09 09 89       		db 0Bh,9,9,9,9,89h
    2367/CA29 : CD C7 CF                		call	sub_4FC0	; Eingabe Textzeile
    2368/CA2C : C3 4D CA                		jp	loc_4A53	; Auswerten als Quelltext
    2369/CA2F :                         
    2370/CA2F :                         ;---------------------------------------
    2371/CA2F :                         ; Löschen von Quelltextzeilen
    2372/CA2F :                         ; X a e - Streichen der Zeilen ab a bis e einschließlich.
 AS V1.42 Beta [Bld 297] - Source File picoedasC-as.asm - Page 45 - 4/1/2026 11:57:29


    2373/CA2F :                         ; Mit diesem Kommando können eingegebene Quelltextzeilen wieder gelöscht werden.
    2374/CA2F :                         ; Dieses Kommando wird nur dann ausgeführt, wenn beide Argumente angegeben sind,
    2375/CA2F :                         ; sonst erfolgt eine Fehlermeldung.
    2376/CA2F :                         
    2377/CA2F : FE 02                   KILL:		cp	2		; in A=Anz. Parameter
    2378/CA31 : C2 21 CB                		jp	nz, loc_4B2E	; error 99 illegal command
    2379/CA34 : CD 06 C6                sub_4A3A:	call	sub_45F5	; suche Zeile ARG1 (a)
    2380/CA37 : E5                      		push	hl
    2381/CA38 : 2B                      		dec	hl
    2382/CA39 : CD 61 C4                		call	sub_444E
    2383/CA3C : CD 7F C5                loc_4A42:	call	sub_456C
    2384/CA3F : 38 05                   		jr	c, loc_4A4C
    2385/CA41 : 1B                      		dec	de
    2386/CA42 : 1B                      		dec	de
    2387/CA43 : 23                      		inc	hl
    2388/CA44 : 18 F6                   		jr	loc_4A42
    2389/CA46 : CD 6C C4                loc_4A4C:	call	sub_4459
    2390/CA49 : D1                      		pop	de
    2391/CA4A : C3 D5 C3                		jp	sub_43C2
    2392/CA4D :                         
    2393/CA4D :                         ;---------------------------------------
    2394/CA4D :                         ; Eingabe Quelltext
    2395/CA4D : 1A                      loc_4A53:	ld	a, (de)		; in DE=10BF bws(29,0)
    2396/CA4E : FE 20                   		cp	' '
    2397/CA50 : CA 21 CB                		jp	z, loc_4B2E	; error 99 illegal command
    2398/CA53 : D5                      		push	de
    2399/CA54 : CD FE C3                		call	sub_43EB	; Ascii Dez -> Hex
    2400/CA57 :                         					; hier Übergehen der Marke
    2401/CA57 : C6 10                   		add	a, 10h		; Zeichen hinter Zeilennummer-30h+10h
    2402/CA59 :                         					; = 20? also Leerzeichen?
    2403/CA59 : C2 21 CB                		jp	nz, loc_4B2E	; nein -> error 99 illegal command
    2404/CA5C : E1                      		pop	hl
    2405/CA5D : E5                      		push	hl
    2406/CA5E : B7                      		or	a
    2407/CA5F : ED 52                   		sbc	hl, de
    2408/CA61 : 01 FB FF                		ld	bc, 0FFFBh	; -5
    2409/CA64 : 09                      		add	hl, bc		; Zeilennummer mehr als 4 Zeichen?
    2410/CA65 : D1                      		pop	de
    2411/CA66 : DA 21 CB                		jp	c, loc_4B2E	; dann error 99 illegal command
    2412/CA69 : F7                      		rst	30h		; ed_konvx
    2413/CA6A : 2A 59 18                		ld	hl, (data+1)
    2414/CA6D : 7C                      		ld	a, h		; Zeilennummer 0000?
    2415/CA6E : B5                      		or	l
    2416/CA6F : CA 21 CB                		jp	z, loc_4B2E	; dann error 99 illegal command
    2417/CA72 : 22 5B 18                		ld	(ARG1),	hl	; Zeilennummer merken
    2418/CA75 : 22 10 FE                		ld	(word_5510), hl	; Zeilennummer merken
    2419/CA78 :                         		;
    2420/CA78 : 21 80 10                		ld	hl, 1080h	; bws(29,63)
    2421/CA7B : 36 00                   		ld	(hl), 0		; markieren
    2422/CA7D : 23                      		inc	hl		; bws(29,62)
    2423/CA7E :                         ;;		nop
    2424/CA7E :                         ;;		nop
    2425/CA7E :                         ;;		nop
    2426/CA7E :                         ;;		nop
    2427/CA7E :                         ;;		nop
    2428/CA7E : CD 93 D1                		call	sub_5180
    2429/CA81 : E5                      loc_4A8C:	push	hl
    2430/CA82 : B7                      		or	a
    2431/CA83 : D5                      		push	de
    2432/CA84 : EB                      		ex	de, hl
 AS V1.42 Beta [Bld 297] - Source File picoedasC-as.asm - Page 46 - 4/1/2026 11:57:29


    2433/CA85 : ED 52                   		sbc	hl, de
    2434/CA87 : D1                      		pop	de
    2435/CA88 : E5                      		push	hl
    2436/CA89 : 23                      		inc	hl
    2437/CA8A : 38 02                   		jr	c, loc_4A99
    2438/CA8C : 23                      		inc	hl
    2439/CA8D : 23                      		inc	hl
    2440/CA8E : E5                      loc_4A99:	push	hl
    2441/CA8F : F5                      		push	af
    2442/CA90 : E5                      		push	hl
    2443/CA91 : EB                      		ex	de, hl
    2444/CA92 : CD C4 C8                		call	sub_48C4
    2445/CA95 : CD 61 C4                		call	sub_444E
    2446/CA98 : 30 02                   		jr	nc, loc_4AA7
    2447/CA9A : 13                      		inc	de
    2448/CA9B : 13                      		inc	de
    2449/CA9C : D5                      loc_4AA7:	push	de
    2450/CA9D : CD 06 C6                		call	sub_45F5	; suche Zeile ARG1
    2451/CAA0 : D1                      		pop	de
    2452/CAA1 : 30 0B                   		jr	nc, loc_4AB9
    2453/CAA3 : E5                      		push	hl
    2454/CAA4 : 23                      		inc	hl
    2455/CAA5 : CD 6A C6                		call	sub_4663
    2456/CAA8 : 30 02                   		jr	nc, loc_4AB7
    2457/CAAA : 1B                      		dec	de
    2458/CAAB : 1B                      		dec	de
    2459/CAAC : E1                      loc_4AB7:	pop	hl
    2460/CAAD : 37                      		scf
    2461/CAAE : D5                      loc_4AB9:	push	de
    2462/CAAF : 54                      		ld	d, h
    2463/CAB0 : 5D                      		ld	e, l
    2464/CAB1 : DC 3E C4                		call	c, sub_442B	; Suche nächste Zeile
    2465/CAB4 : C1                      		pop	bc
    2466/CAB5 : E3                      		ex	(sp), hl
    2467/CAB6 : 09                      		add	hl, bc
    2468/CAB7 : 19                      		add	hl, de
    2469/CAB8 : E3                      		ex	(sp), hl
    2470/CAB9 : EB                      		ex	de, hl
    2471/CABA : E3                      		ex	(sp), hl
    2472/CABB : ED 52                   		sbc	hl, de
    2473/CABD : D5                      		push	de
    2474/CABE : CD 48 C4                		call	sub_4435	; Textende ermitteln
    2475/CAC1 : 19                      		add	hl, de
    2476/CAC2 : EB                      		ex	de, hl
    2477/CAC3 : 2A 02 FE                		ld	hl, (BUFEND)
    2478/CAC6 : AF                      		xor	a		; Cy=0, A=0
    2479/CAC7 : ED 52                   		sbc	hl, de
    2480/CAC9 : DA 23 CB                		jp	c, loc_4B30	; Fehler ausgeben
    2481/CACC :                         					; Error 00 - Speicherüberlauf
    2482/CACC : 50                      		ld	d, b
    2483/CACD : 59                      		ld	e, c
    2484/CACE : CD 6C C4                		call	sub_4459
    2485/CAD1 : E1                      		pop	hl
    2486/CAD2 : D1                      		pop	de
    2487/CAD3 : CD D5 C3                		call	sub_43C2
    2488/CAD6 : F1                      		pop	af
    2489/CAD7 : 38 25                   		jr	c, loc_4B0B
    2490/CAD9 : E1                      		pop	hl
    2491/CADA : E5                      		push	hl
    2492/CADB : 19                      		add	hl, de
 AS V1.42 Beta [Bld 297] - Source File picoedasC-as.asm - Page 47 - 4/1/2026 11:57:29


    2493/CADC : EB                      		ex	de, hl
    2494/CADD : CD 55 C4                		call	sub_4442
    2495/CAE0 : 03                      		inc	bc
    2496/CAE1 : ED B8                   		lddr
    2497/CAE3 : AF                      		xor	a
    2498/CAE4 : 12                      		ld	(de), a
    2499/CAE5 : 1B                      		dec	de
    2500/CAE6 : E1                      		pop	hl
    2501/CAE7 : C1                      		pop	bc
    2502/CAE8 : E3                      		ex	(sp), hl
    2503/CAE9 : CD D1 C8                		call	sub_48D1
    2504/CAEC :                         ;;		nop
    2505/CAEC :                         ;;		nop
    2506/CAEC : ED A8                   		ldd
    2507/CAEE : ED A8                   		ldd
    2508/CAF0 : C1                      		pop	bc
    2509/CAF1 : 2A 85 FE                		ld	hl, (word_5585)
    2510/CAF4 : B7                      		or	a
    2511/CAF5 : ED 52                   		sbc	hl, de
    2512/CAF7 : 19                      		add	hl, de
    2513/CAF8 : 38 04                   		jr	c, loc_4B0B
    2514/CAFA : 09                      		add	hl, bc
    2515/CAFB : 22 85 FE                		ld	(word_5585), hl
    2516/CAFE :                         loc_4B0B:					; sub_4D26-221j
    2517/CAFE : FD CB 00 66             		bit	4, (iy+0)
    2518/CB02 : 28 0E                   		jr	z, loc_4B1F
    2519/CB04 : 2A 5B 18                		ld	hl, (ARG1)
    2520/CB07 : CD 32 C4                		call	sub_441F	; Nächste Zeilennummer berechnen (BCD)
    2521/CB0A : 3E 02                   		ld	a, 2		; Error 02 - Überlauf im I-Mode
    2522/CB0C : DA 23 CB                		jp	c, loc_4B30	; Fehler ausgeben
    2523/CB0F : 22 87 FE                		ld	(word_5587), hl
    2524/CB12 : C3 DC D3                loc_4B1F:	jp	loc_53C4
    2525/CB15 :                         
    2526/CB15 :                         ;---------------------------------------
    2527/CB15 :                         ; Automatische Zeilennummerierung
    2528/CB15 :                         ; I - ab Zeile 10 Schrittweite 10.
    2529/CB15 :                         ; I a - ab Zeile a Schrittweite 10.
    2530/CB15 :                         ; I a s - ab Zeile a Schrittweite s.
    2531/CB15 :                         ; Wie in BASIC-Interpretern der Auto-Befehl, gestattet das "I"-Kommando eine
    2532/CB15 :                         ; Eingabe mit automatischer Zeilennummernerzeugung. Der Kursor befindet sich bei
    2533/CB15 :                         ; der Zeileneröffnung immer auf der ersten Markenposition. Beendet wird dieses
    2534/CB15 :                         ; Kommando, in dem die letzte Zeilennummer wieder gelöscht wird, z.B. mit CTRL-R.
    2535/CB15 :                         
    2536/CB15 : CD 17 C4                INUM:		call	sub_4404	; Parameter f. RENUM und INUM, Defaults 10
    2537/CB18 : 22 87 FE                		ld	(word_5587), hl
    2538/CB1B : FD CB 00 E6             		set	4, (iy+0)
    2539/CB1F : 18 F1                   		jr	loc_4B1F
    2540/CB21 :                         
    2541/CB21 :                         ; Error 99
    2542/CB21 : 3E 99                   loc_4B2E:	ld	a, 99h 		; Error 99 - illegales Kommando
    2543/CB23 :                         
    2544/CB23 :                         ; Fehler ausgeben
    2545/CB23 : 2A 78 FE                loc_4B30:	ld	hl, (word_5578)	; Adr. Ret-Funktion nach Fehler
    2546/CB26 : E5                      		push	hl		; auf Stack
    2547/CB27 : 11 7F 10                sub_4B34:	ld	de, bws(30,0)
    2548/CB2A : CD 3F C6                		call	setcu		; set cursor
    2549/CB2D : 5F                      		ld	e, a		; Fehlernummer merken
    2550/CB2E : CD 78 C8                		call	sub_4875	; Fehlerzähler erhöhen
    2551/CB31 : CD 88 C8                		call	error		; Ausgabe "Error "
    2552/CB34 :                         ;;		nop
 AS V1.42 Beta [Bld 297] - Source File picoedasC-as.asm - Page 48 - 4/1/2026 11:57:29


    2553/CB34 : 7B                      		ld	a, e		; Fehlernummer
    2554/CB35 : CD EE 07                		call	OUTHEX		; ausgeben
    2555/CB38 : FD CB 00 FE             		set	7, (iy+0)
    2556/CB3C : C3 CF CC                		jp	sub_4CB6
    2557/CB3F :                         
    2558/CB3F :                         ;---------------------------------------
    2559/CB3F :                         ; Warmstart
    2560/CB3F :                         ; Restart mit alten Parametern
    2561/CB3F : CD 4A D1                WARM:		call	sv_init		; Sprungverteiler init
    2562/CB42 : C3 AC CB                		jp	warm1
    2563/CB45 :                         
    2564/CB45 :                         ;---------------------------------------
    2565/CB45 :                         ; Kaltstart
    2566/CB45 :                         ; ARG2=AAAA ARG3=EEEE, Default 6000-BFFF
    2567/CB45 : CD 9B DF                COLD:		call    loc_5F9B
    2568/CB48 : CD 4A D1                		call	sv_init		; Sprungverteiler init
    2569/CB4B : 21 FF FF                		ld	hl, 0FFFFh
    2570/CB4E : 22 B8 FD                		ld	(word_54B8), hl	; Adresse Anfang Sekundärquelle (SEC)
    2571/CB51 :                         ;;		jp	cold1
    2572/CB51 :                         
    2573/CB51 :                         ;---------------------------------------
    2574/CB51 :                         ; Kaltstart
    2575/CB51 : 2A 5D 18                cold1:		ld	hl, (ARG2)	; BUFBEG
    2576/CB54 :                         		; Sicherung f. REUSE
    2577/CB54 : 22 75 FE                		ld	(p_BUFBEG), hl	; Sicherung BUFBEG f. REUSE
    2578/CB57 : 11 6F FE                		ld	de, unk_556F	; Kopf sichern f. REUSE
    2579/CB5A : 01 06 00                		ld	bc, 6
    2580/CB5D : ED B0                   		ldir
    2581/CB5F :                         		; Defaultwerte setzen
    2582/CB5F : 21 06 C0                		ld	hl, off_4006	; defaultwerte kopieren
    2583/CB62 : 11 00 FE                		ld	de, BUFBEG	; Anfangsdresse
    2584/CB65 : 01 30 00                		ld	bc, 30h
    2585/CB68 : ED B0                   		ldir
    2586/CB6A :                         		; ARG2 BUFBEG
    2587/CB6A : 2A 5D 18                		ld	hl, (ARG2)	; BUFBEG=0 ?
    2588/CB6D : 7C                      		ld	a, h
    2589/CB6E : B5                      		or	l
    2590/CB6F : 28 03                   		jr	z, loc_4B70	; nein -> Wert merken
    2591/CB71 : 22 00 FE                		ld	(BUFBEG), hl	; Anfangsdresse
    2592/CB74 :                         		; ARG3 BUFEND
    2593/CB74 : 2A 5F 18                loc_4B70:	ld	hl, (ARG3)	; BUFEND
    2594/CB77 : 7C                      		ld	a, h		; BUFEND=0 ?
    2595/CB78 : B5                      		or	l
    2596/CB79 : 28 03                   		jr	z, loc_4B7A	; nein -> Wert merken
    2597/CB7B : 22 02 FE                		ld	(BUFEND), hl
    2598/CB7E :                         		; Textspeicher init
    2599/CB7E : 2A 00 FE                loc_4B7A:	ld	hl, (BUFBEG)	; Anfangsdresse
    2600/CB81 :                         ;;		nop
    2601/CB81 : 36 06                   		ld	(hl), 6		; Länge 0006 Bytes
    2602/CB83 : 23                      		inc	hl
    2603/CB84 : AF                      		xor	a
    2604/CB85 : 77                      		ld	(hl), a
    2605/CB86 : 23                      		inc	hl
    2606/CB87 : 77                      		ld	(hl), a		; Overhead 0000 Bytes
    2607/CB88 : 23                      		inc	hl
    2608/CB89 : 77                      		ld	(hl), a
    2609/CB8A : 23                      		inc	hl
    2610/CB8B : 77                      		ld	(hl), a		; 00
    2611/CB8C : 23                      		inc	hl
    2612/CB8D : 3D                      		dec	a		; FF = leer
 AS V1.42 Beta [Bld 297] - Source File picoedasC-as.asm - Page 49 - 4/1/2026 11:57:29


    2613/CB8E : 77                      		ld	(hl), a		; Textende setzen
    2614/CB8F : 22 85 FE                		ld	(word_5585), hl
    2615/CB92 :                         		;
    2616/CB92 : 21 92 DF                		ld      hl, aNamenlos   ; "NAMENLOS "
    2617/CB95 : 11 00 FF                		ld      de, unk_FF00
    2618/CB98 : 01 10 00                		ld      bc, 10h
    2619/CB9B : ED B0                   		ldir
    2620/CB9D : 21 92 DF                		ld      hl, aNamenlos   ; "NAMENLOS "
    2621/CBA0 : 11 10 FF                		ld      de, unk_FF10
    2622/CBA3 : 01 10 00                		ld      bc, 10h
    2623/CBA6 : ED B0                   		ldir
    2624/CBA8 : AF                      		xor     a
    2625/CBA9 : 32 32 FF                		ld      (unk_FF32), a
    2626/CBAC :                         
    2627/CBAC :                         ;---------------------------------------
    2628/CBAC :                         ; Warmstart
    2629/CBAC : 31 FE FE                warm1:		ld	sp, byte_55FE
    2630/CBAF : 11 7F 10                		ld	de, bws(30,0)
    2631/CBB2 : CD 3F C6                		call	setcu		; set cursor
    2632/CBB5 : DF                      		rst	18h		; ed_prnst
    2633/CBB6 :                         ;;		db 0Ch," AC1 - EDITOR/ASSEMBLER",8Dh
    2634/CBB6 : 8C                      		db	8Ch
    2635/CBB7 : CD AC D5                		call    sub_55AC
    2636/CBBA :                         		;;ld	hl, 17BFh
    2637/CBBA : 21 7F 17                		ld	hl, 177Fh
    2638/CBBD : 06 40                   		ld	b, 40h 		; Länge Bildzeile
    2639/CBBF : 36 2D                   loc_4BB7:	ld	(hl), '-'	; unterstreichen
    2640/CBC1 : 2B                      		dec	hl
    2641/CBC2 : 10 FB                   		djnz	loc_4BB7
    2642/CBC4 :                         
    2643/CBC4 :                         ;---------------------------------------
    2644/CBC4 :                         ; main: Kommandoschleife
    2645/CBC4 :                         
    2646/CBC4 :                         ; Ret.Adr. nach Kdo-Ausführung
    2647/CBC4 : AF                      loc_4BBC:	xor	a
    2648/CBC5 : 32 FE FE                		ld	(byte_55FE), a
    2649/CBC8 : DF                      		rst	18h		; ed_prnst
    2650/CBC9 : 8D                      		db 8Dh
    2651/CBCA :                         ;;		nop
    2652/CBCA : 3A 14 FE                		ld	a, (byte_5514)	; Seitengröße auf Bildschirm
    2653/CBCD : 32 77 FE                		ld	(unk_5577), a
    2654/CBD0 : FD 21 FE FE             		ld	iy, byte_55FE
    2655/CBD4 : FD F9                   		ld	sp, iy
    2656/CBD6 :                         ;;		ld	hl, unk_40A8	; ZEAS: new output table
    2657/CBD6 :                         ;;		nop			; ZEAS rst 18h
    2658/CBD6 :                         ;;		nop			; ZEAS db 71h  NOM Set new output table
    2659/CBD6 : 21 26 CD                		ld	hl, loc_4D0E	; Ausgabe Enter+ggf. Abbruch bei Strg-C
    2660/CBD9 : 22 9B FE                		ld	(unk_559B), hl
    2661/CBDC : 21 C4 CB                		ld	hl, loc_4BBC	; Adr. Kommandoschleife
    2662/CBDF : 22 7A FE                		ld	(unk_557A), hl
    2663/CBE2 : 22 78 FE                		ld	(word_5578), hl	; Adr. Ret-Funktion nach Fehler
    2664/CBE5 : CD 99 C4                		call	chksum		; Test EDAS-Integrität
    2665/CBE8 :                         ;
    2666/CBE8 : 3A 07 FE                loc_4BE6:	ld	a, (byte_5507)	; Assembleroptionen
    2667/CBEB : 32 FF FE                		ld	(unk_55FF), a	; Assembleroptionen (IY+1)
    2668/CBEE : FD F9                   		ld	sp, iy		; setze Stack
    2669/CBF0 : AF                      		xor	a
    2670/CBF1 : 67                      		ld	h, a
    2671/CBF2 : 6F                      		ld	l, a
    2672/CBF3 : 22 5B 18                		ld	(ARG1),	hl	; Defaultwert 0000
 AS V1.42 Beta [Bld 297] - Source File picoedasC-as.asm - Page 50 - 4/1/2026 11:57:29


    2673/CBF6 : 2B                      		dec	hl
    2674/CBF7 : 22 5D 18                		ld	(ARG2),	hl	; Defaultwert FFFF
    2675/CBFA : 21 B5 C0                		ld	hl, unk_409D	; Text "FREE: END: SEC:"
    2676/CBFD :                         		;;ld	de, bws(0,26)
    2677/CBFD :                         		;;ld	bc, 19h
    2678/CBFD : 11 A9 17                		ld	de, 17A9h
    2679/CC00 : 01 25 00                		ld	bc, 25h
    2680/CC03 : ED B8                   		lddr			; anzeigen
    2681/CC05 : 21 BB CC                		ld	hl, loc_4CA2	; Ausgabe in Speicher (ARG3)
    2682/CC08 : 22 9B FE                		ld	(unk_559B), hl
    2683/CC0B :                         		;
    2684/CC0B : CD 79 C4                		call	sub_4466	; Bufferende ermitteln
    2685/CC0E :                         		;;ld	de, bws(0,31)
    2686/CC0E : 11 A4 17                		ld      de, 17A4h
    2687/CC11 : CD B9 C6                		call	sub_46B2	; Anzeige FREE
    2688/CC14 :                         		;
    2689/CC14 : DF                      		rst     18h
    2690/CC15 : 08 AD                   		db 8,0ADh
    2691/CC17 : 2A 02 FE                		ld      hl, (BUFEND)
    2692/CC1A : 11 9F 17                		ld      de, 179Fh
    2693/CC1D : CD B9 C6                		call	sub_46B2	; Anzeige BUFEND
    2694/CC20 :                         		;
    2695/CC20 : 2A 0C FE                		ld	hl, (word_550C)	; MC-Adr.
    2696/CC23 :                         		;;ld	de, bws(0,41)
    2697/CC23 : 11 96 17                		ld      de, 1796h
    2698/CC26 : CD B9 C6                		call	sub_46B2	; Anzeige END
    2699/CC29 :                         		;
    2700/CC29 : 2A B8 FD                		ld	hl, (word_54B8)	; Adresse Anfang Sekundärquelle (SEC)
    2701/CC2C :                         		;;ld	de, bws(0,51)
    2702/CC2C : 11 8D 17                		ld      de, 178Dh
    2703/CC2F : CD B9 C6                		call	sub_46B2	; Anzeige SEC
    2704/CC32 :                         		;
    2705/CC32 : 11 84 17                		ld      de, 1784h
    2706/CC35 : CD 3F C6                		call    setcu
    2707/CC38 : FD 7E 01                		ld      a, (iy+1)
    2708/CC3B : CD EE 07                		call    7EEh
    2709/CC3E :                         		;
    2710/CC3E : 21 26 CD                		ld	hl, loc_4D0E	; Ausgabe Enter+ggf. Abbruch bei Strg-C
    2711/CC41 : 22 9B FE                		ld	(unk_559B), hl
    2712/CC44 : 11 7F 10                		ld	de, bws(30,0)
    2713/CC47 : CD 3F C6                		call	setcu		; set cursor
    2714/CC4A : FD CB 00 66             		bit	4, (iy+0)
    2715/CC4E : 28 04                   		jr	z, loc_4C3A
    2716/CC50 : 2A 87 FE                		ld	hl, (word_5587)
    2717/CC53 : EF                      		rst	28h		; ed_outhls
    2718/CC54 :                         		;
    2719/CC54 : CD C7 CF                loc_4C3A:	call	sub_4FC0	; Eingabe Textzeile
    2720/CC57 : D5                      		push	de		; Beginn Kdo-Zeile auf Stack
    2721/CC58 : 1A                      		ld	a, (de)		; 1. Zeichen == Kommando
    2722/CC59 : 01 9E FE                		ld	bc, unk_559E	; Kdo-Buchstabe
    2723/CC5C : FE 20                   		cp	' '		; Leeres Kdo?
    2724/CC5E : 20 06                   		jr	nz, loc_4C4C	; nein - Kopieren
    2725/CC60 : 0A                      		ld	a, (bc)		; ja - war letztes Kommando FIND?
    2726/CC61 : FE 46                   		cp	'F'		;
    2727/CC63 : C2 C4 CB                		jp	nz, loc_4BBC	; nein, dann zurück zur Kommandoschleife
    2728/CC66 : 02                      loc_4C4C:	ld	(bc), a		; Kdo
    2729/CC67 : 1B                      		dec	de
    2730/CC68 : 03                      		inc	bc		; BC=byte_559F ; Anzahl Kdo.Argumente
    2731/CC69 : AF                      		xor	a		; Anz. Param mit 00 init
    2732/CC6A : 02                      		ld	(bc), a
 AS V1.42 Beta [Bld 297] - Source File picoedasC-as.asm - Page 51 - 4/1/2026 11:57:29


    2733/CC6B :                         ; Verarbeitung Parameter
    2734/CC6B : 01 5A 18                		ld	bc, data+2
    2735/CC6E : F7                      loc_4C54:	rst	30h		; ed_konvx
    2736/CC6F :                         ;;		nop
    2737/CC6F : 7E                      		ld	a, (hl)		; data=Anz. Stellen
    2738/CC70 : B7                      		or	a		; 0 ?
    2739/CC71 : 28 11                   		jr	z, loc_4C6B	; dann Ende Param.
    2740/CC73 : 03                      		inc	bc		; hinter data folgen ARG1..3
    2741/CC74 : 23                      		inc	hl
    2742/CC75 : 7E                      		ld	a, (hl)		; lo-Byte Param
    2743/CC76 : 02                      		ld	(bc), a
    2744/CC77 : 03                      		inc	bc
    2745/CC78 : 23                      		inc	hl
    2746/CC79 : 7E                      		ld	a, (hl)		; hi-Byte Param
    2747/CC7A : 02                      		ld	(bc), a
    2748/CC7B : 21 9F FE                		ld	hl, byte_559F	; Anzahl Kdo.Argumente
    2749/CC7E : 34                      		inc	(hl)		; erhoehen
    2750/CC7F : 7E                      		ld	a, (hl)
    2751/CC80 : FE 03                   		cp	3		; max 3 Argumente
    2752/CC82 : 20 EA                   		jr	nz, loc_4C54	; weitere Parameter
    2753/CC84 :                         ; suche Kdo
    2754/CC84 : ED 4B 9E FE             loc_4C6B:	ld	bc, (unk_559E)	; C=Kdo-Buchstabe
    2755/CC88 :                         					; B=Anz. Param
    2756/CC88 : 2A 15 FE                		ld	hl, (unk_5515)	; kdotab
    2757/CC8B : D1                      		pop	de		; Adr. Textzeile von Stack
    2758/CC8C : 7E                      loc_4C73:	ld	a, (hl)
    2759/CC8D : B7                      		or	a		; Ende kdotab erreicht (00)?
    2760/CC8E : CA 4D CA                		jp	z, loc_4A53	; dann vllt. Eingabe Quelltext
    2761/CC91 : 23                      		inc	hl
    2762/CC92 : B9                      		cp	c		; vgl. Kdo
    2763/CC93 : 28 04                   		jr	z, loc_4C80	; gefunden
    2764/CC95 : 23                      		inc	hl		; sonst Adr. überspringen
    2765/CC96 : 23                      		inc	hl
    2766/CC97 : 18 F3                   		jr	loc_4C73	; weitersuchen
    2767/CC99 :                         ; Kdo gefunden
    2768/CC99 : 11 3F 10                loc_4C80:	ld	de, bws(31,0)	; 103F
    2769/CC9C : CD 3F C6                		call	setcu		; set cursor
    2770/CC9F : 5E                      		ld	e, (hl)
    2771/CCA0 : 23                      		inc	hl
    2772/CCA1 : 56                      		ld	d, (hl)		; de=Adr. Kdo.
    2773/CCA2 : 21 C4 CB                		ld	hl, loc_4BBC	; Ret.Adr. Kommandoschleife
    2774/CCA5 : E5                      		push	hl		; auf Stack
    2775/CCA6 : D5                      		push	de		; Kdo.Adr auf Stack
    2776/CCA7 :                         		;
    2777/CCA7 : 2A 00 18                		ld	hl, (cupos)	; 103F bws(31,0)
    2778/CCAA : 11 3F 00                		ld	de, 3Fh
    2779/CCAD : 19                      		add	hl, de		; 107E bws(30,1) ???
    2780/CCAE : EB                      		ex	de, hl
    2781/CCAF : CD FE C3                		call	sub_43EB	; Ascii Dez -> Hex
    2782/CCB2 :                         		; Kdo. Register setzen und starten
    2783/CCB2 : EB                      		ex	de, hl		; DE=BCD
    2784/CCB3 : 2A 5B 18                		ld	hl, (ARG1)	; HL=1.Parameter Hex
    2785/CCB6 : 3A 9F FE                		ld	a, (byte_559F)	; A=Anzahl Kdo.Argumente
    2786/CCB9 : B7                      		or	a		; Z=keine Param.
    2787/CCBA : C9                      		ret			; Start Kdo.
    2788/CCBB :                         
    2789/CCBB :                         ;---------------------------------------
    2790/CCBB :                         ; Ausgabe in Speicher (ARG3)
    2791/CCBB : E5                      loc_4CA2:	push	hl
    2792/CCBC : 2A 5F 18                		ld	hl, (ARG3)
 AS V1.42 Beta [Bld 297] - Source File picoedasC-as.asm - Page 52 - 4/1/2026 11:57:29


    2793/CCBF : 77                      		ld	(hl), a
    2794/CCC0 : 23                      		inc	hl
    2795/CCC1 : 22 5F 18                		ld	(ARG3),	hl
    2796/CCC4 : E1                      		pop	hl
    2797/CCC5 : C9                      		ret
    2798/CCC6 :                         
    2799/CCC6 :                         ;---------------------------------------
    2800/CCC6 :                         ; Anzeige Zeile
    2801/CCC6 : CD 2B C6                sub_4CAD:	call	sub_4623	; Ausgabe Zeilennummer
    2802/CCC9 : C2 C4 CB                		jp	nz, loc_4BBC	; bei Fehler zurück zur Kommandoschleife
    2803/CCCC : CD D0 D1                		call	sub_51BD	; Ausgabe Zeileninhalt
    2804/CCCF :                         ;
    2805/CCCF : FD CB 00 56             sub_4CB6:	bit	2, (iy+0)
    2806/CCD3 : 28 25                   		jr	z, loc_4CE2
    2807/CCD5 : C3 E7 D3                		jp	loc_53CF
    2808/CCD8 :                         ;;		db    0
    2809/CCD8 :                         
    2810/CCD8 :                         ;---------------------------------------
    2811/CCD8 :                         ; UP zu loc_53CF
    2812/CCD8 : FD CB 00 4E             loc_4CC0:	bit	1, (iy+0)
    2813/CCDC : 28 03                   		jr	z, loc_4CC9
    2814/CCDE : 21 40 10                		ld	hl, 1040h	; bws(30,63)
    2815/CCE1 : CD BA C4                loc_4CC9:	call	sub_44A6
    2816/CCE4 : EB                      		ex	de, hl
    2817/CCE5 : CD 3C C6                		call	sub_4635 	; set cursor bws(31,0)
    2818/CCE8 : 11 7F 10                		ld	de, bws(30,0)
    2819/CCEB : 1A                      		ld	a, (de)
    2820/CCEC : CD 45 CD                loc_4CD4:	call	sub_4D34
    2821/CCEF : 1B                      		dec	de
    2822/CCF0 : 1A                      		ld	a, (de)
    2823/CCF1 : B7                      		or	a
    2824/CCF2 : F2 EC CC                		jp	p, loc_4CD4
    2825/CCF5 : CD 8F C4                		call	sub_4480
    2826/CCF8 : 18 1F                   		jr	loc_4D01
    2827/CCFA :                         
    2828/CCFA :                         ;---------------------------------------
    2829/CCFA :                         ;
    2830/CCFA : FD 7E 00                loc_4CE2:	ld	a, (iy+0)
    2831/CCFD : E6 03                   		and	3
    2832/CCFF : FE 01                   		cp	1
    2833/CD01 : 3A 09 FE                		ld	a, (byte_5509)	; Ausgabeverzögerung BWS
    2834/CD04 : C4 82 C4                		call	nz, sub_4473
    2835/CD07 : 3A 77 FE                		ld	a, (unk_5577)
    2836/CD0A : D6 01                   		sub	1
    2837/CD0C : 38 0B                   		jr	c, loc_4D01
    2838/CD0E : 20 03                   		jr	nz, loc_4CFB
    2839/CD10 : 3A 14 FE                		ld	a, (byte_5514)	; Seitengröße auf Bildschirm
    2840/CD13 : 32 77 FE                loc_4CFB:	ld	(unk_5577), a
    2841/CD16 : CC 37 CD                		call	z, sub_4D26
    2842/CD19 : ED 5B 12 FE             loc_4D01:	ld	de, (word_5512)	; ausgegebene Zeilennummer
    2843/CD1D : ED 53 10 FE             		ld	(word_5510), de	; Zeilennummer
    2844/CD21 : CD 33 CD                		call	sub_4D22	; ggf. Abbruch bei Stop
    2845/CD24 : 3E 0D                   		ld	a, 0Dh
    2846/CD26 :                         
    2847/CD26 :                         ; Ausgabe Enter+ggf. Abbruch bei Strg-C
    2848/CD26 : F5                      loc_4D0E:	push	af
    2849/CD27 : DF                      		rst	18h		; ed_prnst
    2850/CD28 : 8D                      		db 8Dh
    2851/CD29 :                         ;;		nop
    2852/CD29 : CD BB CF                		call	tastec		; TASTE?
 AS V1.42 Beta [Bld 297] - Source File picoedasC-as.asm - Page 53 - 4/1/2026 11:57:29


    2853/CD2C :                         ;;		nop
    2854/CD2C :                         ;;		nop
    2855/CD2C :                         ;;		nop
    2856/CD2C :                         ;;		nop
    2857/CD2C :                         ;;		nop
    2858/CD2C :                         ;;		nop
    2859/CD2C : FE 83                   		cp	83h		; STOP?
    2860/CD2E : CA C4 CB                		jp	z, loc_4BBC	; ja, zurück zur Kommandoschleife
    2861/CD31 : F1                      		pop	af
    2862/CD32 : C9                      		ret
    2863/CD33 :                         
    2864/CD33 :                         ;---------------------------------------
    2865/CD33 :                         ; ggf. Abbruch bei Stop
    2866/CD33 : CD BB CF                sub_4D22:	call	tastec		; TASTE?
    2867/CD36 : D0                      		ret	nc		; keine Taste gedrückt
    2868/CD37 :                         ;
    2869/CD37 : CF                      sub_4D26:	rst	8		; ed_inch0
    2870/CD38 : FE 20                   		cp	' '
    2871/CD3A : 28 FB                   		jr	z, sub_4D26	; Leerzeichen übergehen
    2872/CD3C : FE 03                   		cp	3		; STOP gedrückt?
    2873/CD3E : 37                      		scf
    2874/CD3F : C0                      		ret	nz		; nein
    2875/CD40 :                         		; bei Stop Zeilenumbruch ausgeben
    2876/CD40 : DF                      		rst	18h		; ed_prnst
    2877/CD41 : 8D                      		db 8Dh
    2878/CD42 : C3 C4 CB                		jp	loc_4BBC	; zurück zur Kommandoschleife
    2879/CD45 :                         
    2880/CD45 :                         
    2881/CD45 :                         ;---------------------------------------
    2882/CD45 :                         ;
    2883/CD45 : E6 7F                   sub_4D34:	and	7Fh
    2884/CD47 : CD 04 FE                		call	unk_5504	; Druckerausgabe
    2885/CD4A : 18 E7                   		jr	sub_4D22	; ggf. Abbruch bei Stop
    2886/CD4C :                         ;;		db    0
    2887/CD4C :                         ;;		db    0
    2888/CD4C :                         
    2889/CD4C :                         ;---------------------------------------
    2890/CD4C :                         ; Quelltext assemblieren, nur Fehler ausgeben
    2891/CD4C :                         ; W (a e) - Argumente analog dem "A"-Kommando.
    2892/CD4C :                         ; Zur Fehlerkorrektur ist es übersichtlicher, wenn nur die fehlerhaften Zeilen
    2893/CD4C :                         ; aufgelistet werden, die man dann leicht mit dem "Z"-Kommando berichtigen kann.
    2894/CD4C :                         
    2895/CD4C : FD 7E 01                WERRORS:	ld	a, (iy+1)	; Assembleroptionen
    2896/CD4F : E6 24                   		and	24h ; '$'
    2897/CD51 : F6 11                   		or	11h
    2898/CD53 : FD 77 01                		ld	(iy+1),	a	; Assembleroptionen
    2899/CD56 :                         
    2900/CD56 :                         ; Assemblieren
    2901/CD56 : 21 FF FF                loc_4D47:	ld      hl, 0FFFFh
    2902/CD59 : 22 C0 FD                		ld      (unk_54C0), hl
    2903/CD5C :                         		;
    2904/CD5C : 21 A1 CF                		ld	hl, loc_4F9A
    2905/CD5F : 22 78 FE                		ld	(word_5578), hl	; Adr. Ret-Funktion nach Fehler
    2906/CD62 : 21 FF FF                		ld	hl, 0FFFFh
    2907/CD65 : 22 0E FE                		ld	(word_550E), hl	; ENT-Adresse
    2908/CD68 : E1                      		pop	hl
    2909/CD69 : E1                      		pop	hl
    2910/CD6A : 2E 01                   		ld	l, 1
    2911/CD6C : E5                      		push	hl
    2912/CD6D : CD 79 C4                		call	sub_4466	; Bufferende
 AS V1.42 Beta [Bld 297] - Source File picoedasC-as.asm - Page 54 - 4/1/2026 11:57:29


    2913/CD70 : 22 0C FE                		ld	(word_550C), hl	; als Start für MC-Adr.
    2914/CD73 : E5                      		push	hl
    2915/CD74 : CD CB CD                		call	sub_4DCF	; Assemblieren (Pass 1)
    2916/CD77 : E1                      		pop	hl
    2917/CD78 : 22 0C FE                		ld	(word_550C), hl	; MC-Adr. rücksetzen auf Bufferende
    2918/CD7B :                         					; für Pass 2
    2919/CD7B : E1                      		pop	hl
    2920/CD7C : E5                      		push	hl
    2921/CD7D : CB 7D                   		bit	7, l		; ohne Fehler (?)
    2922/CD7F : 28 04                   		jr	z, loc_4D70	; dann Pass 2
    2923/CD81 : CB 64                   		bit	4, h
    2924/CD83 : 28 43                   		jr	z, loc_4DCC	; zurück zur Kommandoschleife
    2925/CD85 :                         ; Assemblieren Pass 2
    2926/CD85 :                         loc_4D70:
    2927/CD85 :                         ;;		nop
    2928/CD85 :                         ;;		nop
    2929/CD85 :                         ;;		nop
    2930/CD85 :                         ;;		nop
    2931/CD85 :                         ;;		nop
    2932/CD85 : E1                      		pop	hl
    2933/CD86 : 7C                      		ld	a, h
    2934/CD87 : E6 05                   		and	5
    2935/CD89 : F6 02                   		or	2
    2936/CD8B : 6F                      		ld	l, a
    2937/CD8C : E5                      		push	hl
    2938/CD8D : CD CF CC                		call	sub_4CB6
    2939/CD90 : CB 45                   		bit	0, l
    2940/CD92 : 20 14                   		jr	nz, loc_4D9D
    2941/CD94 : CD D5 C4                		call	loc_44C1	; Ausgabe "AC1 U880 Assembler"
    2942/CD97 : DF                      		rst	18h		; ed_prnst
    2943/CD98 :                         ;;		db "Source Listing",8Dh
    2944/CD98 : 51 75 65 6C 6C 74 65 78 		db "Quelltext",8Dh
         CDA0 : 74 8D                  
    2945/CDA2 : CD CF CC                		call	sub_4CB6
    2946/CDA5 : CD CF CC                		call	sub_4CB6
    2947/CDA8 : CD 6D C8                loc_4D9D:	call	sub_486A	; Fehlerzähler rücksetzen
    2948/CDAB :                         ;;		bit	6, (iy+1)	; Assembleroptionen
    2949/CDAB :                         ;;		jr	z, loc_4DA9
    2950/CDAB :                         ;;		ld	hl, 4141h
    2951/CDAB : 22 7C FE                loc_4DA9:	ld	(word_557C), hl
    2952/CDAE : E5                      		push	hl
    2953/CDAF : CD CB CD                		call	sub_4DCF	; Assemblieren (Pass 2)
    2954/CDB2 :                         					; Listing ausgeben
    2955/CDB2 : FD CB 01 7E             		bit	7, (iy+1)	; Assembleroptionen Symboltabelle ?
    2956/CDB6 : C4 91 C5                		call	nz, loc_457E	; Ausgabe Symboltabelle
    2957/CDB9 : CD CF CC                		call	sub_4CB6
    2958/CDBC : 3E 61                   		ld	a, 61h 		; Error 61 - Bereichsüberschreitung
    2959/CDBE : FD CB 00 76             		bit	6, (iy+0)
    2960/CDC2 : C4 27 CB                		call	nz, sub_4B34	; Fehler ausgeben
    2961/CDC5 : CD 91 C8                		call	loc_488D	; Ausgabe Anz. Fehler
    2962/CDC8 :                         ;;		nop
    2963/CDC8 :                         ;;		nop
    2964/CDC8 :                         ;;		nop
    2965/CDC8 :                         ;;		nop
    2966/CDC8 :                         ;;		nop
    2967/CDC8 :                         ;;		nop
    2968/CDC8 :                         ;
    2969/CDC8 : C3 C4 CB                loc_4DCC:	jp	loc_4BBC	; zurück zur Kommandoschleife
    2970/CDCB :                         
    2971/CDCB :                         ; Assemblieren? und Listing ausgeben
 AS V1.42 Beta [Bld 297] - Source File picoedasC-as.asm - Page 55 - 4/1/2026 11:57:29


    2972/CDCB : CD 48 C4                sub_4DCF:	call	sub_4435	; Textende ermitteln
    2973/CDCE : D5                      		push	de		; DE=Textende
    2974/CDCF : DD E1                   		pop	ix		; IX=Textende
    2975/CDD1 : CD 06 C6                		call	sub_45F5	; suche Zeile ARG1
    2976/CDD4 : 2B                      		dec	hl		; HL=Zeilenanfang-1
    2977/CDD5 : 22 89 FE                		ld	(word_5589), hl	; merken
    2978/CDD8 : 23                      		inc	hl		; HL=Zeilenanfang
    2979/CDD9 :                         
    2980/CDD9 :                         ; LOOP: nächste Zeile assemblieren
    2981/CDD9 : CD 49 C6                loc_4DDD:	call	sub_4642	; die letzten beiden BWS-Zeilen leeren
    2982/CDDC : 11 71 10                		ld	de, bws(30,14)
    2983/CDDF : CD 3F C6                		call	setcu		; set cursor
    2984/CDE2 : CD 2B C6                		call	sub_4623	; Ausgabe Zeilennummer
    2985/CDE5 :                         					; und Ermittlung Zeichenklasse
    2986/CDE5 :                         					; ret A=Zeichen, C=Zeichenklasse
    2987/CDE5 : C0                      		ret	nz		; Programmende erreicht
    2988/CDE6 : F5                      		push	af
    2989/CDE7 : 30 0B                   		jr	nc, loc_4DF8
    2990/CDE9 : E5                      		push	hl
    2991/CDEA : 2A 0C FE                		ld	hl, (word_550C)	; MC-Adr.
    2992/CDED : DD 75 00                		ld	(ix+0),	l
    2993/CDF0 : DD 74 01                		ld	(ix+1),	h
    2994/CDF3 : E1                      		pop	hl
    2995/CDF4 : FE 3B                   loc_4DF8:	cp	';'		; Kommentarzeile?
    2996/CDF6 : 28 08                   		jr	z, loc_4E04	; ja
    2997/CDF8 :                         		;
    2998/CDF8 : 06 07                   		ld	b, 7
    2999/CDFA : CD A0 C6                		call	sub_4699
    3000/CDFD : CC 9B C6                		call	z, sub_4694	; Ausgabe Mnemonik
    3001/CE00 : F5                      loc_4E04:	push	af
    3002/CE01 : CD D0 D1                		call	sub_51BD	; Ausgabe Text (Befehlsparameter etc.)
    3003/CE04 : F1                      		pop	af
    3004/CE05 : D1                      		pop	de
    3005/CE06 : E5                      		push	hl
    3006/CE07 : D5                      		push	de
    3007/CE08 : 08                      		ex	af, af'	;'
    3008/CE09 : F1                      		pop	af
    3009/CE0A : F5                      		push	af
    3010/CE0B : 21 00 00                		ld	hl, 0		; drei Param. auf Stack init.
    3011/CE0E : E5                      		push	hl
    3012/CE0F : E5                      		push	hl
    3013/CE10 : E5                      		push	hl
    3014/CE11 : 08                      		ex	af, af'	;'
    3015/CE12 : 3E 10                   		ld	a, 10h		; Error 10 - illegale Befehlszeile
    3016/CE14 : C2 23 CB                		jp	nz, loc_4B30	; Fehler ausgeben
    3017/CE17 : 08                      		ex	af, af'	;'
    3018/CE18 : 30 0B                   		jr	nc, loc_4E29
    3019/CE1A : 21 6C 10                		ld	hl, bws(30,19)
    3020/CE1D : CD EC C4                		call	sub_44D9
    3021/CE20 : 3E 31                   		ld	a, 31h 		; Error 31 - Marke doppelt definiert
    3022/CE22 : D2 23 CB                		jp	nc, loc_4B30	; Fehler ausgeben
    3023/CE25 : FE 3B                   loc_4E29:	cp	';'		; Kommentar ?
    3024/CE27 : CA 89 CF                		jp	z, loc_4F82
    3025/CE2A : 11 7F 10                		ld	de, bws(30,0)
    3026/CE2D : 2A 0C FE                		ld	hl, (word_550C)	; MC-Adr.
    3027/CE30 : CD B9 C6                		call	sub_46B2	; Ausgabe HL
    3028/CE33 :                         		; Zeile ist enpackt auf dem BWS
    3029/CE33 :                         		; jetzt parsen und assemblieren
    3030/CE33 : 2A 17 FE                		ld	hl, (word_5517)	; unk_40AA Parse Tree Mnemonics
    3031/CE36 : E5                      		push	hl		; auf Stack
 AS V1.42 Beta [Bld 297] - Source File picoedasC-as.asm - Page 56 - 4/1/2026 11:57:29


    3032/CE37 : 16 00                   		ld	d, 0
    3033/CE39 : D5                      		push	de
    3034/CE3A : 21 66 10                		ld	hl, bws(30,25)
    3035/CE3D : 18 08                   		jr	loc_4E4B
    3036/CE3F :                         		;
    3037/CE3F : CD 1C C3                loc_4E43:	call	sub_4306	; Abarbeitung nächstes Token
    3038/CE42 : 3E 20                   loc_4E46:	ld	a, 20h 		; Error 20 - unbekannte Mnemonik
    3039/CE44 : DA 23 CB                loc_4E48:	jp	c, loc_4B30	; Fehler ausgeben
    3040/CE47 :                         		;
    3041/CE47 : CD BE C8                loc_4E4B:	call	sub_48BE	; nächstes Zeichen
    3042/CE4A : 38 F3                   		jr	c, loc_4E43	; solange Textzeichen
    3043/CE4C :                         		;
    3044/CE4C : CD E1 C8                		call	sub_48E1	; Mnemonik parsen
    3045/CE4F : FD CB EE 7E             		bit	7, (iy-12h)
    3046/CE53 : CA 1B CF                		jp	z, loc_4F14
    3047/CE56 : CD B5 C3                		call	sub_439F
    3048/CE59 : 38 E7                   		jr	c, loc_4E46
    3049/CE5B : F5                      		push	af
    3050/CE5C : FE 80                   		cp	80h ; 'Ç'
    3051/CE5E : CB 59                   		bit	3, c
    3052/CE60 : 3E 40                   		ld	a, 40h ; '@'
    3053/CE62 : D2 FB CE                		jp	nc, loc_4EF5
    3054/CE65 : 20 DD                   		jr	nz, loc_4E48
    3055/CE67 : F1                      		pop	af
    3056/CE68 : F5                      		push	af
    3057/CE69 : FD CB F6 D6             		set	2, (iy-0Ah)
    3058/CE6D : 01 FF FD                		ld	bc, unk_54FF	; Buffer f. Code
    3059/CE70 : FE 03                   		cp	3
    3060/CE72 : 28 4A                   		jr	z, loc_4EB8
    3061/CE74 : 30 5F                   		jr	nc, loc_4ECF
    3062/CE76 : 06 05                   		ld	b, 5
    3063/CE78 : CD C4 C6                		call	sub_46BE
    3064/CE7B : 3F                      		ccf
    3065/CE7C : 3E 40                   loc_4E80:	ld	a, 40h 		; Error 40 - Pseudo-Befehl-Fehler
    3066/CE7E : D2 23 CB                		jp	nc, loc_4B30	; Fehler ausgeben
    3067/CE81 :                         ;;		ld	h, d		; Adresse übernehmen
    3068/CE81 :                         ;;		ld	l, e
    3069/CE81 :                         		;
    3070/CE81 : 2A C0 FD                		ld      hl, (unk_54C0)
    3071/CE84 : 23                      		inc     hl
    3072/CE85 : 7C                      		ld      a, h
    3073/CE86 : B5                      		or      l
    3074/CE87 : 62                      		ld      h, d
    3075/CE88 : 6B                      		ld      l, e
    3076/CE89 : 20 03                   		jr      nz, loc_4E8E
    3077/CE8B : 22 C0 FD                		ld      (unk_54C0), hl
    3078/CE8E :                         loc_4E8E:       ;
    3079/CE8E : F1                      		pop	af
    3080/CE8F : FE 01                   		cp	1
    3081/CE91 : 28 07                   		jr	z, loc_4E93	; (bei org ?)
    3082/CE93 : 38 0C                   		jr	c, loc_4E9A
    3083/CE95 : ED 4B 0C FE             		ld	bc, (word_550C)	; MC-Adr.
    3084/CE99 : 09                      		add	hl, bc
    3085/CE9A : 22 0C FE                loc_4E93:	ld	(word_550C), hl	; setze MC-Adr.
    3086/CE9D : FD CB 00 9E             		res	3, (iy+0)
    3087/CEA1 : FD CB F8 46             loc_4E9A:	bit	0, (iy-8)
    3088/CEA5 : 28 0A                   		jr	z, loc_4EAA
    3089/CEA7 : FE 02                   		cp	2
    3090/CEA9 : 28 06                   		jr	z, loc_4EAA
    3091/CEAB : DD 75 00                		ld	(ix+0),	l
 AS V1.42 Beta [Bld 297] - Source File picoedasC-as.asm - Page 57 - 4/1/2026 11:57:29


    3092/CEAE : DD 74 01                		ld	(ix+1),	h
    3093/CEB1 : EB                      loc_4EAA:	ex	de, hl
    3094/CEB2 : FE 01                   		cp	1
    3095/CEB4 : 11 7F 10                		ld	de, bws(30,0)
    3096/CEB7 : CC 3F C6                		call	z, setcu	; set cursor
    3097/CEBA : EF                      		rst	28h		; ed_outhls Ausgabe MC-Adresse
    3098/CEBB :                         ;;		nop
    3099/CEBB : C3 89 CF                loc_4EB5:	jp	loc_4F82
    3100/CEBE :                         ;Zeichenkette
    3101/CEBE : 56                      loc_4EB8:	ld	d, (hl)
    3102/CEBF : C5                      loc_4EB9:	push	bc
    3103/CEC0 : CD BE C8                		call	sub_48BE
    3104/CEC3 : C1                      		pop	bc
    3105/CEC4 : BA                      		cp	d
    3106/CEC5 : 28 24                   		jr	z, loc_4EE5
    3107/CEC7 : FE A0                   		cp	0A0h 		; Zeilenende?
    3108/CEC9 : 28 20                   		jr	z, loc_4EE5
    3109/CECB : 02                      		ld	(bc), a
    3110/CECC : 0B                      		dec	bc
    3111/CECD : 18 F0                   		jr	loc_4EB9
    3112/CECF : CD C3 C3                loc_4EC9:	call	sub_43AD
    3113/CED2 : F1                      loc_4ECC:	pop	af
    3114/CED3 : 30 16                   		jr	nc, loc_4EE5
    3115/CED5 : C5                      loc_4ECF:	push	bc
    3116/CED6 : 06 04                   		ld	b, 4
    3117/CED8 : CD C4 C6                		call	sub_46BE
    3118/CEDB : C1                      		pop	bc
    3119/CEDC : F5                      		push	af
    3120/CEDD : 7B                      		ld	a, e
    3121/CEDE : 02                      		ld	(bc), a
    3122/CEDF : 0B                      		dec	bc
    3123/CEE0 : FD CB F1 46             		bit	0, (iy-0Fh)
    3124/CEE4 : 28 E9                   		jr	z, loc_4EC9
    3125/CEE6 : 7A                      		ld	a, d
    3126/CEE7 : 02                      		ld	(bc), a
    3127/CEE8 : 0B                      		dec	bc
    3128/CEE9 : 18 E7                   		jr	loc_4ECC
    3129/CEEB :                         ; Befehlszeilenende erreicht
    3130/CEEB :                         ; MC wegschreiben/anzeigen
    3131/CEEB : 21 FF FD                loc_4EE5:	ld	hl, unk_54FF	; Buffer f. Code
    3132/CEEE : B7                      loc_4EE8:	or	a		; Cy=0
    3133/CEEF : ED 42                   		sbc	hl, bc		; Test HL=BC
    3134/CEF1 : 09                      		add	hl, bc
    3135/CEF2 : 28 C7                   		jr	z, loc_4EB5	; bis Code-Ende
    3136/CEF4 : 7E                      		ld	a, (hl)		; gen. Code-Byte
    3137/CEF5 : 2B                      		dec	hl		; nächstes Zeichen
    3138/CEF6 : CD CA C7                		call	sub_47C6	; Ausgabe Byte
    3139/CEF9 : 18 F3                   		jr	loc_4EE8
    3140/CEFB :                         loc_4EF5:	;;jr	z, loc_4E80
    3141/CEFB : CA 7C CE                		jp	z, loc_4E80
    3142/CEFE : F1                      		pop	af
    3143/CEFF : FE 81                   		cp	81h		; special code SKIP
    3144/CF01 : 30 08                   		jr	nc, loc_4F04	; bei SKIP
    3145/CF03 :                         		; else 'ENT'
    3146/CF03 : 2A 0C FE                		ld	hl, (word_550C)	; aktuelle MC-Adr.
    3147/CF06 : 22 0E FE                		ld	(word_550E), hl	; ENT-Adresse
    3148/CF09 : 18 B0                   		jr	loc_4EB5	; -> loc_4F82
    3149/CF0B :                         		;
    3150/CF0B : CD 49 C6                loc_4F04:	call	sub_4642	; die letzten beiden BWS-Zeilen leeren
    3151/CF0E : 18 AB                   		jr	loc_4EB5	; -> loc_4F82
 AS V1.42 Beta [Bld 297] - Source File picoedasC-as.asm - Page 58 - 4/1/2026 11:57:29


    3152/CF10 :                         
    3153/CF10 :                         ;---------------------------------------
    3154/CF10 :                         ;
    3155/CF10 : CD C2 C6                loc_4F09:	call	sub_46BC	; Parameter bearbeiten
    3156/CF13 : 78                      		ld	a, b
    3157/CF14 : CD 1C C3                		call	sub_4306	; Abarbeitung nächstes Token
    3158/CF17 : 3E 21                   loc_4F10:	ld	a, 21h ; '!'
    3159/CF19 : 38 52                   		jr	c, loc_4F66
    3160/CF1B :                         ; Einstieg
    3161/CF1B : CB 59                   loc_4F14:	bit	3, c
    3162/CF1D : 28 F1                   		jr	z, loc_4F09
    3163/CF1F : CD B5 C3                		call	sub_439F
    3164/CF22 : 38 F3                   		jr	c, loc_4F10
    3165/CF24 : C1                      		pop	bc
    3166/CF25 : E1                      		pop	hl
    3167/CF26 : CB 51                   		bit	2, c
    3168/CF28 : 28 10                   		jr	z, loc_4F33
    3169/CF2A : 2B                      		dec	hl
    3170/CF2B : 2B                      		dec	hl
    3171/CF2C : FD CB 01 6E             		bit	5, (iy+1)	; Assembleroptionen rel.Jp.Abs
    3172/CF30 : 20 08                   		jr	nz, loc_4F33
    3173/CF32 :                         		; relative Sprungdistanzen absolut
    3174/CF32 : D5                      		push	de
    3175/CF33 : ED 5B 0C FE             		ld	de, (word_550C)	; aktuelle MC-Adr.
    3176/CF37 : ED 52                   		sbc	hl, de
    3177/CF39 : D1                      		pop	de
    3178/CF3A :                         ;
    3179/CF3A : EB                      loc_4F33:	ex	de, hl
    3180/CF3B : 7B                      		ld	a, e
    3181/CF3C : CB 51                   		bit	2, c
    3182/CF3E : C4 C7 C3                		call	nz, sub_43B1
    3183/CF41 : CB 49                   		bit	1, c
    3184/CF43 : C4 C3 C3                		call	nz, sub_43AD
    3185/CF46 : 79                      		ld	a, c
    3186/CF47 : B7                      		or	a
    3187/CF48 : 7B                      		ld	a, e
    3188/CF49 : 08                      		ex	af, af'	;'
    3189/CF4A : 7A                      		ld	a, d
    3190/CF4B : CB 41                   		bit	0, c
    3191/CF4D : EB                      		ex	de, hl
    3192/CF4E : E1                      		pop	hl
    3193/CF4F : E5                      		push	hl
    3194/CF50 : 37                      		scf
    3195/CF51 : F5                      		push	af
    3196/CF52 : 3F                      		ccf
    3197/CF53 : F5                      		push	af
    3198/CF54 : 08                      		ex	af, af'	;'
    3199/CF55 : F5                      		push	af
    3200/CF56 : 7A                      		ld	a, d
    3201/CF57 : B0                      		or	b
    3202/CF58 : 0C                      		inc	c
    3203/CF59 : F5                      		push	af
    3204/CF5A : 3E CB                   		ld	a, 0CBh
    3205/CF5C : CB 5B                   		bit	3, e
    3206/CF5E : 28 01                   		jr	z, loc_4F5A
    3207/CF60 : F5                      		push	af
    3208/CF61 : CB 65                   loc_4F5A:	bit	4, l
    3209/CF63 : 28 1A                   		jr	z, loc_4F78
    3210/CF65 : 7C                      		ld	a, h
    3211/CF66 : CB 73                   		bit	6, e
 AS V1.42 Beta [Bld 297] - Source File picoedasC-as.asm - Page 59 - 4/1/2026 11:57:29


    3212/CF68 : 28 08                   		jr	z, loc_4F6B
    3213/CF6A : B7                      		or	a
    3214/CF6B : 3E 22                   loc_4F64:	ld	a, 22h 		; Error 22 - Indexregister-Fehler
    3215/CF6D : C2 23 CB                loc_4F66:	jp	nz, loc_4B30	; Fehler ausgeben
    3216/CF70 : 18 05                   		jr	loc_4F70
    3217/CF72 :                         ;
    3218/CF72 : C1                      loc_4F6B:	pop	bc
    3219/CF73 : CB 45                   		bit	0, l
    3220/CF75 : F5                      		push	af
    3221/CF76 : C5                      		push	bc
    3222/CF77 : 3E DD                   loc_4F70:	ld	a, 0DDh	; IX ...
    3223/CF79 : B5                      		or	l
    3224/CF7A : F5                      		push	af
    3225/CF7B : CB 63                   		bit	4, e
    3226/CF7D : 20 EC                   		jr	nz, loc_4F64
    3227/CF7F :                         ;
    3228/CF7F : 3E ED                   loc_4F78:	ld	a, 0EDh	; Präfix ED
    3229/CF81 : CB 63                   		bit	4, e
    3230/CF83 : C4 CA C7                loc_4F7C:	call	nz, sub_47C6	; Ausgabe Hex-Code
    3231/CF86 : F1                      		pop	af
    3232/CF87 : 30 FA                   		jr	nc, loc_4F7C
    3233/CF89 :                         ;
    3234/CF89 : FD CB 00 46             loc_4F82:	bit	0, (iy+0)	;
    3235/CF8D : CC CF CC                		call	z, sub_4CB6	; neue Zeile
    3236/CF90 : FD CB F6 5E             		bit	3, (iy-0Ah)	;
    3237/CF94 : 20 0F                   		jr	nz, loc_4F9E
    3238/CF96 : FD CB F6 76             		bit	6, (iy-0Ah)	;
    3239/CF9A : 3E 23                   		ld	a, 23h 		; Error 23 - Wert bzw. Distanz zu groß
    3240/CF9C : C4 27 CB                		call	nz, sub_4B34	; Fehler ausgeben
    3241/CF9F : 18 09                   		jr	loc_4FA3
    3242/CFA1 :                         
    3243/CFA1 :                         ;---------------------------------------
    3244/CFA1 :                         ; hier gehts nach einem Fehler beim Assemblieren weiter
    3245/CFA1 : FD CB F6 5E             loc_4F9A:	bit	3, (iy-0Ah)
    3246/CFA5 :                         ;
    3247/CFA5 : 3E 30                   loc_4F9E:	ld	a, 30h 		; Error 30 - Marke nicht gefunden
    3248/CFA7 : C4 27 CB                		call	nz, sub_4B34	; Fehler ausgeben
    3249/CFAA :                         ;
    3250/CFAA : 31 F6 FE                loc_4FA3:	ld	sp, unk_55F6	; reset Stack
    3251/CFAD :                         					; (Param vom Stack nehmen)
    3252/CFAD : F1                      		pop	af
    3253/CFAE : 30 04                   		jr	nc, loc_4FAD
    3254/CFB0 : DD 23                   		inc	ix
    3255/CFB2 : DD 23                   		inc	ix
    3256/CFB4 : E1                      loc_4FAD:	pop	hl
    3257/CFB5 : CD 33 CD                		call	sub_4D22	; ggf. Abbruch bei Stop
    3258/CFB8 : C3 D9 CD                		jp	loc_4DDD	; nächste Zeile assemblieren
    3259/CFBB :                         
    3260/CFBB :                         ;---------------------------------------
    3261/CFBB :                         ; TASTE, Ret Cy bei Taste
    3262/CFBB : C5                      tastec:		push	bc
    3263/CFBC : CD FA 07                		call	TASTE		; AC1: testet den Tastaturstatus
    3264/CFBF : 28 03                   		jr	z, loc_4FBD
    3265/CFC1 : 37                      		scf
    3266/CFC2 : C1                      		pop	bc
    3267/CFC3 : C9                      		ret
    3268/CFC4 : A7                      loc_4FBD:	and	a	; Cy=0
    3269/CFC5 : C1                      		pop	bc
    3270/CFC6 : C9                      		ret
    3271/CFC7 :                         
 AS V1.42 Beta [Bld 297] - Source File picoedasC-as.asm - Page 60 - 4/1/2026 11:57:29


    3272/CFC7 :                         
    3273/CFC7 :                         ;---------------------------------------
    3274/CFC7 :                         ; Eingabe Textzeile
    3275/CFC7 :                         ; in cupos=107F bws(30,0)
    3276/CFC7 :                         ; ret DE=Text
    3277/CFC7 : E5                      sub_4FC0:	push	hl
    3278/CFC8 : CF                      loc_4FC1:	rst	8		; ed_inch0
    3279/CFC9 : FE 0D                   		cp	0Dh		; Enter?
    3280/CFCB : 28 23                   		jr	z, loc_4FE2
    3281/CFCD : FE 0C                   		cp	0Ch		; CLS
    3282/CFCF :                         		;;jr	z, loc_4FC1
    3283/CFCF : 28 18                   		jr	z, loc_4FE9
    3284/CFD1 : CD 35 D4                		call	sub_5417
    3285/CFD4 : D7                      		rst	10h		; ed_outch0
    3286/CFD5 : ED 5B 00 18             		ld	de, (cupos)
    3287/CFD9 : 7B                      		ld	a, e
    3288/CFDA : FE 80                   		cp	80h 		; lo( bws(29,63) )
    3289/CFDC :                         					; Zeilenanfang unterschritten?
    3290/CFDC : 30 06                   		jr	nc, loc_4FDD	; ja, nicht weiter zurück
    3291/CFDE : FE 4F                   		cp	4Fh 		; lo( bws(30,48) )
    3292/CFE0 :                         					; max Anzahl Zeichen erreicht?
    3293/CFE0 : 38 02                   		jr	c, loc_4FDD	; ja, nicht weiter vor
    3294/CFE2 : 18 E4                   		jr	loc_4FC1
    3295/CFE4 : 22 00 18                loc_4FDD:	ld	(cupos), hl
    3296/CFE7 : 18 DF                   		jr	loc_4FC1
    3297/CFE9 :                         ;
    3298/CFE9 : 06 19                   loc_4FE9:       ld      b, 19h
    3299/CFEB : 3E 0D                                   ld      a, 0Dh
    3300/CFED : D7                      loc_4FED:	rst     10h
    3301/CFEE : 10 FD                                   djnz    loc_4FED
    3302/CFF0 :                         ;
    3303/CFF0 : 11 BF 10                loc_4FE2:	ld	de, bws(29,0)
    3304/CFF3 : DF                      		rst	18h		; ed_prnst
    3305/CFF4 : 8D                      		db 8Dh
    3306/CFF5 : E1                      		pop	hl
    3307/CFF6 : C9                      		ret
    3308/CFF7 :                         
    3309/CFF7 :                         ;---------------------------------------
    3310/CFF7 :                         ;rst18 outch
    3311/CFF7 :                         ; eigene Routinen für Bildschirm
    3312/CFF7 :                         
    3313/CFF7 : E5                      outch0:		push	hl
    3314/CFF8 : D5                      		push	de
    3315/CFF9 : C5                      		push	bc
    3316/CFFA : F5                      		push	af
    3317/CFFB : E6 7F                   		and	7Fh ; ''
    3318/CFFD : 2A 00 18                		ld	hl, (cupos)
    3319/D000 : FE 0D                   		cp	0Dh		; CR
    3320/D002 : CA DB D0                		jp	z, oc_cr
    3321/D005 : FE 0C                   		cp	0Ch		; ^L
    3322/D007 : 28 44                   		jr	z, oc_cls
    3323/D009 : FE 12                   		cp	12h
    3324/D00B : 28 69                   		jr	z, oc_bakdel	; ^R
    3325/D00D :                         		;
    3326/D00D : FE 7F                   		cp      7Fh
    3327/D00F : 28 65                   		jr      z, oc_bakdel
    3328/D011 :                         		;
    3329/D011 : FE 13                   		cp	13h
    3330/D013 : 28 48                   		jr	z, oc_del	; ^S
    3331/D015 :                         		;
 AS V1.42 Beta [Bld 297] - Source File picoedasC-as.asm - Page 61 - 4/1/2026 11:57:29


    3332/D015 : FE 04                   		cp      4
    3333/D017 : 28 44                   		jr      z, oc_del
    3334/D019 :                         		;
    3335/D019 : FE 08                   		cp	8
    3336/D01B : 28 53                   		jr	z, oc_left
    3337/D01D : FE 09                   		cp	9
    3338/D01F : 28 52                   		jr	z, oc_right
    3339/D021 : FE 0B                   		cp	0Bh
    3340/D023 : CA C2 D0                		jp	z, oc_up	; Kursor nach oben
    3341/D026 : FE 17                   		cp	17h
    3342/D028 :                         		;;jr	z, oc_tab	; ^W
    3343/D028 : CA A3 D0                		jp	z, oc_tab	; ^W
    3344/D02B : FE 05                   		cp	5
    3345/D02D : 28 4C                   		jr	z, oc_ins	; ^E
    3346/D02F : FE 0A                   		cp	0Ah
    3347/D031 :                         		;;jr	z, oc_down	; Kursor nach unten
    3348/D031 : CA BC D0                		jp	z, oc_down	; Kursor nach unten
    3349/D034 : FE 14                   		cp	14h		; ^T
    3350/D036 :                         		;;jr	z, oc_firstc
    3351/D036 : CA B7 D0                		jp	z, oc_firstc
    3352/D039 :                         		;
    3353/D039 : FE 0F                   		cp      0Fh
    3354/D03B : 28 08                   		jr      z, loc_5045
    3355/D03D :                         		;
    3356/D03D : FE 20                   		cp	' '
    3357/D03F : DA C7 D0                		jp	c, oc_end	; sonstige Steuerzeichen uebergehen
    3358/D042 : C3 CF D0                		jp	outx		; Zeichen direkt ausgeben
    3359/D045 :                         ;
    3360/D045 : 06 08                   loc_5045:       ld      b, 8
    3361/D047 : 2B                      loc_5047:       dec     hl
    3362/D048 : 10 FD                                   djnz    loc_5047
    3363/D04A : C3 C7 D0                                jp      oc_end
    3364/D04D :                         
    3365/D04D :                         ; CTRL - L cls
    3366/D04D : 21 00 10                oc_cls:		ld	hl, BWS
    3367/D050 : 36 20                   		ld	(hl), ' '
    3368/D052 : 11 01 10                		ld	de, BWS+1
    3369/D055 : 01 FF 07                		ld	bc, 7FFh	; BWS-Size
    3370/D058 : ED B0                   		ldir
    3371/D05A : C3 C7 D0                		jp	oc_end
    3372/D05D :                         ; CTRL - S Streichen
    3373/D05D : 54                      oc_del:		ld	d, h
    3374/D05E : 7D                      		ld	a, l
    3375/D05F : E6 C0                   		and	0C0h
    3376/D061 : 5F                      		ld	e, a
    3377/D062 : 7D                      		ld	a, l
    3378/D063 : 93                      		sub	e
    3379/D064 : 5D                      		ld	e, l
    3380/D065 : 4F                      		ld	c, a
    3381/D066 : 06 00                   		ld	b, 0
    3382/D068 : 2B                      		dec	hl
    3383/D069 : ED B8                   		lddr
    3384/D06B : 3E 20                   		ld	a, ' '
    3385/D06D : 12                      		ld	(de), a
    3386/D06E : 18 5A                   		jr	oc_end1
    3387/D070 :                         ; CTRL - H <==
    3388/D070 : 23                      oc_left:	inc	hl
    3389/D071 : 18 54                   		jr	oc_end
    3390/D073 :                         ; CTRL - I ==>
    3391/D073 : 2B                      oc_right:	dec	hl
 AS V1.42 Beta [Bld 297] - Source File picoedasC-as.asm - Page 62 - 4/1/2026 11:57:29


    3392/D074 : 18 51                   		jr	oc_end
    3393/D076 :                         ; CTRL - R Rückwärtslöschen
    3394/D076 : 23                      oc_bakdel:	inc	hl
    3395/D077 : 36 20                   		ld	(hl), ' '
    3396/D079 : 18 4C                   		jr	oc_end
    3397/D07B :                         ; CTRL - E Einfügen
    3398/D07B : E5                      oc_ins:		push	hl
    3399/D07C : 7D                      		ld	a, l
    3400/D07D : E6 C0                   		and	0C0h
    3401/D07F : 6F                      		ld	l, a
    3402/D080 : EB                      		ex	de, hl
    3403/D081 : AF                      		xor	a
    3404/D082 : E1                      		pop	hl
    3405/D083 : ED 52                   		sbc	hl, de
    3406/D085 : E5                      		push	hl
    3407/D086 : C1                      		pop	bc
    3408/D087 : D5                      		push	de
    3409/D088 : E1                      		pop	hl
    3410/D089 : 23                      		inc	hl
    3411/D08A : ED B0                   		ldir
    3412/D08C : 3E 20                   		ld	a, ' '
    3413/D08E : 12                      		ld	(de), a
    3414/D08F : 18 39                   		jr	oc_end1
    3415/D091 :                         ; Tabulator-Tabelle
    3416/D091 : F9                      ttab:		db -7
    3417/D092 : FC                      		db -4
    3418/D093 : FB                      		db -5
    3419/D094 : FB                      		db -5
    3420/D095 : FB                      		db -5
    3421/D096 : FB                      		db -5
    3422/D097 : 00                      		db    0
    3423/D098 : EB                      sub_5073:	ex	de, hl
    3424/D099 : 21 7F 10                		ld	hl, bws(30,0)
    3425/D09C : 3E 20                   		ld	a, ' '
    3426/D09E : 2B                      loc_5079:	dec	hl
    3427/D09F : BE                      		cp	(hl)
    3428/D0A0 : 20 FC                   		jr	nz, loc_5079
    3429/D0A2 : C9                      		ret
    3430/D0A3 :                         ; CTRL - W spezieller Tabulator
    3431/D0A3 : CD 98 D0                oc_tab:		call	sub_5073
    3432/D0A6 : 01 90 D0                		ld	bc, ttab-1
    3433/D0A9 : 03                      oc_tab1:	inc	bc
    3434/D0AA : 0A                      		ld	a, (bc)
    3435/D0AB : B7                      		or	a
    3436/D0AC : 28 19                   		jr	z, oc_end
    3437/D0AE : 85                      		add	a, l
    3438/D0AF : 6F                      		ld	l, a
    3439/D0B0 : ED 52                   		sbc	hl, de
    3440/D0B2 : 19                      		add	hl, de
    3441/D0B3 : 30 F4                   		jr	nc, oc_tab1
    3442/D0B5 : 18 10                   		jr	oc_end
    3443/D0B7 :                         ; CTRL - T Kursor hinter Zeilennummer
    3444/D0B7 : CD 98 D0                oc_firstc:	call	sub_5073
    3445/D0BA : 18 0B                   		jr	oc_end
    3446/D0BC :                         ;
    3447/D0BC : 11 C0 FF                oc_down:	ld	de, -COLS	; Zeilenlaenge
    3448/D0BF : 19                      oc_down1:	add	hl, de
    3449/D0C0 : 18 05                   		jr	oc_end
    3450/D0C2 :                         ;
    3451/D0C2 : 11 40 00                oc_up:		ld	de, COLS	; Zeilenlaenge
 AS V1.42 Beta [Bld 297] - Source File picoedasC-as.asm - Page 63 - 4/1/2026 11:57:29


    3452/D0C5 : 18 F8                   		jr	oc_down1
    3453/D0C7 :                         ;
    3454/D0C7 : 22 00 18                oc_end:		ld	(cupos), hl
    3455/D0CA : F1                      oc_end1:	pop	af
    3456/D0CB : C1                      		pop	bc
    3457/D0CC : D1                      		pop	de
    3458/D0CD : E1                      		pop	hl
    3459/D0CE : C9                      		ret
    3460/D0CF :                         ;
    3461/D0CF : 77                      outx:		ld	(hl), a
    3462/D0D0 : 2B                      		dec	hl
    3463/D0D1 : EB                      		ex	de, hl
    3464/D0D2 : 21 FF 0F                		ld	hl, 0FFFh
    3465/D0D5 : A7                      		and	a
    3466/D0D6 : ED 52                   		sbc	hl, de
    3467/D0D8 : EB                      		ex	de, hl
    3468/D0D9 : 38 EC                   		jr	c, oc_end
    3469/D0DB :                         ;
    3470/D0DB : CD 71 D1                oc_cr:		call	sub_515E
    3471/D0DE : ED 53 00 18             		ld	(cupos), de
    3472/D0E2 : EB                      		ex	de, hl
    3473/D0E3 : 23                      		inc	hl
    3474/D0E4 : 2D                      oc_cr1:		dec	l
    3475/D0E5 : 36 20                   		ld	(hl), ' '
    3476/D0E7 : 20 FB                   		jr	nz, oc_cr1
    3477/D0E9 : 18 DF                   		jr	oc_end1
    3478/D0EB :                         
    3479/D0EB :                         ;---------------------------------------
    3480/D0EB :                         ;rst08 inch
    3481/D0EB :                         ; eigene Routinen für Bildschirm. Die Eingabe ist mit einer Auto-
    3482/D0EB :                         ; Repeat-Funktion versehen, d.h., nach längerem Drücken wird eine Taste
    3483/D0EB :                         ; automatisch wiederholt.
    3484/D0EB :                         
    3485/D0EB : E5                      inch0:		push	hl
    3486/D0EC : C5                      		push	bc
    3487/D0ED : 2A 00 18                		ld	hl, (cupos)	; Cursorposition
    3488/D0F0 : 4E                      inch1:		ld	c, (hl)		; Zeichen merken
    3489/D0F1 : CB B9                   		res	7, c
    3490/D0F3 : 36 5F                   		ld	(hl), '_'	; Cursorzeichen
    3491/D0F5 : 06 00                   inch2:		ld	b, 0
    3492/D0F7 : C5                      inch3:		push	bc
    3493/D0F8 : 06 00                   		ld	b, 0
    3494/D0FA : 10 FE                   inch4:		djnz	inch4		; kurz warten
    3495/D0FC : C1                      		pop	bc
    3496/D0FD : CD FA 07                		call	TASTE		; Taste gedrückt?
    3497/D100 : 20 0A                   		jr	nz, inch5	; ja
    3498/D102 : 10 F3                   		djnz	inch3		; sonst weiter versuchen
    3499/D104 :                         		; blinken
    3500/D104 : 3E 5F                   		ld	a, '_'		; Cursorzeichen
    3501/D106 : BE                      		cp	(hl)
    3502/D107 : 20 E7                   		jr	nz, inch1
    3503/D109 : 71                      		ld	(hl), c		; Zeichen wiederherstellen
    3504/D10A : 18 E9                   		jr	inch2
    3505/D10C :                         ;
    3506/D10C : 71                      inch5:		ld	(hl), c		; Zeichen wiederherstellen
    3507/D10D : F5                      		push	af
    3508/D10E : CD FA 07                inch6:		call	TASTE
    3509/D111 : 21 B4 FE                		ld	hl, unk_55B4	; Repeat-Timer
    3510/D114 : 20 09                   		jr	nz, inch8
    3511/D116 :                         		;;ld	a, 10h		; Startwert 16
 AS V1.42 Beta [Bld 297] - Source File picoedasC-as.asm - Page 64 - 4/1/2026 11:57:29


    3512/D116 : 3E 20                   		ld	a, 20h
    3513/D118 : 77                      inch7:		ld	(hl), a
    3514/D119 : F1                      		pop	af
    3515/D11A :                         		; Bit 7 rücksetzen (Kennung Taste gedrückt)
    3516/D11A : E6 7F                   		and	7Fh
    3517/D11C : C1                      		pop	bc
    3518/D11D : E1                      		pop	hl
    3519/D11E : C9                      		ret
    3520/D11F :                         		; repeat
    3521/D11F : 7E                      inch8:		ld	a, (hl)
    3522/D120 : 3D                      		dec	a
    3523/D121 : 77                      		ld	(hl), a
    3524/D122 : 20 EA                   		jr	nz, inch6
    3525/D124 : 3C                      		inc	a
    3526/D125 : 3C                      		inc	a
    3527/D126 : 3C                      		inc	a
    3528/D127 : 18 EF                   		jr	inch7		; Folgezeitwert 3
    3529/D129 :                         
    3530/D129 :                         
    3531/D129 :                         
    3532/D129 :                         ;---------------------------------------
    3533/D129 :                         ; orig.	Sprungverteiler	wiederherstellen
    3534/D129 : 21 A0 FE                sv_restore:	ld	hl, orig_sv	; Merker für orig. Sprungverteiler
    3535/D12C :                         					; 12h Byte
    3536/D12C : 11 02 18                		ld	de, unk_1802	; Adr. Sprungverteiler Monitor
    3537/D12F : 01 12 00                		ld	bc, 12h
    3538/D132 : ED B0                   		ldir
    3539/D134 : C9                      		ret
    3540/D135 :                         
    3541/D135 :                         ;---------------------------------------
    3542/D135 :                         ; Q - Rücksprung zum Monitor.
    3543/D135 :                         ; Dieses Kommando übergibt die Steuerung wieder dem "AC1"-Monitor, zuvor wurden
    3544/D135 :                         ; die Argumentzeilen Arg1 bis Arg3 so geladen, daß der Quelltext einfach mit S:
    3545/D135 :                         ; name abgespeichert werden kann. EDAS*4 ist nun jederzeit wieder über einen
    3546/D135 :                         ; Warmstart zu aktivieren. Alle vor dem Verlassen eingestellten Parameter bleiben
    3547/D135 :                         ; erhalten, natürlich vorausgesetzt, es wurde nichts durch eine
    3548/D135 :                         ; Speichermanipulation zerstört. Soweit das EDAS*4 selbst betrifft, merkt er das
    3549/D135 :                         ; durch seine Prüfsumme und kehrt sofort zum Monitor zurück. Dann muß man EDAS*4
    3550/D135 :                         ; neu von der Kassette laden. Wenn man Glück hat und der Quelltext ist erhalten
    3551/D135 :                         ; geblieben, so läßt er sich mit "Y" reaktivieren.
    3552/D135 :                         
    3553/D135 : CD 29 D1                QUIT:		call	sv_restore	; orig.	Sprungverteiler	wiederherstellen
    3554/D138 : 2A 00 FE                		ld	hl, (BUFBEG)	; Anfangsdresse
    3555/D13B : 22 5B 18                		ld	(ARG1),	hl
    3556/D13E : 22 5F 18                		ld	(ARG3),	hl
    3557/D141 : CD 79 C4                		call	sub_4466	; Bufferende
    3558/D144 : 22 5D 18                		ld	(ARG2),	hl	; merken
    3559/D147 : C3 FD 07                		jp	GETCO1
    3560/D14A :                         
    3561/D14A :                         ;---------------------------------------
    3562/D14A :                         ; Sprungverteiler init
    3563/D14A : 21 02 18                sv_init:	ld	hl, unk_1802	; orig Sprungverteiler f. RST-Aufrufe und NMI
    3564/D14D :                         					; nach 55A0 sichern
    3565/D14D : E5                      		push	hl
    3566/D14E : 11 A0 FE                		ld	de, orig_sv	; Merker für orig. Sprungverteiler
    3567/D151 :                         					; 12h Byte
    3568/D151 : 01 12 00                		ld	bc, 12h
    3569/D154 : C5                      		push	bc
    3570/D155 : ED B0                   		ldir
    3571/D157 : 21 5F D1                		ld	hl, edas_sv	; neuer	Sprungverteiler
 AS V1.42 Beta [Bld 297] - Source File picoedasC-as.asm - Page 65 - 4/1/2026 11:57:29


    3572/D15A : C1                      		pop	bc
    3573/D15B : D1                      		pop	de
    3574/D15C : ED B0                   		ldir
    3575/D15E : C9                      		ret
    3576/D15F :                         
    3577/D15F :                         ;---------------------------------------
    3578/D15F :                         ; neuer Sprungverteiler, wird nach 1802 kopiert
    3579/D15F : C3 EB D0                edas_sv:	jp	inch0		; rst08 lokal
    3580/D162 : C3 F7 CF                		jp	outch0		; rst10	lokal
    3581/D165 : C3 E9 C8                		jp	prnst0		; rst18 lokal
    3582/D168 : C3 EB 07                		jp	MS30		; rst20 orig. Monitor
    3583/D16B : C3 8C D1                		jp	outhls		; rst28	lokal
    3584/D16E : C3 DB C7                		jp	konvx		; rst30 lokal
    3585/D171 :                         
    3586/D171 :                         ;---------------------------------------
    3587/D171 :                         ; scrollen, Zeile 0 und 1 bleiben stehen
    3588/D171 :                         sub_515E:	;;ld	hl, bws(3,0)
    3589/D171 :                         		;;ld	de, bws(2,0)
    3590/D171 :                         		;;ld	bc, 740h	; 29 Zeilen
    3591/D171 : 21 FF 16                		ld      hl, 16FFh
    3592/D174 : 11 3F 17                		ld      de, 173Fh
    3593/D177 : 01 00 07                		ld      bc, 700h
    3594/D17A : ED B8                   		lddr
    3595/D17C :                         ; UP zu loc_4803 zu SWAP
    3596/D17C : 06 C0                   sub_5169:	ld	b, 0C0h		; 3 Zeilen
    3597/D17E : 21 00 10                		ld	hl, 1000h
    3598/D181 : 7E                      loc_516E:	ld	a, (hl)
    3599/D182 : FE A0                   		cp	0A0h		; suche Marker
    3600/D184 :                         					; (Leerzeichen + Bit7)
    3601/D184 : 20 02                   		jr	nz, loc_5175
    3602/D186 : CB BE                   		res	7, (hl)		; gefunden->rücksetzen
    3603/D188 : 23                      loc_5175:	inc	hl
    3604/D189 : 10 F6                   		djnz	loc_516E
    3605/D18B : C9                      		ret
    3606/D18C :                         
    3607/D18C :                         ;---------------------------------------
    3608/D18C :                         ; rst28
    3609/D18C :                         ; Ausgabe HL + Space
    3610/D18C : CD F1 07                outhls:		call	OUTHL
    3611/D18F : 3E 20                   		ld	a, ' '
    3612/D191 : D7                      		rst	10h		; ed_outch0
    3613/D192 : C9                      		ret
    3614/D193 :                         
    3615/D193 :                         ;---------------------------------------
    3616/D193 :                         ; UP zu loc_4A53, Eingabe Quelltext
    3617/D193 : CD BA C4                sub_5180:	call	sub_44A6
    3618/D196 : B7                      		or	a
    3619/D197 : ED 52                   		sbc	hl, de
    3620/D199 : 19                      		add	hl, de
    3621/D19A : D0                      		ret	nc
    3622/D19B :                         		;;ld	bc, unk_54C0
    3623/D19B : 01 C2 FD                		ld	bc, unk_54C0+2
    3624/D19E : 1B                      		dec	de
    3625/D19F : B7                      loc_518C:	or	a
    3626/D1A0 : ED 52                   		sbc	hl, de
    3627/D1A2 : 19                      		add	hl, de
    3628/D1A3 : 28 22                   		jr	z, loc_51B4
    3629/D1A5 : 7E                      		ld	a, (hl)
    3630/D1A6 : FE 20                   		cp	20h ; ' '
    3631/D1A8 : 28 05                   		jr	z, loc_519C
 AS V1.42 Beta [Bld 297] - Source File picoedasC-as.asm - Page 66 - 4/1/2026 11:57:29


    3632/D1AA : 23                      		inc	hl
    3633/D1AB : 02                      loc_5198:	ld	(bc), a
    3634/D1AC : 03                      		inc	bc
    3635/D1AD : 18 F0                   		jr	loc_518C
    3636/D1AF : AF                      loc_519C:	xor	a
    3637/D1B0 : 08                      		ex	af, af'	;'
    3638/D1B1 : 08                      loc_519E:	ex	af, af'	;'
    3639/D1B2 : 3C                      		inc	a
    3640/D1B3 : 23                      		inc	hl
    3641/D1B4 : B7                      		or	a
    3642/D1B5 : ED 52                   		sbc	hl, de
    3643/D1B7 : 19                      		add	hl, de
    3644/D1B8 : 28 F1                   		jr	z, loc_5198
    3645/D1BA : FE 1F                   		cp	1Fh
    3646/D1BC : 30 ED                   		jr	nc, loc_5198
    3647/D1BE : 08                      		ex	af, af'	;'
    3648/D1BF : 3E 20                   		ld	a, 20h ; ' '
    3649/D1C1 : BE                      		cp	(hl)
    3650/D1C2 : 28 ED                   		jr	z, loc_519E
    3651/D1C4 : 08                      		ex	af, af'	;'
    3652/D1C5 : 18 E4                   		jr	loc_5198
    3653/D1C7 : 59                      loc_51B4:	ld	e, c
    3654/D1C8 : 50                      		ld	d, b
    3655/D1C9 : 7E                      		ld	a, (hl)
    3656/D1CA : 02                      		ld	(bc), a
    3657/D1CB : 13                      		inc	de
    3658/D1CC :                         		;;ld	hl, unk_54C0
    3659/D1CC : 21 C2 FD                		ld	hl, unk_54C0+2
    3660/D1CF : C9                      		ret
    3661/D1D0 :                         
    3662/D1D0 :                         ;---------------------------------------
    3663/D1D0 :                         ; Ausgabe Text mit Dekomprimieren
    3664/D1D0 :                         ; in A Zeichen, HL Text, DE=Cursorpos.
    3665/D1D0 :                         ;
    3666/D1D0 : 23                      sub_51BD:	inc	hl		; Zeiger auf nächstes Zeichen
    3667/D1D1 : B7                      		or	a		; Zeilenende?
    3668/D1D2 : 3E A0                   		ld	a, 0A0h		; Ende-Zeichen
    3669/D1D4 : 12                      		ld	(de), a		; in Bildschirm setzen
    3670/D1D5 : C8                      		ret	z		; bei Ende
    3671/D1D6 :                         		;
    3672/D1D6 : 2B                      		dec	hl		; aktuelles Zeichen
    3673/D1D7 : 7E                      		ld	a, (hl)		; holen
    3674/D1D8 : FE 20                   		cp	' '
    3675/D1DA : 38 05                   		jr	c, loc_51CE	; komprimierte Leerzeichen
    3676/D1DC : CD 68 C6                		call	sub_4661	; Zeichen ausgeben
    3677/D1DF : 18 EF                   		jr	sub_51BD	; nächstes Zeichen
    3678/D1E1 :                         ;dekomprimieren
    3679/D1E1 : 47                      loc_51CE:	ld	b, a		; Anzahl
    3680/D1E2 : 3E 20                   		ld	a, ' '		; Leerzeichen
    3681/D1E4 : 12                      loc_51D1:	ld	(de), a		; ausgeben
    3682/D1E5 : 1B                      		dec	de
    3683/D1E6 : 10 FC                   		djnz	loc_51D1
    3684/D1E8 : 23                      		inc	hl		; nächstes Zeichen
    3685/D1E9 : 18 E5                   		jr	sub_51BD	; weiter ausgeben
    3686/D1EB :                         
    3687/D1EB :                         
    3688/D1EB :                         ;---------------------------------------
    3689/D1EB :                         ; Anzeige des Quelltextes ab Marke
    3690/D1EB :                         ;
    3691/D1EB :                         ; M Marke - Anzeige des Quelltexte, ab Marke bis Ende.
 AS V1.42 Beta [Bld 297] - Source File picoedasC-as.asm - Page 67 - 4/1/2026 11:57:29


    3692/D1EB :                         ;
    3693/D1EB :                         ; Dieses Kommando dient ebenfalls zur Anzeige des Quelltextes, wobei hier ab der
    3694/D1EB :                         ; angegebenen Marke begonnen wird.
    3695/D1EB :                         
    3696/D1EB : 21 BF 10                MARK:		ld	hl, bws(29,0)	; Kdo Zeile
    3697/D1EE : 2B                      loc_51DB:	dec	hl		; Zeichen hinter Kdo.Buchstaben
    3698/D1EF : 7E                      		ld	a, (hl)
    3699/D1F0 : FE 20                   		cp	' '		; Leerzeichen
    3700/D1F2 : 28 FA                   		jr	z, loc_51DB	; übergehen
    3701/D1F4 :                         		; Markenname kopieren
    3702/D1F4 : 11 30 FE                		ld	de, unk_5530	; 6 Zeichen Marke
    3703/D1F7 : 06 06                   		ld	b, 6		; max. 6 Zeichen
    3704/D1F9 : 12                      loc_51E6:	ld	(de), a		; Zeichen kopieren
    3705/D1FA : 13                      		inc	de
    3706/D1FB : 2B                      		dec	hl
    3707/D1FC : 7E                      		ld	a, (hl)
    3708/D1FD : FE 20                   		cp	' '		; Leerzeichen
    3709/D1FF : 28 02                   		jr	z, loc_51F0	; dann Markenname zu Ende
    3710/D201 : 10 F6                   		djnz	loc_51E6	; sonst nächstes Zeichen kopieren
    3711/D203 :                         		;
    3712/D203 : 78                      loc_51F0:	ld	a, b
    3713/D204 : 12                      		ld	(de), a
    3714/D205 : 2A 00 FE                		ld	hl, (BUFBEG)	; Anfangsdresse
    3715/D208 : 4E                      		ld	c, (hl)
    3716/D209 : 23                      		inc	hl
    3717/D20A : 46                      		ld	b, (hl)		; BC=TextLänge
    3718/D20B : 23                      		inc	hl
    3719/D20C : 23                      		inc	hl
    3720/D20D : 23                      		inc	hl
    3721/D20E : AF                      loc_51FB:	xor	a		; 00=Zeilenende
    3722/D20F : ED B1                   		cpir			; suche Zeilenende
    3723/D211 : C2 C4 CB                		jp	nz, loc_4BBC	; bei Fehler zurück zur Kommandoschleife
    3724/D214 : 5E                      		ld	e, (hl)
    3725/D215 : 23                      		inc	hl
    3726/D216 : 0B                      		dec	bc
    3727/D217 : 56                      		ld	d, (hl)
    3728/D218 : ED 53 5B 18             		ld	(ARG1),	de
    3729/D21C : 23                      		inc	hl
    3730/D21D : 0B                      		dec	bc
    3731/D21E : 11 30 FE                		ld	de, unk_5530
    3732/D221 : 1A                      loc_520E:	ld	a, (de)
    3733/D222 : BE                      		cp	(hl)
    3734/D223 : 20 E9                   		jr	nz, loc_51FB
    3735/D225 : FE 20                   		cp	20h ; ' '
    3736/D227 : 38 05                   		jr	c, loc_521B
    3737/D229 : 23                      		inc	hl
    3738/D22A : 0B                      		dec	bc
    3739/D22B : 13                      		inc	de
    3740/D22C : 18 F3                   		jr	loc_520E
    3741/D22E : CD 06 C6                loc_521B:	call	sub_45F5	; suche Zeile ARG1
    3742/D231 : CD C6 CC                loc_521E:	call	sub_4CAD	; Anzeige Zeile
    3743/D234 : 18 FB                   		jr	loc_521E
    3744/D236 :                         
    3745/D236 :                         ;---------------------------------------
    3746/D236 :                         ; Neunumerierung ab Zeile bis Quellende
    3747/D236 :                         ;
    3748/D236 :                         ; N a s - ab Zeile a mit einer Lücke von s Zeilen zur vorhergehenden a Zeile.
    3749/D236 :                         ;
    3750/D236 :                         ; Dieses Kommando ist immer dann nützlich, wenn man noch nachträglich etwas in die
    3751/D236 :                         ; Quelle einfügen muß und dafür Platz benötigt.
 AS V1.42 Beta [Bld 297] - Source File picoedasC-as.asm - Page 68 - 4/1/2026 11:57:29


    3752/D236 :                         
    3753/D236 : 2A 00 FE                NNUM:		ld	hl, (BUFBEG)	; Anfangsdresse
    3754/D239 : FE 02                   		cp	2		; in A = Anz. Param.
    3755/D23B : C2 21 CB                		jp	nz, loc_4B2E	; error 99 illegal command
    3756/D23E : 23                      		inc	hl
    3757/D23F : 23                      		inc	hl
    3758/D240 : CD 3E C4                		call	sub_442B	; Suche nächste Zeile
    3759/D243 : C8                      		ret	z		; Textende erreicht
    3760/D244 : 5E                      loc_5231:	ld	e, (hl)
    3761/D245 : 23                      		inc	hl
    3762/D246 : 56                      		ld	d, (hl)		; DE=Zeilennummer
    3763/D247 : CD 40 C4                		call	loc_442D	; suche nächste Zeile
    3764/D24A : 20 F8                   		jr	nz, loc_5231	; wiederholen bis Textende erreicht
    3765/D24C : 2A 5D 18                		ld	hl, (ARG2)	; Schrittweite s
    3766/D24F : CD 6A D2                		call	sub_5257	; letzte Zeilennr + s > 9999?
    3767/D252 : 3E 01                   		ld	a, 1		; Error 01 - Zeilennummerüberlauf
    3768/D254 : DA 23 CB                		jp	c, loc_4B30	; Fehler ausgeben
    3769/D257 : CD 06 C6                		call	sub_45F5	; suche Zeile ARG1
    3770/D25A : CD 66 D2                loc_5247:	call	sub_5253
    3771/D25D : 73                      		ld	(hl), e
    3772/D25E : 23                      		inc	hl
    3773/D25F : 72                      		ld	(hl), d
    3774/D260 : CD 3E C4                		call	sub_442B	; Suche nächste Zeile
    3775/D263 : C8                      		ret	z		; Textende erreicht
    3776/D264 : 18 F4                   		jr	loc_5247
    3777/D266 :                         ; hole Zeilennummer + ARG2
    3778/D266 : 5E                      sub_5253:	ld	e, (hl)
    3779/D267 : 23                      		inc	hl
    3780/D268 : 56                      		ld	d, (hl)
    3781/D269 : 2B                      		dec	hl
    3782/D26A :                         ; BCD Addition HL + ARG2
    3783/D26A : E5                      sub_5257:	push	hl
    3784/D26B : 2A 5D 18                		ld	hl, (ARG2)
    3785/D26E : B7                      		or	a
    3786/D26F : 7D                      		ld	a, l
    3787/D270 : 83                      		add	a, e
    3788/D271 : 27                      		daa
    3789/D272 : 5F                      		ld	e, a
    3790/D273 : 7C                      		ld	a, h
    3791/D274 : 8A                      		adc	a, d
    3792/D275 : 27                      		daa
    3793/D276 : 57                      		ld	d, a
    3794/D277 : E1                      		pop	hl
    3795/D278 : C9                      		ret
    3796/D279 :                         
    3797/D279 :                         ;---------------------------------------
    3798/D279 :                         ; Teile einer EDAS-Quelle verschieben
    3799/D279 :                         ;
    3800/D279 :                         ; C a e x - Verschiebe von Zeile a bis Zeile e nach Zeile x und folgende.
    3801/D279 :                         ;
    3802/D279 :                         ; Hiermit kann man Teilstücke des Quelltextes nachträglich an eine andere Stelle
    3803/D279 :                         ; in der Quelle bringen. Die Zeilen von a bis e werden ab der Zeile x mit der
    3804/D279 :                         ; Schrittweite 1 neu plaziert.
    3805/D279 :                         ;
    3806/D279 : FE 03                   MOVE:		cp	3
    3807/D27B : C2 21 CB                		jp	nz, loc_4B2E
    3808/D27E : FD CB 01 DE             		set	3, (iy+1)	; Assembleroptionen
    3809/D282 : 21 5B 18                		ld	hl, ARG1
    3810/D285 : 11 B0 FD                		ld	de, word_54B0
    3811/D288 : 01 06 00                		ld	bc, 6
 AS V1.42 Beta [Bld 297] - Source File picoedasC-as.asm - Page 69 - 4/1/2026 11:57:29


    3812/D28B : ED B0                   		ldir
    3813/D28D : ED 5B B4 FD             		ld	de, (word_54B4)
    3814/D291 : 2A B2 FD                		ld	hl, (word_54B2)
    3815/D294 : B7                      		or	a
    3816/D295 : ED 52                   		sbc	hl, de
    3817/D297 : 38 0A                   		jr	c, loc_5290
    3818/D299 : 2A B0 FD                		ld	hl, (word_54B0)
    3819/D29C : EB                      		ex	de, hl
    3820/D29D : ED 52                   		sbc	hl, de
    3821/D29F : 3E 08                   		ld	a, 8
    3822/D2A1 : 30 6C                   		jr	nc, loc_52FC
    3823/D2A3 : 2A 00 FE                loc_5290:	ld	hl, (BUFBEG)	; Anfangsdresse
    3824/D2A6 : CD 16 D3                		call	sub_5303
    3825/D2A9 : 22 5B 18                		ld	(ARG1),	hl
    3826/D2AC : 22 5D 18                		ld	(ARG2),	hl
    3827/D2AF : D5                      		push	de
    3828/D2B0 : CD 34 CA                		call	sub_4A3A
    3829/D2B3 : D1                      		pop	de
    3830/D2B4 : 2A B4 FD                		ld	hl, (word_54B4)
    3831/D2B7 : 22 59 18                		ld	(data+1), hl
    3832/D2BA : 22 5B 18                		ld	(ARG1),	hl
    3833/D2BD : 22 10 FE                		ld	(word_5510), hl	; Zeilennummer
    3834/D2C0 : 21 CC D2                		ld	hl, loc_52B9
    3835/D2C3 : 22 B6 FD                		ld	(word_54B6), hl
    3836/D2C6 :                         		;;ld	hl, unk_54C0
    3837/D2C6 : 21 C2 FD                		ld	hl, unk_54C0+2
    3838/D2C9 : C3 81 CA                		jp	loc_4A8C
    3839/D2CC : FD F9                   loc_52B9:		ld	sp, iy
    3840/D2CE : 2A 00 FE                		ld	hl, (BUFBEG)	; Anfangsdresse
    3841/D2D1 : CD DD D2                		call	sub_52CA
    3842/D2D4 : 20 CD                   		jr	nz, loc_5290
    3843/D2D6 : FD CB 01 9E             loc_52C3:		res	3, (iy+1)	; Assembleroptionen
    3844/D2DA : C3 E8 CB                		jp	loc_4BE6
    3845/D2DD :                         sub_52CA:	; FUNCTION CHUNK AT 52C3 SIZE 00000007 BYTES
    3846/D2DD : E5                      		push	hl
    3847/D2DE : 2A B0 FD                		ld	hl, (word_54B0)
    3848/D2E1 : 23                      		inc	hl
    3849/D2E2 : 22 5B 18                		ld	(ARG1),	hl
    3850/D2E5 : E1                      		pop	hl
    3851/D2E6 : CD 09 C6                		call	loc_45F8
    3852/D2E9 : BE                      		cp	(hl)
    3853/D2EA : C8                      		ret	z
    3854/D2EB : F5                      		push	af
    3855/D2EC : ED 53 B0 FD             		ld	(word_54B0), de
    3856/D2F0 : 2A B2 FD                		ld	hl, (word_54B2)
    3857/D2F3 : B7                      		or	a
    3858/D2F4 : ED 52                   		sbc	hl, de
    3859/D2F6 : 38 DE                   		jr	c, loc_52C3
    3860/D2F8 : 2A B4 FD                		ld	hl, (word_54B4)
    3861/D2FB : 7D                      		ld	a, l
    3862/D2FC : 3C                      		inc	a
    3863/D2FD : 27                      		daa
    3864/D2FE : 6F                      		ld	l, a
    3865/D2FF : 30 09                   		jr	nc, loc_52F7
    3866/D301 : B7                      		or	a
    3867/D302 : 7C                      		ld	a, h
    3868/D303 : 3C                      		inc	a
    3869/D304 : 27                      		daa
    3870/D305 : 67                      		ld	h, a
    3871/D306 : 3E 01                   		ld	a, 1
 AS V1.42 Beta [Bld 297] - Source File picoedasC-as.asm - Page 70 - 4/1/2026 11:57:29


    3872/D308 : 38 05                   		jr	c, loc_52FC
    3873/D30A : 22 B4 FD                loc_52F7:		ld	(word_54B4), hl
    3874/D30D : F1                      		pop	af
    3875/D30E : C9                      		ret
    3876/D30F :                         ;
    3877/D30F : FD CB 01 9E             loc_52FC:	res	3, (iy+1)	; Assembleroptionen
    3878/D313 : C3 23 CB                		jp	loc_4B30	; Fehler ausgeben
    3879/D316 :                         
    3880/D316 :                         ;
    3881/D316 : E5                      sub_5303:	push	hl
    3882/D317 : 2A B4 FD                		ld	hl, (word_54B4)
    3883/D31A : 22 5B 18                		ld	(ARG1),	hl
    3884/D31D : E5                      		push	hl
    3885/D31E : CD 06 C6                		call	sub_45F5	; suche Zeile ARG1
    3886/D321 : BE                      		cp	(hl)
    3887/D322 : E1                      		pop	hl
    3888/D323 : 28 07                   		jr	z, loc_5319
    3889/D325 : B7                      		or	a
    3890/D326 : ED 52                   		sbc	hl, de
    3891/D328 : 3E 07                   		ld	a, 7
    3892/D32A : 30 E3                   		jr	nc, loc_52FC
    3893/D32C : 2A B0 FD                loc_5319:		ld	hl, (word_54B0)
    3894/D32F : 22 5B 18                		ld	(ARG1),	hl
    3895/D332 : E1                      		pop	hl
    3896/D333 : CD 09 C6                		call	loc_45F8
    3897/D336 : D5                      		push	de
    3898/D337 : E5                      		push	hl
    3899/D338 : CD 3E C4                		call	sub_442B	; Suche nächste Zeile
    3900/D33B : 2B                      		dec	hl
    3901/D33C : 2B                      		dec	hl
    3902/D33D : C1                      		pop	bc
    3903/D33E : 03                      		inc	bc
    3904/D33F :                         		;ld	de, unk_54C0
    3905/D33F : 11 C2 FD                		ld	de, unk_54C0+2
    3906/D342 : 7E                      loc_532F:		ld	a, (hl)
    3907/D343 : 12                      		ld	(de), a
    3908/D344 : B7                      		or	a
    3909/D345 : ED 42                   		sbc	hl, bc
    3910/D347 : 09                      		add	hl, bc
    3911/D348 : 28 04                   		jr	z, loc_533B
    3912/D34A : 2B                      		dec	hl
    3913/D34B : 13                      		inc	de
    3914/D34C : 18 F4                   		jr	loc_532F
    3915/D34E : E1                      loc_533B:		pop	hl
    3916/D34F : C9                      		ret
    3917/D350 : 2A B8 FD                sub_533D:		ld	hl, (word_54B8)	; Adresse Anfang Sekundärquelle (SEC)
    3918/D353 : 7C                      		ld	a, h
    3919/D354 : A5                      		and	l
    3920/D355 : 3C                      		inc	a
    3921/D356 : 3E 09                   		ld	a, 9
    3922/D358 : CA 0F D3                		jp	z, loc_52FC
    3923/D35B : C9                      		ret
    3924/D35C :                         
    3925/D35C :                         ;---------------------------------------
    3926/D35C :                         ; Einfügen einer Zweit-Quelle
    3927/D35C :                         ;
    3928/D35C :                         ; T a e x - Plaziere die Zeilen a bis e der Zweitquelle ab Zeile x in der
    3929/D35C :                         ; aktuellen Quelle.
    3930/D35C :                         ;
    3931/D35C :                         ; Dieses Kommando ermöglicht es, die gesamte Zweitquelle oder Teile davon in die
 AS V1.42 Beta [Bld 297] - Source File picoedasC-as.asm - Page 71 - 4/1/2026 11:57:29


    3932/D35C :                         ; aktuelle Quelle einzufügen. Bei längeren Quelltexten kann das ohne weiteres
    3933/D35C :                         ; längere Zeit beanspruchen. Ist das Kommando ausgeführt, so erscheint wieder der
    3934/D35C :                         ; blinkende Kursor.
    3935/D35C :                         
    3936/D35C : FE 03                   TRANS:		cp	3
    3937/D35E : C2 21 CB                		jp	nz, loc_4B2E
    3938/D361 : FD CB 01 DE             		set	3, (iy+1)	; Assembleroptionen
    3939/D365 : 21 5B 18                		ld	hl, ARG1
    3940/D368 : 11 B0 FD                		ld	de, word_54B0
    3941/D36B : 01 06 00                		ld	bc, 6
    3942/D36E : ED B0                   		ldir
    3943/D370 : CD 50 D3                		call	sub_533D
    3944/D373 : 2A B8 FD                loc_5360:		ld	hl, (word_54B8)	; Adresse Anfang Sekundärquelle (SEC)
    3945/D376 : CD 16 D3                		call	sub_5303
    3946/D379 : 2A B4 FD                		ld	hl, (word_54B4)
    3947/D37C : 22 59 18                		ld	(data+1), hl
    3948/D37F : 22 5B 18                		ld	(ARG1),	hl
    3949/D382 : 22 10 FE                		ld	(word_5510), hl	; Zeilennummer
    3950/D385 : 21 91 D3                		ld	hl, loc_537E
    3951/D388 : 22 B6 FD                		ld	(word_54B6), hl
    3952/D38B :                         		;ld	hl, unk_54C0
    3953/D38B : 21 C2 FD                		ld	hl, unk_54C0+2
    3954/D38E : C3 81 CA                		jp	loc_4A8C
    3955/D391 : FD F9                   loc_537E:		ld	sp, iy
    3956/D393 : 2A B8 FD                		ld	hl, (word_54B8)	; Adresse Anfang Sekundärquelle (SEC)
    3957/D396 : CD DD D2                		call	sub_52CA
    3958/D399 : 20 D8                   		jr	nz, loc_5360
    3959/D39B : FD CB 01 9E             		res	3, (iy+1)	; Assembleroptionen
    3960/D39F : C3 E8 CB                		jp	loc_4BE6
    3961/D3A2 :                         
    3962/D3A2 :                         ;---------------------------------------
    3963/D3A2 :                         ; Vereinbaren einer Zweit-Quelle (SEC)
    3964/D3A2 :                         ;
    3965/D3A2 :                         ; S a e - Puffervereinbarung für die Zweitquelle von aaaa bis eeee (hexadezimal).
    3966/D3A2 :                         ;
    3967/D3A2 :                         ; Vor dieser Vereinbarung muß sich ab aaaa bereits eine Quelle oder mindestens ein
    3968/D3A2 :                         ; Quellkopf befinden. Hinter SEC: erscheint aa, die Anfangsadresse des
    3969/D3A2 :                         ; Zweitquellenpuffers. Man muß darauf achten, daß sich der Zweitquellenpuffer
    3970/D3A2 :                         ; nicht mit dem aktuellen Quellpuffer oder mit EDAS*4 selbst überschneidet.
    3971/D3A2 :                         ; Hierbei darf eeee auch größer sein als das Ende einer von Kassette eingelesenen
    3972/D3A2 :                         ; Zweitquelle, will man diese dann noch erweitern, so ist es auch erforderlich.
    3973/D3A2 :                         ;
    3974/D3A2 :                         
    3975/D3A2 : FE 02                   SEC:		cp	2
    3976/D3A4 : C2 21 CB                		jp	nz, loc_4B2E
    3977/D3A7 : ED 5B 5D 18             		ld	de, (ARG2)		; eeee
    3978/D3AB : AF                      		xor	a			; Cy=0; A=0
    3979/D3AC : ED 52                   		sbc	hl, de
    3980/D3AE : 19                      		add	hl, de
    3981/D3AF : D2 23 CB                		jp	nc, loc_4B30		; Fehler ausgeben
    3982/D3B2 :                         						; Error 00 - Speicherüberlauf
    3983/D3B2 : 22 B8 FD                		ld	(word_54B8), hl		; Adresse Anfang Sekundärquelle (SEC)
    3984/D3B5 : ED 53 BA FD             		ld	(word_54BA), de		; Adresse Ende Sekundärquelle (SEC)
    3985/D3B9 : C9                      		ret
    3986/D3BA :                         
    3987/D3BA :                         ;---------------------------------------
    3988/D3BA :                         ; Editieren in der Zweit-Quelle
    3989/D3BA :                         ;
    3990/D3BA :                         ; E - Austausch aktuelle Quelle gegen Zweit-Quelle
    3991/D3BA :                         ;
 AS V1.42 Beta [Bld 297] - Source File picoedasC-as.asm - Page 72 - 4/1/2026 11:57:29


    3992/D3BA :                         ; Hiermit wird EDAS*4 der Pufferbereich der Zweitquelle zugewiesen, so daß nun in
    3993/D3BA :                         ; dieser gearbeitet werden kann. Ein weiteres "E" macht diese Zuweisung dann
    3994/D3BA :                         ; wieder rückgängig. Die Angaben hinter FREE: und SEC: geben dabei immer Auskunft,
    3995/D3BA :                         ; in welcher Quelle gerade gearbeitet wird. Hinter FREE: steht immer der erste
    3996/D3BA :                         ; freie Speicherplatz in der aktuellen Quelle, hinter SEC: wird der Anfang der
    3997/D3BA :                         ; zuletzt eingestellten Zweitquelle angegeben.
    3998/D3BA :                         ;
    3999/D3BA : CD 50 D3                SWAP:		call	sub_533D
    4000/D3BD : ED 5B 00 FE             		ld	de, (BUFBEG)		; Anfangsdresse
    4001/D3C1 : 22 00 FE                		ld	(BUFBEG), hl		; Anfangsdresse
    4002/D3C4 : ED 53 B8 FD             		ld	(word_54B8), de		; Adresse Anfang Sekundärquelle (SEC)
    4003/D3C8 : 2A BA FD                		ld	hl, (word_54BA)	; Adresse Ende Sekundärquelle (SEC)
    4004/D3CB : ED 5B 02 FE             		ld	de, (BUFEND)
    4005/D3CF : 22 02 FE                		ld	(BUFEND),	hl
    4006/D3D2 : ED 53 BA FD             		ld	(word_54BA), de	; Adresse Ende Sekundärquelle (SEC)
    4007/D3D6 :                         ;;		ret
    4008/D3D6 :                         		;
    4009/D3D6 : CD 80 D4                		call    sub_5480
    4010/D3D9 : C3 AC D5                		jp      sub_55AC
    4011/D3DC :                         		;
    4012/D3DC : FD CB 01 5E             loc_53C4:	bit	3, (iy+1)	; Assembleroptionen
    4013/D3E0 : CA 07 C8                		jp	z, loc_4803
    4014/D3E3 : 2A B6 FD                		ld	hl, (word_54B6)
    4015/D3E6 : E9                      		jp	(hl)
    4016/D3E7 :                         
    4017/D3E7 :                         
    4018/D3E7 :                         ;---------------------------------------
    4019/D3E7 :                         ;
    4020/D3E7 : E5                      loc_53CF:	push	hl
    4021/D3E8 : 2A 12 FE                		ld	hl, (word_5512)	; ausgegebene Zeilennummer
    4022/D3EB : ED 5B BC FD             		ld	de, (word_54BC)
    4023/D3EF : B7                      		or	a
    4024/D3F0 : ED 52                   		sbc	hl, de
    4025/D3F2 : 19                      		add	hl, de
    4026/D3F3 : 38 08                   		jr	c, loc_53E5
    4027/D3F5 : ED 5B BE FD             		ld	de, (word_54BE)
    4028/D3F9 : B7                      		or	a
    4029/D3FA : EB                      		ex	de, hl
    4030/D3FB : ED 52                   		sbc	hl, de
    4031/D3FD : E1                      loc_53E5:	pop	hl
    4032/D3FE : DA FA CC                		jp	c, loc_4CE2
    4033/D401 : EB                      		ex	de, hl
    4034/D402 : 21 3F 10                		ld	hl, bws(31,0)
    4035/D405 : C3 D8 CC                		jp	loc_4CC0
    4036/D408 :                         
    4037/D408 :                         ;---------------------------------------
    4038/D408 :                         ; Quelltext assemblieren
    4039/D408 :                         ;
    4040/D408 :                         ; A - Assembliere den gesamten Quelltext.
    4041/D408 :                         ;
    4042/D408 :                         ; A a - Assembliere von Zeile a bis Ende.
    4043/D408 :                         ;
    4044/D408 :                         ; A a e - Assembliere von Zeile a bis Zeile e.
    4045/D408 :                         ;
    4046/D408 :                         ; Entsprechend den Optionsbits und den Argumenten wird der Assemblerlauf
    4047/D408 :                         ; durchgeführt. Ist das Druckbit gesetzt und nur eine teilweise Assemblierung
    4048/D408 :                         ; angewiesen, so wird die gesamte Quelle assembliert, aber nur der angegebene Teil
    4049/D408 :                         ; als Liste ausgegeben, so daß man bei längeren Quellen auch nur Auszüge drucken
    4050/D408 :                         ; kann.
    4051/D408 :                         ;
 AS V1.42 Beta [Bld 297] - Source File picoedasC-as.asm - Page 73 - 4/1/2026 11:57:29


    4052/D408 : CD 7F D7                ASSEMBLE:	call    sub_577F
    4053/D40B : 32 31 FF                		ld      (unk_FF31), a
    4054/D40E :                         		;
    4055/D40E : 2A 5B 18                		ld	hl, (ARG1)	; Zeilennummer a
    4056/D411 : 22 BC FD                		ld	(word_54BC), hl
    4057/D414 : 2A 5D 18                		ld	hl, (ARG2)	; Zeilennummer e
    4058/D417 : 22 BE FD                		ld	(word_54BE), hl
    4059/D41A : FD CB 01 56             loc_53FC:	bit	2, (iy+1)	; Assembleroption Drucken?
    4060/D41E : 28 12                   		jr	z, loc_5414	; nein
    4061/D420 : 21 00 00                		ld	hl, 0		; sonst alle Zeilen von 0000
    4062/D423 : 22 5B 18                		ld	(ARG1),	hl
    4063/D426 : 2B                      		dec	hl		; bis 0FFFF
    4064/D427 : 22 5D 18                		ld	(ARG2),	hl
    4065/D42A : CD FD DF                		call	sub_5440	; Druckerinitialisierung
    4066/D42D : 3E 0D                   		ld	a, CR
    4067/D42F : CD 04 FE                		call	unk_5504	; Druckerausgabe
    4068/D432 : C3 56 CD                loc_5414:	jp	loc_4D47
    4069/D435 :                         
    4070/D435 :                         ;
    4071/D435 : 2A 00 18                sub_5417:	ld	hl, (cupos)
    4072/D438 : 4F                      		ld	c, a
    4073/D439 : 11 7F 10                		ld	de, bws(30,0)
    4074/D43C : 1A                      loc_541E:		ld	a, (de)
    4075/D43D : FE 3B                   		cp	3Bh ; ';'
    4076/D43F : 79                      		ld	a, c
    4077/D440 : 28 08                   		jr	z, loc_542C
    4078/D442 : B7                      		or	a
    4079/D443 : ED 52                   		sbc	hl, de
    4080/D445 : 19                      		add	hl, de
    4081/D446 : 1B                      		dec	de
    4082/D447 : 20 F3                   		jr	nz, loc_541E
    4083/D449 : C9                      		ret
    4084/D44A : FE 41                   loc_542C:		cp	41h ; 'A'
    4085/D44C : D8                      		ret	c
    4086/D44D : FE 5B                   		cp	5Bh ; '['
    4087/D44F : 30 03                   		jr	nc, loc_5436
    4088/D451 : CB EF                   		set	5, a
    4089/D453 : C9                      		ret
    4090/D454 : FE 61                   loc_5436:		cp	61h ; 'a'
    4091/D456 : D8                      		ret	c
    4092/D457 : FE 7B                   		cp	7Bh ; '{'
    4093/D459 : D0                      		ret	nc
    4094/D45A : CB AF                   		res	5, a
    4095/D45C : C9                      		ret
    4096/D45D :                         ;---------------------------------------
    4097/D45D :                         ; die Erweiterungen von picoEDAS4
    4098/D45D :                         
    4099/D45D : CD 79 C4                sub_545D:	call	sub_4466	; Bufferende berechnen
    4100/D460 : ED 5B 00 FE             		ld	de, (BUFBEG)
    4101/D464 : B7                      		or	a
    4102/D465 : ED 52                   		sbc	hl, de
    4103/D467 : 3E 06                   		ld	a, 6
    4104/D469 : BD                      		cp	l
    4105/D46A : C9                      		ret
    4106/D46B :                         ;
    4107/D46B : 21 BE 10                sub_546B:	ld	hl, 10BEh
    4108/D46E : CD 19 08                		call	819h
    4109/D471 : C9                      		ret
    4110/D472 :                         ;
    4111/D472 : 06 10                   sub_5472:	ld	b, 10h
 AS V1.42 Beta [Bld 297] - Source File picoedasC-as.asm - Page 74 - 4/1/2026 11:57:29


    4112/D474 : CD 7B D5                		call	sub_557B
    4113/D477 : 7E                      loc_5477:	ld	a, (hl)
    4114/D478 : FE 20                   		cp	20h ; ' '
    4115/D47A : C8                      		ret	z
    4116/D47B : D7                      		rst	10h
    4117/D47C : 23                      		inc	hl
    4118/D47D : 10 F8                   		djnz	loc_5477
    4119/D47F : C9                      		ret
    4120/D480 :                         ;
    4121/D480 : 06 10                   sub_5480:	ld	b, 10h
    4122/D482 : 21 00 FF                		ld	hl, unk_FF00
    4123/D485 : 11 10 FF                		ld	de, unk_FF10
    4124/D488 : 7E                      loc_5488:	ld	a, (hl)
    4125/D489 : F5                      		push	af
    4126/D48A : 1A                      		ld	a, (de)
    4127/D48B : 77                      		ld	(hl), a
    4128/D48C : F1                      		pop	af
    4129/D48D : 12                      		ld	(de), a
    4130/D48E : 23                      		inc	hl
    4131/D48F : 13                      		inc	de
    4132/D490 : 10 F6                   		djnz	loc_5488
    4133/D492 : C9                      		ret
    4134/D493 :                         ;
    4135/D493 : CD 6B D4                loc_5493:	call	sub_546B
    4136/D496 : 7C                      		ld	a, h
    4137/D497 : B5                      		or	l
    4138/D498 : 28 19                   		jr	z, loc_54B3
    4139/D49A : CD 7B D5                		call	sub_557B
    4140/D49D : 3E 2B                   		ld	a, 2Bh ; '+'
    4141/D49F : BE                      		cp	(hl)
    4142/D4A0 : 28 07                   		jr	z, loc_54A9
    4143/D4A2 : 3E 2D                   		ld	a, 2Dh ; '-'
    4144/D4A4 : BE                      		cp	(hl)
    4145/D4A5 : 28 07                   		jr	z, loc_54AE
    4146/D4A7 : 18 19                   		jr	loc_54C2
    4147/D4A9 : 21 01 00                loc_54A9:	ld	hl, 1
    4148/D4AC : 18 05                   		jr	loc_54B3
    4149/D4AE : 21 02 00                loc_54AE:	ld	hl, 2
    4150/D4B1 : 18 00                   		jr	loc_54B3
    4151/D4B3 : 22 5B 18                loc_54B3:	ld	(185Bh), hl
    4152/D4B6 : CD 3A 08                		call	83Ah
    4153/D4B9 : CD 4C 08                loc_54B9:	call	84Ch
    4154/D4BC : CA 5F D5                		jp	z, loc_555F
    4155/D4BF : D7                      		rst	10h
    4156/D4C0 : 18 F7                   		jr	loc_54B9
    4157/D4C2 : CD 5D D4                loc_54C2:	call	sub_545D
    4158/D4C5 : 28 2E                   		jr	z, loc_54F5
    4159/D4C7 : DF                      		rst	18h
    4160/D4C8 : 41 6B 74 75 65 6C 6C 65 		db "Aktuelle Quelle ueberschreiben? (J)",0A0h
         D4D0 : 20 51 75 65 6C 6C 65 20
         D4D8 : 75 65 62 65 72 73 63 68
         D4E0 : 72 65 69 62 65 6E 3F 20
         D4E8 : 28 4A 29 A0            
    4161/D4EC : CF                      		rst	8
    4162/D4ED : F6 20                   		or	20h
    4163/D4EF : FE 6A                   		cp	'j'
    4164/D4F1 : 20 6C                   		jr	nz, loc_555F
    4165/D4F3 : DF                      		rst	18h
    4166/D4F4 : 8D                      		db 8Dh
    4167/D4F5 : CD 7B D5                loc_54F5:	call	sub_557B
 AS V1.42 Beta [Bld 297] - Source File picoedasC-as.asm - Page 75 - 4/1/2026 11:57:29


    4168/D4F8 : 2B                      		dec	hl
    4169/D4F9 : 36 45                   		ld	(hl), 45h ; 'E'
    4170/D4FB : 23                      		inc	hl
    4171/D4FC : 11 20 FF                		ld	de, unk_FF20
    4172/D4FF : 01 10 00                		ld	bc, 10h
    4173/D502 : ED B0                   		ldir
    4174/D504 : CD 68 D5                		call	sub_5568
    4175/D507 : DF                      		rst	18h
    4176/D508 : 4C 61 64 65 6E 20 51 75 		db "Laden Quelle:",0A0h
         D510 : 65 6C 6C 65 3A A0      
    4177/D516 : CD 72 D4                		call	sub_5472
    4178/D519 : CD 2B 08                		call	82Bh
    4179/D51C : CD 34 08                		call	834h
    4180/D51F : C2 81 D5                		jp	nz, loc_5581
    4181/D522 : FD CB 01 76             		bit	6, (iy+1)
    4182/D526 : 20 06                   		jr	nz, loc_552E
    4183/D528 : 2A 00 FE                		ld	hl, (BUFBEG)
    4184/D52B : 22 5B 18                		ld	(185Bh), hl
    4185/D52E : CD 31 08                loc_552E:	call	831h
    4186/D531 : CD 34 08                		call	834h
    4187/D534 : C2 81 D5                		jp	nz, loc_5581
    4188/D537 : 21 20 FF                		ld	hl, unk_FF20
    4189/D53A : 11 00 FF                		ld	de, unk_FF00
    4190/D53D : 01 10 00                		ld	bc, 10h
    4191/D540 : ED B0                   		ldir
    4192/D542 : CD AC D5                		call	sub_55AC
    4193/D545 : 3E 01                   		ld	a, 1
    4194/D547 : 32 32 FF                		ld	(unk_FF32), a
    4195/D54A : CD 62 D5                		call	sub_5562
    4196/D54D : FD CB 01 76             		bit	6, (iy+1)
    4197/D551 : 28 0C                   		jr	z, loc_555F
    4198/D553 : 2A 5B 18                		ld	hl, (185Bh)
    4199/D556 : 22 00 FE                		ld	(BUFBEG), hl
    4200/D559 : 2A 5F 18                		ld	hl, (185Fh)
    4201/D55C : 22 02 FE                		ld	(BUFEND), hl
    4202/D55F : DF                      loc_555F:	rst	18h
    4203/D560 : 8D                      		db 8Dh
    4204/D561 : C9                      		ret
    4205/D562 :                         ;
    4206/D562 : DF                      sub_5562:	rst	18h
    4207/D563 : 0D 6F 6B AE             		db 0Dh,"ok",0AEh
    4208/D567 : C9                      		ret
    4209/D568 :                         ;
    4210/D568 : CD 7B D5                sub_5568:	call	sub_557B
    4211/D56B : 06 0E                   		ld	b, 0Eh
    4212/D56D : 7E                      loc_556D:	ld	a, (hl)
    4213/D56E : FE 20                   		cp	20h ; ' '
    4214/D570 : 28 03                   		jr	z, loc_5575
    4215/D572 : 23                      		inc	hl
    4216/D573 : 10 F8                   		djnz	loc_556D
    4217/D575 : 36 2E                   loc_5575:	ld	(hl), 2Eh ; '.'
    4218/D577 : 23                      		inc	hl
    4219/D578 : 36 45                   		ld	(hl), 45h ; 'E'
    4220/D57A : C9                      		ret
    4221/D57B :                         ;
    4222/D57B : 21 09 00                sub_557B:	ld	hl, 9
    4223/D57E : C3 13 08                		jp	813h
    4224/D581 :                         ;
    4225/D581 : 7C                      loc_5581:	ld	a, h
    4226/D582 : 85                      		add	a, l
 AS V1.42 Beta [Bld 297] - Source File picoedasC-as.asm - Page 76 - 4/1/2026 11:57:29


    4227/D583 : FE 03                   		cp	3
    4228/D585 : 20 17                   		jr	nz, loc_559E
    4229/D587 : DF                      		rst	18h
    4230/D588 : 20 2D 3E 20 6E 69 63 68 		db " -> nicht gefunden!",8Dh
         D590 : 74 20 67 65 66 75 6E 64
         D598 : 65 6E 21 8D            
    4231/D59C : 18 C1                   		jr	loc_555F
    4232/D59E : DF                      loc_559E:	rst	18h
    4233/D59F : 0D 53 44 2D 80          		db 0Dh,"SD-",80h
    4234/D5A4 : CD 88 C8                		call	error
    4235/D5A7 : CD F1 07                		call	7F1h
    4236/D5AA : 18 B3                   		jr	loc_555F
    4237/D5AC :                         ;
    4238/D5AC : 2A 00 18                sub_55AC:	ld	hl, (1800h)
    4239/D5AF : E5                      		push	hl
    4240/D5B0 : 21 BF 17                		ld	hl, 17BFh
    4241/D5B3 : 22 00 18                		ld	(1800h), hl
    4242/D5B6 : DF                      		rst	18h
    4243/D5B7 : BC                      		db 0BCh
    4244/D5B8 : 06 10                   		ld	b, 10h
    4245/D5BA : 21 00 FF                		ld	hl, unk_FF00
    4246/D5BD : 7E                      loc_55BD:	ld	a, (hl)
    4247/D5BE : FE 20                   		cp	20h ; ' '
    4248/D5C0 : 28 04                   		jr	z, loc_55C6
    4249/D5C2 : D7                      		rst	10h
    4250/D5C3 : 23                      		inc	hl
    4251/D5C4 : 10 F7                   		djnz	loc_55BD
    4252/D5C6 : DF                      loc_55C6:	rst	18h
    4253/D5C7 : BE                      		db 0BEh
    4254/D5C8 : 78                      		ld	a, b
    4255/D5C9 : B7                      		or	a
    4256/D5CA : 28 04                   		jr	z, loc_55D0
    4257/D5CC : DF                      loc_55CC:	rst	18h
    4258/D5CD : A0                      		db 0A0h
    4259/D5CE : 10 FC                   		djnz	loc_55CC
    4260/D5D0 : E1                      loc_55D0:	pop	hl
    4261/D5D1 : 22 00 18                		ld	(1800h), hl
    4262/D5D4 : C9                      		ret
    4263/D5D5 :                         ;
    4264/D5D5 : CD 5D D4                loc_55D5:	call	sub_545D
    4265/D5D8 : 20 10                   		jr	nz, loc_55EA
    4266/D5DA : DF                      		rst	18h
    4267/D5DB : 4B 65 69 6E 65 20 51 75 		db "Keine Quelle!",8Dh
         D5E3 : 65 6C 6C 65 21 8D      
    4268/D5E9 : C9                      		ret
    4269/D5EA :                         ;
    4270/D5EA : CD 5D D6                loc_55EA:	call	sub_565D
    4271/D5ED : CD 72 D7                		call	sub_5772
    4272/D5F0 : 22 5B 18                		ld	(185Bh), hl
    4273/D5F3 : ED 53 5D 18             		ld	(185Dh), de
    4274/D5F7 : 2A 02 FE                		ld	hl, (BUFEND)
    4275/D5FA : 22 5F 18                		ld	(185Fh), hl
    4276/D5FD : CD 7B D5                		call	sub_557B
    4277/D600 : 2B                      		dec	hl
    4278/D601 : 36 45                   		ld	(hl), 45h ; 'E'
    4279/D603 : 23                      		inc	hl
    4280/D604 : 3A FC DF                		ld	a, (byte_5FFC)
    4281/D607 : B7                      		or	a
    4282/D608 : 11 00 FF                		ld	de, unk_FF00
    4283/D60B : 28 03                   		jr	z, loc_5610
 AS V1.42 Beta [Bld 297] - Source File picoedasC-as.asm - Page 77 - 4/1/2026 11:57:29


    4284/D60D : 11 20 FF                		ld	de, unk_FF20
    4285/D610 : 01 10 00                loc_5610:	ld	bc, 10h
    4286/D613 : ED B0                   		ldir
    4287/D615 : CD 68 D5                		call	sub_5568
    4288/D618 : DF                      		rst	18h
    4289/D619 : 53 69 63 68 65 72 6E 20 		db "Sichern Quelle:",0A0h
         D621 : 51 75 65 6C 6C 65 3A A0
    4290/D629 : CD 72 D4                		call	sub_5472
    4291/D62C : CD 22 08                		call	822h
    4292/D62F : CD 28 08                		call	828h
    4293/D632 : CD 34 08                		call	834h
    4294/D635 : C2 81 D5                		jp	nz, loc_5581
    4295/D638 : CD 62 D5                		call	sub_5562
    4296/D63B : 3A 32 FF                		ld	a, (unk_FF32)
    4297/D63E : B7                      		or	a
    4298/D63F : 20 16                   		jr	nz, loc_5657
    4299/D641 : 3E 01                   		ld	a, 1
    4300/D643 : 32 32 FF                		ld	(unk_FF32), a
    4301/D646 : 3A FC DF                		ld	a, (byte_5FFC)
    4302/D649 : B7                      		or	a
    4303/D64A : 28 0B                   		jr	z, loc_5657
    4304/D64C : 21 20 FF                		ld	hl, unk_FF20
    4305/D64F : 11 00 FF                		ld	de, unk_FF00
    4306/D652 : 01 10 00                		ld	bc, 10h
    4307/D655 : ED B0                   		ldir
    4308/D657 : CD AC D5                loc_5657:	call	sub_55AC
    4309/D65A : C3 5F D5                		jp	loc_555F
    4310/D65D :                         ;
    4311/D65D : CD 6B D4                sub_565D:	call	sub_546B
    4312/D660 : 7C                      		ld	a, h
    4313/D661 : B5                      		or	l
    4314/D662 : 20 27                   		jr	nz, loc_568B
    4315/D664 : 3A 32 FF                		ld	a, (unk_FF32)
    4316/D667 : B7                      		or	a
    4317/D668 : 20 14                   		jr	nz, loc_567E
    4318/D66A : DF                      		rst	18h
    4319/D66B : 44 61 74 65 69 6E 61 6D 		db "Dateiname fehlt!",8Dh
         D673 : 65 20 66 65 68 6C 74 21
         D67B : 8D                     
    4320/D67C : E1                      		pop	hl
    4321/D67D : C9                      		ret
    4322/D67E :                         ;
    4323/D67E : CD 7B D5                loc_567E:	call	sub_557B
    4324/D681 : 11 00 FF                		ld	de, unk_FF00
    4325/D684 : EB                      		ex	de, hl
    4326/D685 : 01 10 00                		ld	bc, 10h
    4327/D688 : ED B0                   		ldir
    4328/D68A : C9                      		ret
    4329/D68B :                         ;
    4330/D68B : 3A 32 FF                loc_568B:	ld	a, (unk_FF32)
    4331/D68E : B7                      		or	a
    4332/D68F : C8                      		ret	z
    4333/D690 : 3E 02                   		ld	a, 2
    4334/D692 : 32 32 FF                		ld	(unk_FF32), a
    4335/D695 : C9                      		ret
    4336/D696 :                         ;
    4337/D696 : FD CB 01 4E             loc_5696:	bit	1, (iy+1)
    4338/D69A : CA 75 C9                		jp	z, loc_4963
    4339/D69D : CD 5D D6                		call	sub_565D
    4340/D6A0 : 2A 0A FE                		ld	hl, (mc_ofs)
 AS V1.42 Beta [Bld 297] - Source File picoedasC-as.asm - Page 78 - 4/1/2026 11:57:29


    4341/D6A3 : 7C                      		ld	a, h
    4342/D6A4 : B5                      		or	l
    4343/D6A5 : 28 22                   		jr	z, loc_56C9
    4344/D6A7 : DF                      		rst     18h
    4345/D6A8 : 4D 43 20 6D 69 74 20 4F 		db "MC mit Offset nicht zu sichern!",8Dh
         D6B0 : 66 66 73 65 74 20 6E 69
         D6B8 : 63 68 74 20 7A 75 20 73
         D6C0 : 69 63 68 65 72 6E 21 8D
    4346/D6C8 : C9                      		ret
    4347/D6C9 :                         ;
    4348/D6C9 : 2A C0 FD                loc_56C9:	ld	hl, (unk_54C0)
    4349/D6CC : 22 5B 18                		ld	(185Bh), hl
    4350/D6CF : 2A 0C FE                		ld	hl, (word_550C)
    4351/D6D2 : 2B                      		dec	hl
    4352/D6D3 : 22 5D 18                		ld	(185Dh), hl
    4353/D6D6 : 2A 0E FE                		ld	hl, (word_550E)
    4354/D6D9 : 22 5F 18                		ld	(185Fh), hl
    4355/D6DC : 23                      		inc	hl
    4356/D6DD : 7C                      		ld	a, h
    4357/D6DE : B5                      		or	l
    4358/D6DF : CA 75 C9                		jp	z, loc_4963
    4359/D6E2 : CD 7B D5                		call	sub_557B
    4360/D6E5 : 2B                      		dec	hl
    4361/D6E6 : 36 4D                   		ld	(hl), 4Dh ; 'M'
    4362/D6E8 : CD 7F D7                		call	sub_577F
    4363/D6EB : 47                      		ld	b, a
    4364/D6EC : 3A 31 FF                		ld	a, (unk_FF31)
    4365/D6EF : B8                      		cp	b
    4366/D6F0 : 28 2B                   		jr	z, loc_571D
    4367/D6F2 : DF                      		rst	18h
    4368/D6F3 : 51 75 65 6C 6C 65 20 76 		db "Quelle veraendert seit letztem ASM-Lauf!",8Dh
         D6FB : 65 72 61 65 6E 64 65 72
         D703 : 74 20 73 65 69 74 20 6C
         D70B : 65 74 7A 74 65 6D 20 41
         D713 : 53 4D 2D 4C 61 75 66 21
         D71B : 8D                     
    4369/D71C : C9                      		ret
    4370/D71D :                         ;
    4371/D71D : DF                      loc_571D:	rst	18h
    4372/D71E : 53 69 63 68 65 72 6E 20 		db "Sichern MC:",0A0h
         D726 : 4D 43 3A A0            
    4373/D72A : CD 72 D4                		call	sub_5472
    4374/D72D : CD 22 08                		call	822h
    4375/D730 : CD 28 08                		call	828h
    4376/D733 : CD 34 08                		call	834h
    4377/D736 : C2 81 D5                		jp	nz, loc_5581
    4378/D739 : CD 62 D5                		call	sub_5562
    4379/D73C : C3 5F D5                		jp	loc_555F
    4380/D73F :                         ;
    4381/D73F : FE 00                   loc_573F:	cp	0
    4382/D741 : CA 21 CB                		jp	z, loc_4B2E	; Error 99
    4383/D744 : E5                      		push	hl
    4384/D745 : CD 79 C4                		call	sub_4466	; Bufferende berechnen
    4385/D748 : 23                      		inc	hl
    4386/D749 : EB                      		ex	de, hl
    4387/D74A : E1                      		pop	hl
    4388/D74B : B7                      		or	a
    4389/D74C : ED 52                   		sbc	hl, de
    4390/D74E : 19                      		add	hl, de
    4391/D74F : 38 1C                   		jr	c, loc_576D
 AS V1.42 Beta [Bld 297] - Source File picoedasC-as.asm - Page 79 - 4/1/2026 11:57:29


    4392/D751 : 11 00 C0                		ld	de, loc_4000
    4393/D754 : ED 52                   		sbc	hl, de
    4394/D756 : 19                      		add	hl, de
    4395/D757 : 38 10                   		jr	c, loc_5769
    4396/D759 : 11 00 E0                		ld	de, unk_6000
    4397/D75C : ED 52                   		sbc	hl, de
    4398/D75E : 19                      		add	hl, de
    4399/D75F : 38 0C                   		jr	c, loc_576D
    4400/D761 : 11 B0 FD                		ld	de, word_54B0
    4401/D764 : ED 52                   		sbc	hl, de
    4402/D766 : 19                      		add	hl, de
    4403/D767 : 30 04                   		jr	nc, loc_576D
    4404/D769 : 22 02 FE                loc_5769:	ld	(BUFEND), hl
    4405/D76C : C9                      		ret
    4406/D76D :                         ;
    4407/D76D : 3E 08                   loc_576D:	ld	a, 8
    4408/D76F : C3 23 CB                		jp	loc_4B30	; Fehler ausgeben
    4409/D772 :                         ;
    4410/D772 : 2A 00 FE                sub_5772:	ld	hl, (BUFBEG)
    4411/D775 : E5                      		push	hl
    4412/D776 : 5E                      		ld	e, (hl)
    4413/D777 : 23                      		inc	hl
    4414/D778 : 56                      		ld	d, (hl)
    4415/D779 : E1                      		pop	hl
    4416/D77A : EB                      		ex	de, hl
    4417/D77B : 19                      		add	hl, de
    4418/D77C : 2B                      		dec	hl
    4419/D77D : EB                      		ex	de, hl
    4420/D77E : C9                      		ret
    4421/D77F :                         ;
    4422/D77F : CD 72 D7                sub_577F:	call	sub_5772
    4423/D782 : AF                      		xor	a
    4424/D783 : AE                      loc_5783:	xor	(hl)
    4425/D784 : 23                      		inc	hl
    4426/D785 : ED 52                   		sbc	hl, de
    4427/D787 : 19                      		add	hl, de
    4428/D788 : 38 F9                   		jr	c, loc_5783
    4429/D78A : C9                      		ret
    4430/D78B :                         ;
    4431/D78B : 21 BE 10                loc_578B:	ld	hl, 10BEh
    4432/D78E : 7E                      		ld	a, (hl)
    4433/D78F : FE 46                   		cp	'F'
    4434/D791 : CA 58 D9                		jp	z, loc_5958
    4435/D794 : FE 53                   		cp	'S'
    4436/D796 : CA 27 DC                		jp	z, loc_5C27
    4437/D799 : FE 54                   		cp	'T'
    4438/D79B : 28 0D                   		jr	z, loc_57AA
    4439/D79D : FE 58                   		cp	'X'
    4440/D79F : CA 8D DD                		jp	z, loc_5D8D
    4441/D7A2 : FE 4F                   		cp	'O'
    4442/D7A4 : CA 5A D8                		jp	z, loc_585A
    4443/D7A7 : C3 3D DE                		jp	loc_5E3D
    4444/D7AA :                         ;
    4445/D7AA : DF                      loc_57AA:	rst	18h
    4446/D7AB : 3C 54 41 53 54 41 54 55 		db "<TASTATUR>",0Dh
         D7B3 : 52 3E 0D               
    4447/D7B6 : 5E 48 20 20 4B 75 72 73 		db "^H  Kursor <-",0Dh
         D7BE : 6F 72 20 3C 2D 0D      
    4448/D7C4 : 5E 49 20 20 4B 75 72 73 		db "^I  Kursor ->",0Dh
         D7CC : 6F 72 20 2D 3E 0D      
 AS V1.42 Beta [Bld 297] - Source File picoedasC-as.asm - Page 80 - 4/1/2026 11:57:29


    4449/D7D2 : 5E 45 20 20 45 69 6E 66 		db "^E  Einfuegen (auch ",27h,"Einfg",27h,")",0Dh
         D7DA : 75 65 67 65 6E 20 28 61
         D7E2 : 75 63 68 20 27 45 69 6E
         D7EA : 66 67 27 29 0D         
    4450/D7EF : 5E 53 20 20 53 74 72 65 		db "^S  Streichen (auch ",27h,"Entf",27h," und ^D)",0Dh
         D7F7 : 69 63 68 65 6E 20 28 61
         D7FF : 75 63 68 20 27 45 6E 74
         D807 : 66 27 20 75 6E 64 20 5E
         D80F : 44 29 0D               
    4451/D812 : 5E 52 20 20 42 61 63 6B 		db "^R  Backspace (auch <===)",0Dh
         D81A : 73 70 61 63 65 20 28 61
         D822 : 75 63 68 20 3C 3D 3D 3D
         D82A : 29 0D                  
    4452/D82C : 5E 54 20 20 4B 75 72 73 		db "^T  Kursor hinter Zeilennummer",0Dh
         D834 : 6F 72 20 68 69 6E 74 65
         D83C : 72 20 5A 65 69 6C 65 6E
         D844 : 6E 75 6D 6D 65 72 0D   
    4453/D84B : 5E 57 20 20 54 61 62 75 		db "^W  Tabulator",8Dh
         D853 : 6C 61 74 6F 72 8D      
    4454/D859 : C9                      		ret
    4455/D85A :                         
    4456/D85A : DF                      loc_585A:	rst	18h
    4457/D85B : 3C 4F 50 54 49 4F 4E 45 		db "<OPTIONEN>",0Dh
         D863 : 4E 3E 0D               
    4458/D866 : 2B 30 31 20 20 55 6E 74 		db "+01  Unterdruecke Assemblerliste",0Dh
         D86E : 65 72 64 72 75 65 63 6B
         D876 : 65 20 41 73 73 65 6D 62
         D87E : 6C 65 72 6C 69 73 74 65
         D886 : 0D                     
    4459/D887 : 2B 30 32 20 20 4D 61 73 		db "+02  Maschinencode zum Speicher",0Dh
         D88F : 63 68 69 6E 65 6E 63 6F
         D897 : 64 65 20 7A 75 6D 20 53
         D89F : 70 65 69 63 68 65 72 0D
    4460/D8A7 : 2B 30 34 20 20 44 72 75 		db "+04  Drucke Assemblerliste",0Dh
         D8AF : 63 6B 65 20 41 73 73 65
         D8B7 : 6D 62 6C 65 72 6C 69 73
         D8BF : 74 65 0D               
    4461/D8C2 : 2B 31 30 20 20 41 6B 74 		db "+10  Aktiviere 2.Lauf bei Fehlern im 1.Lauf",0Dh
         D8CA : 69 76 69 65 72 65 20 32
         D8D2 : 2E 4C 61 75 66 20 62 65
         D8DA : 69 20 46 65 68 6C 65 72
         D8E2 : 6E 20 69 6D 20 31 2E 4C
         D8EA : 61 75 66 0D            
    4462/D8EE : 2B 32 30 20 20 72 65 6C 		db "+20  relat. Sprungdistanz absolut (Marke-$)",0Dh
         D8F6 : 61 74 2E 20 53 70 72 75
         D8FE : 6E 67 64 69 73 74 61 6E
         D906 : 7A 20 61 62 73 6F 6C 75
         D90E : 74 20 28 4D 61 72 6B 65
         D916 : 2D 24 29 0D            
    4463/D91A : 2B 34 30 20 20 4C 61 64 		db "+40  Lade Quelle an Headeradresse",0Dh
         D922 : 65 20 51 75 65 6C 6C 65
         D92A : 20 61 6E 20 48 65 61 64
         D932 : 65 72 61 64 72 65 73 73
         D93A : 65 0D                  
    4464/D93C : 2B 38 30 20 20 41 75 73 		db "+80  Ausgabe Symboltabelle",8Dh
         D944 : 67 61 62 65 20 53 79 6D
         D94C : 62 6F 6C 74 61 62 65 6C
         D954 : 6C 65 8D               
    4465/D957 : C9                      		ret
    4466/D958 :                         
 AS V1.42 Beta [Bld 297] - Source File picoedasC-as.asm - Page 81 - 4/1/2026 11:57:29


    4467/D958 : DF                      loc_5958:	rst	18h
    4468/D959 : 3C 46 45 48 4C 45 52 2D 		db "<FEHLER-CODES>",0Dh
         D961 : 43 4F 44 45 53 3E 0D   
    4469/D968 : 30 30 20 45 64 69 74 69 		db "00 Editierpuffer voll",0Dh
         D970 : 65 72 70 75 66 66 65 72
         D978 : 20 76 6F 6C 6C 0D      
    4470/D97E : 30 31 20 5A 65 69 6C 65 		db "01 Zeilennummer >9999",0Dh
         D986 : 6E 6E 75 6D 6D 65 72 20
         D98E : 3E 39 39 39 39 0D      
    4471/D994 : 30 32 20 49 2D 4B 6F 6D 		db "02 I-Kommando >9999",0Dh
         D99C : 6D 61 6E 64 6F 20 3E 39
         D9A4 : 39 39 39 0D            
    4472/D9A8 : 30 33 20 5A 65 69 6C 65 		db "03 Zeile existiert nicht",0Dh
         D9B0 : 20 65 78 69 73 74 69 65
         D9B8 : 72 74 20 6E 69 63 68 74
         D9C0 : 0D                     
    4473/D9C1 : 30 34 20 47 20 75 6E 64 		db "04 G und B unzulaess. (Quelle o. ENT fehlt o. nicht assembl.)",0Dh
         D9C9 : 20 42 20 75 6E 7A 75 6C
         D9D1 : 61 65 73 73 2E 20 28 51
         D9D9 : 75 65 6C 6C 65 20 6F 2E
         D9E1 : 20 45 4E 54 20 66 65 68
         D9E9 : 6C 74 20 6F 2E 20 6E 69
         D9F1 : 63 68 74 20 61 73 73 65
         D9F9 : 6D 62 6C 2E 29 0D      
    4474/D9FF : 30 35 20 52 65 61 6B 74 		db "05 Reaktivieren unmoeglich",0Dh
         DA07 : 69 76 69 65 72 65 6E 20
         DA0F : 75 6E 6D 6F 65 67 6C 69
         DA17 : 63 68 0D               
    4475/DA1A : 30 36 20 53 63 68 72 69 		db "06 Schrittweite 0",0Dh
         DA22 : 74 74 77 65 69 74 65 20
         DA2A : 30 0D                  
    4476/DA2C : 30 37 20 42 65 72 65 69 		db "07 Bereich Zeilennr. zu klein",0Dh
         DA34 : 63 68 20 5A 65 69 6C 65
         DA3C : 6E 6E 72 2E 20 7A 75 20
         DA44 : 6B 6C 65 69 6E 0D      
    4477/DA4A : 30 38 20 75 6E 7A 75 6C 		db "08 unzulaess. Argument ",0Dh
         DA52 : 61 65 73 73 2E 20 41 72
         DA5A : 67 75 6D 65 6E 74 20 0D
    4478/DA62 : 30 39 20 5A 77 65 69 74 		db "09 Zweitquelle nicht aktiv",0Dh
         DA6A : 71 75 65 6C 6C 65 20 6E
         DA72 : 69 63 68 74 20 61 6B 74
         DA7A : 69 76 0D               
    4479/DA7D : 31 30 20 75 6E 7A 75 6C 		db "10 unzulaess. Befehlszeile",0Dh
         DA85 : 61 65 73 73 2E 20 42 65
         DA8D : 66 65 68 6C 73 7A 65 69
         DA95 : 6C 65 0D               
    4480/DA98 : 32 30 20 75 6E 62 65 6B 		db "20 unbekannte Mnemonik",0Dh
         DAA0 : 61 6E 6E 74 65 20 4D 6E
         DAA8 : 65 6D 6F 6E 69 6B 0D   
    4481/DAAF : 32 31 20 4F 70 65 72 61 		db "21 Operand passt nicht zu Code",0Dh
         DAB7 : 6E 64 20 70 61 73 73 74
         DABF : 20 6E 69 63 68 74 20 7A
         DAC7 : 75 20 43 6F 64 65 0D   
    4482/DACE : 32 32 20 49 58 2F 49 59 		db "22 IX/IY-Befehl nicht moeglich",0Dh
         DAD6 : 2D 42 65 66 65 68 6C 20
         DADE : 6E 69 63 68 74 20 6D 6F
         DAE6 : 65 67 6C 69 63 68 0D   
    4483/DAED : 32 33 20 4F 70 65 72 61 		db "23 Operand/Distanz zu gross",0Dh
         DAF5 : 6E 64 2F 44 69 73 74 61
         DAFD : 6E 7A 20 7A 75 20 67 72
 AS V1.42 Beta [Bld 297] - Source File picoedasC-as.asm - Page 82 - 4/1/2026 11:57:29


         DB05 : 6F 73 73 0D            
    4484/DB09 : 32 34 20 7A 75 20 76 69 		db "24 zu viele Register",0Dh
         DB11 : 65 6C 65 20 52 65 67 69
         DB19 : 73 74 65 72 0D         
    4485/DB1E : 32 35 20 75 6E 7A 75 6C 		db "25 unzulaess. Operandenkombination",0Dh
         DB26 : 61 65 73 73 2E 20 4F 70
         DB2E : 65 72 61 6E 64 65 6E 6B
         DB36 : 6F 6D 62 69 6E 61 74 69
         DB3E : 6F 6E 0D               
    4486/DB41 : 32 36 20 75 6E 7A 75 6C 		db "26 unzulaess. Zeichen",0Dh
         DB49 : 61 65 73 73 2E 20 5A 65
         DB51 : 69 63 68 65 6E 0D      
    4487/DB57 : 32 37 20 75 6E 7A 75 6C 		db "27 unzulaess. Operand",0Dh
         DB5F : 61 65 73 73 2E 20 4F 70
         DB67 : 65 72 61 6E 64 0D      
    4488/DB6D : 32 38 20 4B 6C 61 6D 6D 		db "28 Klammerfehler",0Dh
         DB75 : 65 72 66 65 68 6C 65 72
         DB7D : 0D                     
    4489/DB7E : 33 30 20 4D 61 72 6B 65 		db "30 Marke nicht gefunden",0Dh
         DB86 : 20 6E 69 63 68 74 20 67
         DB8E : 65 66 75 6E 64 65 6E 0D
    4490/DB96 : 33 31 20 4D 61 72 6B 65 		db "31 Marke mehrfach definiert",0Dh
         DB9E : 20 6D 65 68 72 66 61 63
         DBA6 : 68 20 64 65 66 69 6E 69
         DBAE : 65 72 74 0D            
    4491/DBB2 : 34 30 20 66 61 6C 73 63 		db "40 falscher Pseudobefehl",0Dh
         DBBA : 68 65 72 20 50 73 65 75
         DBC2 : 64 6F 62 65 66 65 68 6C
         DBCA : 0D                     
    4492/DBCB : 34 31 20 75 6E 7A 75 6C 		db "41 unzulaess. Vorwaertsreferenz",0Dh
         DBD3 : 61 65 73 73 2E 20 56 6F
         DBDB : 72 77 61 65 72 74 73 72
         DBE3 : 65 66 65 72 65 6E 7A 0D
    4493/DBEB : 36 30 2F 36 31 20 4D 43 		db "60/61 MC wuerde EDAS ueberschreiben",0Dh
         DBF3 : 20 77 75 65 72 64 65 20
         DBFB : 45 44 41 53 20 75 65 62
         DC03 : 65 72 73 63 68 72 65 69
         DC0B : 62 65 6E 0D            
    4494/DC0F : 39 39 20 75 6E 7A 75 6C 		db "99 unzulaess. Kommando",8Dh
         DC17 : 61 65 73 73 2E 20 4B 6F
         DC1F : 6D 6D 61 6E 64 6F 8D   
    4495/DC26 : C9                      		ret
    4496/DC27 :                         
    4497/DC27 : DF                      loc_5C27:	rst	18h
    4498/DC28 : 3C 53 59 4E 54 41 58 54 		db "<SYNTAXTIPPS>",0Dh
         DC30 : 49 50 50 53 3E 0D      
    4499/DC36 : 50 73 65 75 64 6F 62 65 		db "Pseudobefehle:",0Dh
         DC3E : 66 65 68 6C 65 3A 0D   
    4500/DC45 : 4F 52 47 20 20 41 64 72 		db "ORG  Adresszuweisung nachfolg. Code",0Dh
         DC4D : 65 73 73 7A 75 77 65 69
         DC55 : 73 75 6E 67 20 6E 61 63
         DC5D : 68 66 6F 6C 67 2E 20 43
         DC65 : 6F 64 65 0D            
    4501/DC69 : 45 4E 54 20 20 53 74 61 		db "ENT  Startadr. G- und B-Kommando",0Dh
         DC71 : 72 74 61 64 72 2E 20 47
         DC79 : 2D 20 75 6E 64 20 42 2D
         DC81 : 4B 6F 6D 6D 61 6E 64 6F
         DC89 : 0D                     
    4502/DC8A : 53 4B 49 50 20 65 72 7A 		db "SKIP erzeuge Leerzeile in Listing",0Dh
         DC92 : 65 75 67 65 20 4C 65 65
 AS V1.42 Beta [Bld 297] - Source File picoedasC-as.asm - Page 83 - 4/1/2026 11:57:29


         DC9A : 72 7A 65 69 6C 65 20 69
         DCA2 : 6E 20 4C 69 73 74 69 6E
         DCAA : 67 0D                  
    4503/DCAC : 24 20 20 20 20 41 64 72 		db "$    Adresszaehlersymbol",0Dh
         DCB4 : 65 73 73 7A 61 65 68 6C
         DCBC : 65 72 73 79 6D 62 6F 6C
         DCC4 : 0D                     
    4504/DCC5 : 0D                      		db 0Dh
    4505/DCC6 : 4D 61 72 6B 65 6E 3A 0D 		db "Marken:",0Dh
    4506/DCCE : 20 20 6D 61 78 2E 20 36 		db "  max. 6 Zeichen, keine Registernamen",0Dh
         DCD6 : 20 5A 65 69 63 68 65 6E
         DCDE : 2C 20 6B 65 69 6E 65 20
         DCE6 : 52 65 67 69 73 74 65 72
         DCEE : 6E 61 6D 65 6E 0D      
    4507/DCF4 : 20 20 6B 65 69 6E 20 27 		db "  kein ",27h,":",27h," (M1=M1:)",0Dh
         DCFC : 3A 27 20 28 4D 31 3D 4D
         DD04 : 31 3A 29 0D            
    4508/DD08 : 0D                      		db 0Dh
    4509/DD09 : 41 75 73 64 72 75 65 63 		db "Ausdruecke:",0Dh
         DD11 : 6B 65 3A 0D            
    4510/DD15 : 20 20 48 65 78 2D 41 6E 		db "  Hex-Angaben:  z.B. 1900H oder #1900",0Dh
         DD1D : 67 61 62 65 6E 3A 20 20
         DD25 : 7A 2E 42 2E 20 31 39 30
         DD2D : 30 48 20 6F 64 65 72 20
         DD35 : 23 31 39 30 30 0D      
    4511/DD3B : 20 20 45 69 6E 7A 65 6C 		db "  Einzelzeichen: nur 1x \" voran:",0Dh
         DD43 : 7A 65 69 63 68 65 6E 3A
         DD4B : 20 6E 75 72 20 31 78 20
         DD53 : 22 20 76 6F 72 61 6E 3A
         DD5B : 0D                     
    4512/DD5C : 20 20 20 20 20 20 20 20 		db "        z.B.  LD  A,\"* ",0Dh
         DD64 : 7A 2E 42 2E 20 20 4C 44
         DD6C : 20 20 41 2C 22 2A 20 0D
    4513/DD74 : 20 20 20 20 20 20 20 20 		db "        nicht LD  A,\"*\"",8Dh
         DD7C : 6E 69 63 68 74 20 4C 44
         DD84 : 20 20 41 2C 22 2A 22 8D
    4514/DD8C : C9                      		ret
    4515/DD8D :                         
    4516/DD8D : DF                      loc_5D8D:	rst	18h
    4517/DD8E : 3C 53 44 2D 46 55 4E 4B 		db "<SD-FUNKTIONEN>",0Dh
         DD96 : 54 49 4F 4E 45 4E 3E 0D
    4518/DD9E : 46 6F 72 6D 61 74 3A 20 		db "Format:  Headersave",0Dh
         DDA6 : 20 48 65 61 64 65 72 73
         DDAE : 61 76 65 0D            
    4519/DDB2 : 0D                      		db 0Dh
    4520/DDB3 : 6C 20 6E 61 6D 65 20 20 		db "l name   Quelle laden   nur l => DIR",0Dh
         DDBB : 20 51 75 65 6C 6C 65 20
         DDC3 : 6C 61 64 65 6E 20 20 20
         DDCB : 6E 75 72 20 6C 20 3D 3E
         DDD3 : 20 44 49 52 0D         
    4521/DDD8 : 73 20 28 6E 61 6D 65 29 		db "s (name) Quelle sichern (als...)",0Dh
         DDE0 : 20 51 75 65 6C 6C 65 20
         DDE8 : 73 69 63 68 65 72 6E 20
         DDF0 : 28 61 6C 73 2E 2E 2E 29
         DDF8 : 0D                     
    4522/DDF9 : 20 20 2E 45 20 20 77 69 		db "  .E  wird automatisch ergaenzt!",0Dh
         DE01 : 72 64 20 61 75 74 6F 6D
         DE09 : 61 74 69 73 63 68 20 65
         DE11 : 72 67 61 65 6E 7A 74 21
         DE19 : 0D                     
 AS V1.42 Beta [Bld 297] - Source File picoedasC-as.asm - Page 84 - 4/1/2026 11:57:29


    4523/DE1A : 42 20 28 6E 61 6D 65 29 		db "B (name) MC sichern     (als...)",0Dh
         DE22 : 20 4D 43 20 73 69 63 68
         DE2A : 65 72 6E 20 20 20 20 20
         DE32 : 28 61 6C 73 2E 2E 2E 29
         DE3A : 0D                     
    4524/DE3B : 8D                      		db 8Dh
    4525/DE3C : C9                      		ret
    4526/DE3D :                         
    4527/DE3D : DF                      loc_5E3D:	rst	18h
    4528/DE3E : 3C 4B 6F 6D 6D 61 6E 64 		db "<Kommandos>",0Dh
         DE46 : 6F 73 3E 0D            
    4529/DE4A : 41 2C 43 2C 45 2C 46 2C 		db "A,C,E,F,G,H,I,J,K,M,N,O,P,Q,R,S,T,V,W,X,Y,Z,+,-,/",0Dh
         DE52 : 47 2C 48 2C 49 2C 4A 2C
         DE5A : 4B 2C 4D 2C 4E 2C 4F 2C
         DE62 : 50 2C 51 2C 52 2C 53 2C
         DE6A : 54 2C 56 2C 57 2C 58 2C
         DE72 : 59 2C 5A 2C 2B 2C 2D 2C
         DE7A : 2F 0D                  
    4530/DE7C : 2D 3E 20 53 69 65 68 65 		db "-> Siehe Originalbeschreibung!",0Dh
         DE84 : 20 4F 72 69 67 69 6E 61
         DE8C : 6C 62 65 73 63 68 72 65
         DE94 : 69 62 75 6E 67 21 0D   
    4531/DE9B : 0D                      		db 0Dh
    4532/DE9C : 6C 20 20 20 4C 61 64 65 		db "l   Laden   Quelle/DIR",0Dh
         DEA4 : 6E 20 20 20 51 75 65 6C
         DEAC : 6C 65 2F 44 49 52 0D   
    4533/DEB3 : 73 20 20 20 53 69 63 68 		db "s   Sichern Quelle",0Dh
         DEBB : 65 72 6E 20 51 75 65 6C
         DEC3 : 6C 65 0D               
    4534/DEC6 : 42 20 20 20 53 69 63 68 		db "B   Sichern MC",0Dh
         DECE : 65 72 6E 20 4D 43 0D   
    4535/DED5 : 44 20 20 20 50 75 66 66 		db "D   Pufferobergrenze setzen",0Dh
         DEDD : 65 72 6F 62 65 72 67 72
         DEE5 : 65 6E 7A 65 20 73 65 74
         DEED : 7A 65 6E 0D            
    4536/DEF1 : 0D                      		db 0Dh
    4537/DEF2 : 3C 48 69 6C 66 65 73 65 		db "<Hilfeseiten>",0Dh
         DEFA : 69 74 65 6E 3E 0D      
    4538/DF00 : 3F 46 20 20 46 65 68 6C 		db "?F  Fehler-Codes",0Dh
         DF08 : 65 72 2D 43 6F 64 65 73
         DF10 : 0D                     
    4539/DF11 : 3F 4F 20 20 4F 70 74 69 		db "?O  Optionen",0Dh
         DF19 : 6F 6E 65 6E 0D         
    4540/DF1E : 3F 53 20 20 53 79 6E 74 		db "?S  Syntaxtipps",0Dh
         DF26 : 61 78 74 69 70 70 73 0D
    4541/DF2E : 3F 54 20 20 54 61 73 74 		db "?T  Tasten",0Dh
         DF36 : 65 6E 0D               
    4542/DF39 : 3F 58 20 20 53 44 2D 41 		db "?X  SD-Arbeit",0Dh
         DF41 : 72 62 65 69 74 0D      
    4543/DF47 : 0D                      		db 0Dh
    4544/DF48 : 0D                      		db 0Dh
    4545/DF49 :                         		;;db "picoEDAS*4 V.2.0",0Dh
    4546/DF49 : 70 69 63 6F 45 44 41 53 		db "picoEDAS*C V.2.0",0Dh
         DF51 : 2A 43 20 56 2E 32 2E 30
         DF59 : 0D                     
    4547/DF5A : 70 69 63 6F 2D 80       		db "pico-",80h
    4548/DF60 : CD 37 08                		call	837h
    4549/DF63 : DF                      		rst	18h
    4550/DF64 : 0D                      		db 0Dh
    4551/DF65 : 0D                      		db 0Dh
 AS V1.42 Beta [Bld 297] - Source File picoedasC-as.asm - Page 85 - 4/1/2026 11:57:29


    4552/DF66 : 41 43 31 2D 41 6E 70 61 		db "AC1-Anpassung ",27h,"2023: DL7UFH, DL7VMD, DG3RW",8Dh
         DF6E : 73 73 75 6E 67 20 27 32
         DF76 : 30 32 33 3A 20 44 4C 37
         DF7E : 55 46 48 2C 20 44 4C 37
         DF86 : 56 4D 44 2C 20 44 47 33
         DF8E : 52 57 8D               
    4553/DF91 : C9                      		ret
    4554/DF92 :                         ;
    4555/DF92 : 4E 41 4D 45 4E 4C 4F 53 aNamenlos:	db "NAMENLOS "
         DF9A : 20                     
    4556/DF9B :                         ;
    4557/DF9B : 2A B1 DF                loc_5F9B:	ld	hl, (aPicoac1N)
    4558/DF9E : ED 5B FE 0F             		ld	de, (0FFEh)
    4559/DFA2 : 7C                      		ld	a, h
    4560/DFA3 : BA                      		cp	d
    4561/DFA4 : 20 05                   		jr	nz, loc_5FAB
    4562/DFA6 : 7D                      		ld	a, l
    4563/DFA7 : BB                      		cp	e
    4564/DFA8 : 20 01                   		jr	nz, loc_5FAB
    4565/DFAA : C9                      		ret
    4566/DFAB :                         ;
    4567/DFAB : DF                      loc_5FAB:	rst	18h
    4568/DFAC : 4B 65 69 6E 20          		db "Kein "
    4569/DFB1 : 70 69 63 6F 41 43 31 21 aPicoac1N:	db "picoAC1!",8Dh
         DFB9 : 8D                     
    4570/DFBA : C3 FD 07                		jp	7FDh
    4571/DFBD :                         ;
    4572/DFBD : 00                      		db    0
    4573/DFBE : 00                      		db    0
    4574/DFBF :                         
    4575/DFBF :                         ;---------------------------------------
    4576/DFBF :                         unk_543F:	;; db  49h				; chksum
    4577/DFBF :                         		;db  48h	; Version 4
    4578/DFBF : BF                      		db	0BFh	; Version C
    4579/DFC0 :                         
    4580/DFC0 : 00                      		db    0
    4581/DFC1 : 00                      		db    0
    4582/DFC2 : 00                      		db    0
    4583/DFC3 : 00                      		db    0
    4584/DFC4 : 00                      		db    0
    4585/DFC5 : 00                      		db    0
    4586/DFC6 : 00                      		db    0
    4587/DFC7 : 00                      		db    0
    4588/DFC8 : 00                      		db    0
    4589/DFC9 : 00                      		db    0
    4590/DFCA : 00                      		db    0
    4591/DFCB : 00                      		db    0
    4592/DFCC : 00                      		db    0
    4593/DFCD : 00                      		db    0
    4594/DFCE : 00                      		db    0
    4595/DFCF : 00                      		db    0
    4596/DFD0 : 00                      		db    0
    4597/DFD1 : 00                      		db    0
    4598/DFD2 : 00                      		db    0
    4599/DFD3 : 00                      		db    0
    4600/DFD4 : 00                      		db    0
    4601/DFD5 : 00                      		db    0
    4602/DFD6 : 00                      		db    0
    4603/DFD7 : 00                      		db    0
    4604/DFD8 : 00                      		db    0
 AS V1.42 Beta [Bld 297] - Source File picoedasC-as.asm - Page 86 - 4/1/2026 11:57:29


    4605/DFD9 : 00                      		db    0
    4606/DFDA : 00                      		db    0
    4607/DFDB : 00                      		db    0
    4608/DFDC : 00                      		db    0
    4609/DFDD : 00                      		db    0
    4610/DFDE : 00                      		db    0
    4611/DFDF : 00                      		db    0
    4612/DFE0 : 00                      		db    0
    4613/DFE1 : 00                      		db    0
    4614/DFE2 : 00                      		db    0
    4615/DFE3 : 00                      		db    0
    4616/DFE4 : 00                      		db    0
    4617/DFE5 : 00                      		db    0
    4618/DFE6 : 00                      		db    0
    4619/DFE7 : 00                      		db    0
    4620/DFE8 : 00                      		db    0
    4621/DFE9 : 00                      		db    0
    4622/DFEA : 09                      		db    9
    4623/DFEB : 65                      		db  65h ; e
    4624/DFEC : 0D                      		db  0Dh
    4625/DFED : 2A                      		db  2Ah ; *
    4626/DFEE : 5D                      		db  5Dh ; ]
    4627/DFEF : 18                      		db  18h
    4628/DFF0 : 22                      		db  22h ; "
    4629/DFF1 : 5F                      		db  5Fh ; _
    4630/DFF2 : 18                      		db  18h
    4631/DFF3 : 2A                      		db  2Ah ; *
    4632/DFF4 : 5B                      		db  5Bh ; [
    4633/DFF5 : 18                      		db  18h
    4634/DFF6 : 22                      		db  22h ; "
    4635/DFF7 : 5D                      		db  5Dh ; ]
    4636/DFF8 : 18                      		db  18h
    4637/DFF9 :                         ; ---------------------------------------------------------------------------
    4638/DFF9 :                         ;;		org  5FF9h
    4639/DFF9 : C3 00 C0                		jp      loc_4000
    4640/DFFC : FF                      byte_5FFC:      db 0FFh
    4641/DFFD :                         
    4642/DFFD :                         ;---------------------------------------
    4643/DFFD :                         ; Druckerinitialisierung
    4644/DFFD : C3 EB 07                sub_5440:	jp	MS30
    4645/E000 :                         ; E N D E
    4646/E000 :                         
    4647/E000 : =0E000H                 unk_6000:	equ $		; Prg.Ende
    4648/E000 :                         
    4649/E000 :                         ;------------------------------------------------------------------------------
    4650/E000 :                         ; RAM
    4651/E000 :                         
    4652/E000 :                         ;;		org	54B0h
    4653/E000 :                         ;RAMA		equ 5400h
    4654/E000 : =0FD00H                 RAMA		equ 0FD00h		; picoEDAS
    4655/E000 :                         
    4656/E000 : =0FDB0H                 word_54B0:      equ RAMA+0B0h		; C: Anfangszeile
    4657/E000 : =0FDB2H                 word_54B2:      equ RAMA+0B2h		; C: Endezeile
    4658/E000 : =0FDB4H                 word_54B4:      equ RAMA+0B4h		; C: Zielzeile
    4659/E000 : =0FDB6H                 word_54B6:      equ RAMA+0B6h
    4660/E000 : =0FDB8H                 word_54B8:      equ RAMA+0B8h		; Adresse Anfang Sekundärquelle (SEC)
    4661/E000 : =0FDBAH                 word_54BA:      equ RAMA+0BAh		; Adresse Ende Sekundärquelle (SEC)
    4662/E000 : =0FDBCH                 word_54BC:      equ RAMA+0BCh		; Adresse Assemblieren Anfang
    4663/E000 : =0FDBEH                 word_54BE:      equ RAMA+0BEh		; Adresse Assemblieren Ende
    4664/E000 : =0FDC0H                 unk_54C0:       equ RAMA+0C0h		; Beginn Eingabepuffer Zeile 61 Bytes
 AS V1.42 Beta [Bld 297] - Source File picoedasC-as.asm - Page 87 - 4/1/2026 11:57:29


    4665/E000 : =0FDFFH                 unk_54FF:       equ RAMA+0FFh		; Buffer f. Code (down)
    4666/E000 :                         
    4667/E000 :                         ;
    4668/E000 : =0FE00H                 BUFBEG:		equ RAMA+100h		; Anfangsdresse Textpuffer
    4669/E000 : =0FE02H                 BUFEND:		equ RAMA+102h		; Endadresse Textpuffer
    4670/E000 : =0FE04H                 unk_5504:       equ RAMA+104h		; Druckerausgabe
    4671/E000 : =0FE07H                 byte_5507:      equ RAMA+107h		; Assembleroptionen
    4672/E000 : =0FE08H                 byte_5508:      equ RAMA+108h		; Ausgabeverzögerung Druck
    4673/E000 : =0FE09H                 byte_5509:	equ RAMA+109h		; Ausgabeverzögerung BWS
    4674/E000 : =0FE0AH                 mc_ofs:      	equ RAMA+10Ah		; offset for code generation
    4675/E000 : =0FE0CH                 word_550C:      equ RAMA+10Ch		; letzte Adresse MC+1 (END:)
    4676/E000 : =0FE0EH                 word_550E:      equ RAMA+10Eh		; ENTry-Adresse
    4677/E000 : =0FE10H                 word_5510:      equ RAMA+110h		; aktuelle Zeilennummer
    4678/E000 : =0FE12H                 word_5512:      equ RAMA+112h       	; ausgegebene Zeilennummer
    4679/E000 : =0FE14H                 byte_5514:      equ RAMA+114h		; Seitengröße bei Schirmausgabe (25 Zeilen)
    4680/E000 : =0FE15H                 unk_5515:       equ RAMA+115h		; kdotab
    4681/E000 : =0FE17H                 word_5517:      equ RAMA+117h		; unk_40AA Parse Tree Mnemonics
    4682/E000 : =0FE19H                 word_5519:      equ RAMA+119h		; unk_428F Parse Tree Register
    4683/E000 : =0FE1BH                 word_551B:      equ RAMA+11Bh		; unk_42F4 Tokenklassen Register,Flags
    4684/E000 : =0FE1DH                 unk_551D:       equ RAMA+11Dh		; Tabelle Zeichenklassen Spezialzeichen
    4685/E000 : =0FE2DH                 unk_552D:       equ RAMA+12Dh       	; sonstiges Spezialzeichen (akt. Zeichen)
    4686/E000 : =0FE30H                 unk_5530:       equ RAMA+130h		; 6 Zeichen Marke
    4687/E000 : =0FE6EH                 unk_556E:       equ RAMA+16Eh		; Find Zeichenkette, Buffer bis unk_552D (41H Zeichen)
    4688/E000 :                         					; Textanfang ('/'), Buffer enthält den Text revers, absteigende Adr!
    4689/E000 : =0FE6FH                 unk_556F:       equ RAMA+16Fh		; 6 Zeichen vom Anfang des Buffers (Kopf), f. REUSE
    4690/E000 : =0FE75H                 p_BUFBEG:	equ RAMA+175h		; Sicherung BUFBEG f. REUSE
    4691/E000 : =0FE77H                 unk_5577:       equ RAMA+177h		; Seitengröße
    4692/E000 : =0FE78H                 word_5578:      equ RAMA+178h       	; Adr. Ret-Funktion nach Fehler
    4693/E000 : =0FE7AH                 unk_557A:       equ RAMA+17Ah
    4694/E000 : =0FE7CH                 word_557C:      equ RAMA+17Ch
    4695/E000 : =0FE82H                 word_5582:      equ RAMA+182h
    4696/E000 : =0FE84H                 byte_5584:      equ RAMA+184h		; Schrittweite (RENUM, INUM)
    4697/E000 : =0FE85H                 word_5585:      equ RAMA+185h
    4698/E000 : =0FE87H                 word_5587:      equ RAMA+187h
    4699/E000 : =0FE89H                 word_5589:      equ RAMA+189h
    4700/E000 : =0FE9BH                 unk_559B:       equ RAMA+19Bh       	; loc_4D0E  - Ausgabe Enter+ggf. Abbruch bei Strg-C
    4701/E000 :                         					; o. loc_4CA2 - Ausgabe in Speicher (ARG3)
    4702/E000 : =0FE9EH                 unk_559E:       equ RAMA+19Eh		; Kdo-Buchstabe
    4703/E000 : =0FE9FH                 byte_559F:      equ RAMA+19Fh		; Anzahl Kdo.Argumente
    4704/E000 : =0FEA0H                 orig_sv:	equ RAMA+1A0h		; Merker für orig. Sprungverteiler
    4705/E000 :                         					; 12h Byte
    4706/E000 : =0FEB2H                 errcnt:      	equ RAMA+1B2h		; Fehlerzähler
    4707/E000 : =0FEB4H                 unk_55B4:       equ RAMA+1B4h		; inch0 Repeat-Timer
    4708/E000 :                         ;iy-12h
    4709/E000 :                         ;iy-0Fh	; 55EF
    4710/E000 :                         ;iy-0Eh	; 55F0	bei Tokenklasse 72..78 als 01..04
    4711/E000 :                         ;iy-0Dh	; 55F1	byte modifier register o. flags
    4712/E000 :                         ;iy-0Ch	; 55F2
    4713/E000 :                         ;iy-0Bh	; 55F3
    4714/E000 :                         ;iy-0Ah	; 55F4
    4715/E000 :                         ;iy-9	; 55F5
    4716/E000 :                         ;iy-8	; 55F6
    4717/E000 : =0FEF2H                 word_55F2:      equ RAMA+1F2h
    4718/E000 : =0FEF6H                 unk_55F6:       equ RAMA+1F6h
    4719/E000 : =0FEFEH                 byte_55FE:	equ RAMA+1FEh		; IY, TOP Stack
    4720/E000 : =0FEFFH                 unk_55FF:       equ RAMA+1FFh		; IY+1 = Assembleroptionen
    4721/E000 :                         					; Bit0=nur fehlerhafte Zeilen beim Listing
    4722/E000 :                         					; Bit1=MC in Speicher laden
    4723/E000 :                         					; Bit2=drucken
    4724/E000 :                         					; Bit3=(intern benutzt!)
 AS V1.42 Beta [Bld 297] - Source File picoedasC-as.asm - Page 88 - 4/1/2026 11:57:29


    4725/E000 :                         					; Bit4=erzwinge 2. Lauf
    4726/E000 :                         					; Bit5=relative Sprungdistanzen absolut
    4727/E000 :                         					; Bit6=
    4728/E000 :                         					; Bit7=Ausgabe Symboltabelle
    4729/E000 :                         ;
    4730/E000 : =0FF00H                 unk_5600:       equ RAMA+200h		; Ramende ?
    4731/E000 :                         
    4732/E000 : =6000H                  txtbuffer:	equ	6000h
    4733/E000 :                         
    4734/E000 :                         ;--picoAC1
    4735/E000 : =0FF00H                 unk_FF00	equ 0FF00h		; Namebuffer
    4736/E000 : =0FF10H                 unk_FF10        equ 0FF10h		; Namebuffer
    4737/E000 : =0FF20H                 unk_FF20        equ 0FF20h		; Namebuffer
    4738/E000 : =0FF31H                 unk_FF31        equ 0FF31h
    4739/E000 : =0FF32H                 unk_FF32        equ 0FF32h
    4740/E000 :                         
    4741/E000 :                         		end
 AS V1.42 Beta [Bld 297] - Source File picoedasC-as.asm - Page 89 - 4/1/2026 11:57:29


  Symbol Table (* = unused):
  --------------------------

 ANAMENLOS :                  0DF92 C |  APICOAC1N :                  0DFB1 C |
*ARCHITECTURE :                                        "i386-unknown-win32" - |
 ARG1 :                        185B - |  ARG2 :                        185D - |
 ARG3 :                        185F - |  ASSEMBLE :                   0D408 C |
*BASIC :                        800 - | *BS :                             8 - |
 BUFBEG :                     0FE00 - |  BUFEND :                     0FE02 - |
*BUFLEN :                         9 - |  BWS :                         1000 - |
 BYTE_5507 :                  0FE07 - |  BYTE_5508 :                  0FE08 - |
 BYTE_5509 :                  0FE09 - |  BYTE_5514 :                  0FE14 - |
 BYTE_5584 :                  0FE84 - |  BYTE_559F :                  0FE9F - |
 BYTE_55FE :                  0FEFE - |  BYTE_5FFC :                  0DFFC C |
*CASESENSITIVE :                  0 - |  CHKSUM :                     0C499 C |
 CHKSUM1 :                    0C4A0 C | *CLRBUF :                       810 - |
*CLS :                           0C - |  COLD :                       0CB45 C |
*COLD1 :                      0CB51 C |  COLS :                          40 - |
*CONSTPI :        3.141592653589793 - |  CORRECT :                    0CA0B C |
*CPMUMSCH :                      1E - |  CR :                            0D - |
*CRC16 :                        81F - | *CTC0 :                           0 - |
*CTC1 :                           1 - | *CTC2 :                           2 - |
*CTC3 :                           3 - |  CUPOS :                       1800 - |
 DATA :                        1858 - | *DATE :                  "4/1/2026" - |
 DELAY :                      0C97A C |  EDAS_SV :                    0D15F C |
 ERRCNT :                     0FEB2 - |  ERROR :                      0C888 C |
*FALSE :                          0 - | *FBLKR :                        831 - |
*FBLKW :                        828 - | *FCHRR :                        82E - |
*FCHRW :                        825 - | *FCSUM :                         19 - |
*FGETDR :                       83D - | *FGETLS :                       83A - |
*FGETRE :                       834 - | *FGETSY :                       813 - |
 FIND :                       0C9D9 C | *FLEN :                           2 - |
*FLOATMAX :      1.797693134866E308 - | *FOPENR :                       82B - |
*FOPENW :                       822 - | *FPOS :                           4 - |
*FRESCO :                         0 - | *FRESV :                          6 - |
*FTYPE :                          8 - |  GETCO1 :                       7FD - |
*GETIME :                       840 - | *GETTX0 :                       819 - |
*GETTXT :                       816 - |  GO :                         0C948 C |
*HAS64 :                          1 - |  HEIGHT :                     0C93F C |
*INCH :                           8 - |  INCH0 :                      0D0EB C |
 INCH1 :                      0D0F0 C |  INCH2 :                      0D0F5 C |
 INCH3 :                      0D0F7 C |  INCH4 :                      0D0FA C |
 INCH5 :                      0D10C C |  INCH6 :                      0D10E C |
 INCH7 :                      0D118 C |  INCH8 :                      0D11F C |
*INHEX :                        7F7 - | *INLINE :                       7F4 - |
 INUM :                       0CB15 C | *JP_NMI :                      1817 - |
*JP_RST08 :                    1802 - | *JP_RST10 :                    1805 - |
*JP_RST18 :                    1808 - | *JP_RST20 :                    180B - |
*JP_RST28 :                    180E - | *JP_RST30 :                    1811 - |
*JP_RST38 :                    1814 - |  KDOTAB :                     0C036 C |
 KILL :                       0CA2F C |  KONVX :                      0C7DB C |
*KONVX1 :                     0C7E3 C |  KONVX2 :                     0C7EB C |
 KONVX3 :                     0C7FD C | *LEFT :                           8 - |
*LINES :                         20 - | *LISTON :                         1 - |
 LOC_4000 :                   0C000 C |  LOC_4310 :                   0C326 C |
 LOC_433D :                   0C353 C |  LOC_4340 :                   0C356 C |
 LOC_4345 :                   0C35B C |  LOC_434A :                   0C360 C |
 LOC_4357 :                   0C36D C |  LOC_436D :                   0C383 C |
 LOC_437E :                   0C394 C |  LOC_4381 :                   0C397 C |
 LOC_4387 :                   0C39D C |  LOC_4396 :                   0C3AC C |
 AS V1.42 Beta [Bld 297] - Source File picoedasC-as.asm - Page 90 - 4/1/2026 11:57:29


 LOC_4399 :                   0C3AF C |  LOC_43D4 :                   0C3E7 C |
 LOC_43D8 :                   0C3EB C |  LOC_43EE :                   0C401 C |
 LOC_4413 :                   0C426 C |  LOC_442C :                   0C43F C |
 LOC_442D :                   0C440 C |  LOC_4460 :                   0C473 C |
 LOC_4477 :                   0C486 C |  LOC_44B1 :                   0C4C5 C |
 LOC_44BF :                   0C4D3 C |  LOC_44C1 :                   0C4D5 C |
 LOC_44DB :                   0C4EE C |  LOC_44E4 :                   0C4F7 C |
 LOC_44F0 :                   0C503 C |  LOC_44F8 :                   0C50B C |
*LOC_4501 :                   0C514 C |  LOC_4507 :                   0C51A C |
 LOC_4514 :                   0C527 C |  LOC_4519 :                   0C52C C |
 LOC_451A :                   0C52D C |  LOC_452C :                   0C53F C |
 LOC_453A :                   0C54D C |  LOC_4543 :                   0C556 C |
 LOC_455C :                   0C56F C |  LOC_4565 :                   0C578 C |
 LOC_457E :                   0C591 C |  LOC_459B :                   0C5AE C |
 LOC_45A3 :                   0C5B6 C |  LOC_45C0 :                   0C5D3 C |
*LOC_45E0 :                   0C5F1 C |  LOC_45F2 :                   0C603 C |
 LOC_45F8 :                   0C609 C |  LOC_45FA :                   0C60B C |
 LOC_4617 :                   0C620 C |  LOC_4649 :                   0C650 C |
 LOC_4664 :                   0C66B C |  LOC_4677 :                   0C67E C |
 LOC_467C :                   0C683 C |  LOC_4685 :                   0C68C C |
 LOC_4686 :                   0C68D C |  LOC_46A4 :                   0C6AB C |
 LOC_46AA :                   0C6B1 C |  LOC_46D7 :                   0C6DD C |
 LOC_46D9 :                   0C6DF C |  LOC_46F1 :                   0C6F7 C |
 LOC_46F8 :                   0C6FE C |  LOC_46FD :                   0C703 C |
 LOC_4718 :                   0C71E C |  LOC_472C :                   0C731 C |
 LOC_4732 :                   0C737 C |  LOC_4738 :                   0C73C C |
 LOC_473A :                   0C73E C |  LOC_473D :                   0C741 C |
 LOC_474C :                   0C750 C |  LOC_4773 :                   0C777 C |
 LOC_477A :                   0C77E C |  LOC_4783 :                   0C787 C |
 LOC_4786 :                   0C78A C |  LOC_4795 :                   0C799 C |
 LOC_47A0 :                   0C7A4 C |  LOC_47A3 :                   0C7A7 C |
 LOC_47B5 :                   0C7B9 C |  LOC_47C3 :                   0C7C7 C |
 LOC_4803 :                   0C807 C |  LOC_4809 :                   0C80D C |
 LOC_483E :                   0C842 C |  LOC_484B :                   0C84E C |
 LOC_4860 :                   0C863 C |  LOC_4863 :                   0C866 C |
 LOC_4864 :                   0C867 C |  LOC_4880 :                   0C883 C |
 LOC_488D :                   0C891 C |  LOC_48AB :                   0C8AB C |
 LOC_48C8 :                   0C8C8 C |  LOC_48D2 :                   0C8D2 C |
 LOC_48DE :                   0C8DE C |  LOC_4938 :                   0C936 C |
 LOC_4948 :                   0C944 C |  LOC_4963 :                   0C975 C |
 LOC_497A :                   0C988 C |  LOC_498A :                   0C992 C |
 LOC_4993 :                   0C99B C |  LOC_4999 :                   0C9A1 C |
 LOC_49D5 :                   0C9DC C |  LOC_49DD :                   0C9E4 C |
 LOC_49E1 :                   0C9E8 C |  LOC_49F3 :                   0C9FA C |
 LOC_4A19 :                   0CA13 C |  LOC_4A42 :                   0CA3C C |
 LOC_4A4C :                   0CA46 C |  LOC_4A53 :                   0CA4D C |
 LOC_4A8C :                   0CA81 C |  LOC_4A99 :                   0CA8E C |
 LOC_4AA7 :                   0CA9C C |  LOC_4AB7 :                   0CAAC C |
 LOC_4AB9 :                   0CAAE C |  LOC_4B0B :                   0CAFE C |
 LOC_4B1F :                   0CB12 C |  LOC_4B2E :                   0CB21 C |
 LOC_4B30 :                   0CB23 C |  LOC_4B70 :                   0CB74 C |
 LOC_4B7A :                   0CB7E C |  LOC_4BB7 :                   0CBBF C |
 LOC_4BBC :                   0CBC4 C |  LOC_4BE6 :                   0CBE8 C |
 LOC_4C3A :                   0CC54 C |  LOC_4C4C :                   0CC66 C |
 LOC_4C54 :                   0CC6E C |  LOC_4C6B :                   0CC84 C |
 LOC_4C73 :                   0CC8C C |  LOC_4C80 :                   0CC99 C |
 LOC_4CA2 :                   0CCBB C |  LOC_4CC0 :                   0CCD8 C |
 LOC_4CC9 :                   0CCE1 C |  LOC_4CD4 :                   0CCEC C |
 LOC_4CE2 :                   0CCFA C |  LOC_4CFB :                   0CD13 C |
 LOC_4D01 :                   0CD19 C |  LOC_4D0E :                   0CD26 C |
 AS V1.42 Beta [Bld 297] - Source File picoedasC-as.asm - Page 91 - 4/1/2026 11:57:29


 LOC_4D47 :                   0CD56 C |  LOC_4D70 :                   0CD85 C |
 LOC_4D9D :                   0CDA8 C | *LOC_4DA9 :                   0CDAB C |
 LOC_4DCC :                   0CDC8 C |  LOC_4DDD :                   0CDD9 C |
 LOC_4DF8 :                   0CDF4 C |  LOC_4E04 :                   0CE00 C |
 LOC_4E29 :                   0CE25 C |  LOC_4E43 :                   0CE3F C |
 LOC_4E46 :                   0CE42 C |  LOC_4E48 :                   0CE44 C |
 LOC_4E4B :                   0CE47 C |  LOC_4E80 :                   0CE7C C |
 LOC_4E8E :                   0CE8E C |  LOC_4E93 :                   0CE9A C |
 LOC_4E9A :                   0CEA1 C |  LOC_4EAA :                   0CEB1 C |
 LOC_4EB5 :                   0CEBB C |  LOC_4EB8 :                   0CEBE C |
 LOC_4EB9 :                   0CEBF C |  LOC_4EC9 :                   0CECF C |
 LOC_4ECC :                   0CED2 C |  LOC_4ECF :                   0CED5 C |
 LOC_4EE5 :                   0CEEB C |  LOC_4EE8 :                   0CEEE C |
 LOC_4EF5 :                   0CEFB C |  LOC_4F04 :                   0CF0B C |
 LOC_4F09 :                   0CF10 C |  LOC_4F10 :                   0CF17 C |
 LOC_4F14 :                   0CF1B C |  LOC_4F33 :                   0CF3A C |
 LOC_4F5A :                   0CF61 C |  LOC_4F64 :                   0CF6B C |
 LOC_4F66 :                   0CF6D C |  LOC_4F6B :                   0CF72 C |
 LOC_4F70 :                   0CF77 C |  LOC_4F78 :                   0CF7F C |
 LOC_4F7C :                   0CF83 C |  LOC_4F82 :                   0CF89 C |
 LOC_4F9A :                   0CFA1 C |  LOC_4F9E :                   0CFA5 C |
 LOC_4FA3 :                   0CFAA C |  LOC_4FAD :                   0CFB4 C |
 LOC_4FBD :                   0CFC4 C |  LOC_4FC1 :                   0CFC8 C |
 LOC_4FDD :                   0CFE4 C |  LOC_4FE2 :                   0CFF0 C |
 LOC_4FE9 :                   0CFE9 C |  LOC_4FED :                   0CFED C |
 LOC_5045 :                   0D045 C |  LOC_5047 :                   0D047 C |
 LOC_5079 :                   0D09E C |  LOC_516E :                   0D181 C |
 LOC_5175 :                   0D188 C |  LOC_518C :                   0D19F C |
 LOC_5198 :                   0D1AB C |  LOC_519C :                   0D1AF C |
 LOC_519E :                   0D1B1 C |  LOC_51B4 :                   0D1C7 C |
 LOC_51CE :                   0D1E1 C |  LOC_51D1 :                   0D1E4 C |
 LOC_51DB :                   0D1EE C |  LOC_51E6 :                   0D1F9 C |
 LOC_51F0 :                   0D203 C |  LOC_51FB :                   0D20E C |
 LOC_520E :                   0D221 C |  LOC_521B :                   0D22E C |
 LOC_521E :                   0D231 C |  LOC_5231 :                   0D244 C |
 LOC_5247 :                   0D25A C |  LOC_5290 :                   0D2A3 C |
 LOC_52B9 :                   0D2CC C |  LOC_52C3 :                   0D2D6 C |
 LOC_52F7 :                   0D30A C |  LOC_52FC :                   0D30F C |
 LOC_5319 :                   0D32C C |  LOC_532F :                   0D342 C |
 LOC_533B :                   0D34E C |  LOC_5360 :                   0D373 C |
 LOC_537E :                   0D391 C |  LOC_53C4 :                   0D3DC C |
 LOC_53CF :                   0D3E7 C |  LOC_53E5 :                   0D3FD C |
*LOC_53FC :                   0D41A C |  LOC_5414 :                   0D432 C |
 LOC_541E :                   0D43C C |  LOC_542C :                   0D44A C |
 LOC_5436 :                   0D454 C |  LOC_5477 :                   0D477 C |
 LOC_5488 :                   0D488 C |  LOC_5493 :                   0D493 C |
 LOC_54A9 :                   0D4A9 C |  LOC_54AE :                   0D4AE C |
 LOC_54B3 :                   0D4B3 C |  LOC_54B9 :                   0D4B9 C |
 LOC_54C2 :                   0D4C2 C |  LOC_54F5 :                   0D4F5 C |
 LOC_552E :                   0D52E C |  LOC_555F :                   0D55F C |
 LOC_556D :                   0D56D C |  LOC_5575 :                   0D575 C |
 LOC_5581 :                   0D581 C |  LOC_559E :                   0D59E C |
 LOC_55BD :                   0D5BD C |  LOC_55C6 :                   0D5C6 C |
 LOC_55CC :                   0D5CC C |  LOC_55D0 :                   0D5D0 C |
 LOC_55D5 :                   0D5D5 C |  LOC_55EA :                   0D5EA C |
 LOC_5610 :                   0D610 C |  LOC_5657 :                   0D657 C |
 LOC_567E :                   0D67E C |  LOC_568B :                   0D68B C |
 LOC_5696 :                   0D696 C |  LOC_56C9 :                   0D6C9 C |
 LOC_571D :                   0D71D C |  LOC_573F :                   0D73F C |
 LOC_5769 :                   0D769 C |  LOC_576D :                   0D76D C |
 AS V1.42 Beta [Bld 297] - Source File picoedasC-as.asm - Page 92 - 4/1/2026 11:57:29


 LOC_5783 :                   0D783 C |  LOC_578B :                   0D78B C |
 LOC_57AA :                   0D7AA C |  LOC_585A :                   0D85A C |
 LOC_5958 :                   0D958 C |  LOC_5C27 :                   0DC27 C |
 LOC_5D8D :                   0DD8D C |  LOC_5E3D :                   0DE3D C |
 LOC_5F9B :                   0DF9B C |  LOC_5FAB :                   0DFAB C |
*MACEXP :                         7 - |  MARK :                       0D1EB C |
 MC_OFS :                     0FE0A - | *MOMCPU :                        80 - |
*MOMCPUNAME :                 "Z80" - | *MONX_VERSION :                 800 - |
 MOVE :                       0D279 C |  MS30 :                         7EB - |
*NESTMAX :                      100 - |  NNUM :                       0D236 C |
 OC_BAKDEL :                  0D076 C |  OC_CLS :                     0D04D C |
 OC_CR :                      0D0DB C |  OC_CR1 :                     0D0E4 C |
 OC_DEL :                     0D05D C |  OC_DOWN :                    0D0BC C |
 OC_DOWN1 :                   0D0BF C |  OC_END :                     0D0C7 C |
 OC_END1 :                    0D0CA C |  OC_FIRSTC :                  0D0B7 C |
 OC_INS :                     0D07B C |  OC_LEFT :                    0D070 C |
 OC_RIGHT :                   0D073 C |  OC_TAB :                     0D0A3 C |
 OC_TAB1 :                    0D0A9 C |  OC_UP :                      0D0C2 C |
 OFF_4006 :                   0C006 C |  OPTIONS :                    0C935 C |
 ORIG_SV :                    0FEA0 - | *OUTCH :                         10 - |
 OUTCH0 :                     0CFF7 C |  OUTHEX :                       7EE - |
 OUTHL :                        7F1 - |  OUTHLS :                     0D18C C |
 OUTX :                       0D0CF C |  PDELAY :                     0C97F C |
*PICO :                        0FFE - | *PICOMW :                       843 - |
*PIO2CA :                        0A - | *PIO2CB :                        0B - |
*PIO2DA :                         8 - | *PIO2DB :                         9 - |
*PIOCA :                          6 - | *PIOCB :                          7 - |
*PIODA :                          4 - | *PIODB :                          5 - |
*PRNST :                         18 - |  PRNST0 :                     0C8E9 C |
 PRNST1 :                     0C8EA C | *PRNTXA :                       81C - |
 PUT :                        0C984 C |  P_BUFBEG :                   0FE75 - |
 QCNT :                           0 - |  QRDC_0 :                       'Z' - |
 QRDC_1 :                       'Z' - |  QRDC_2 :                       'Z' - |
 QRDC_3 :                       'Z' - |  QRDC_4 :                       'Z' - |
 QRDC_5 :                       'Z' - |  QRDC_6 :                       'Z' - |
 QUIT :                       0D135 C | *RAM :                         1800 - |
 RAMA :                       0FD00 - | *RDBYTE :                       84C - |
*RDSYNC :                       849 - | *RELAXED :                        0 - |
 RENUM :                      0C997 C |  RESOPT :                     0C92E C |
 REUSE :                      0C908 C | *RIGHT :                          9 - |
*ROM :                            0 - |  SEARCH :                     0C9BC C |
 SEC :                        0D3A2 C |  SETCU :                      0C63F C |
 SETOPT :                     0C928 C | *SOIL :                        181A - |
*SPC :                           20 - |  SUB_4306 :                   0C31C C |
 SUB_439F :                   0C3B5 C |  SUB_43AD :                   0C3C3 C |
 SUB_43B1 :                   0C3C7 C |  SUB_43B5 :                   0C3CB C |
 SUB_43C2 :                   0C3D5 C |  SUB_43EB :                   0C3FE C |
 SUB_4404 :                   0C417 C |  SUB_441F :                   0C432 C |
 SUB_442B :                   0C43E C |  SUB_4435 :                   0C448 C |
 SUB_4442 :                   0C455 C |  SUB_444E :                   0C461 C |
 SUB_4459 :                   0C46C C |  SUB_4466 :                   0C479 C |
 SUB_4473 :                   0C482 C |  SUB_4480 :                   0C48F C |
 SUB_44A6 :                   0C4BA C |  SUB_44D9 :                   0C4EC C |
 SUB_453D :                   0C550 C |  SUB_456C :                   0C57F C |
 SUB_45F5 :                   0C606 C |  SUB_4623 :                   0C62B C |
 SUB_4635 :                   0C63C C |  SUB_4642 :                   0C649 C |
 SUB_4647 :                   0C64E C |  SUB_464F :                   0C656 C |
 SUB_4660 :                   0C667 C |  SUB_4661 :                   0C668 C |
 SUB_4663 :                   0C66A C |  SUB_4694 :                   0C69B C |
 SUB_4699 :                   0C6A0 C |  SUB_46B2 :                   0C6B9 C |
 AS V1.42 Beta [Bld 297] - Source File picoedasC-as.asm - Page 93 - 4/1/2026 11:57:29


 SUB_46BC :                   0C6C2 C |  SUB_46BE :                   0C6C4 C |
 SUB_47C6 :                   0C7CA C |  SUB_486A :                   0C86D C |
 SUB_4875 :                   0C878 C |  SUB_48B1 :                   0C8B1 C |
 SUB_48B6 :                   0C8B6 C |  SUB_48BE :                   0C8BE C |
 SUB_48C4 :                   0C8C4 C |  SUB_48D1 :                   0C8D1 C |
 SUB_48E1 :                   0C8E1 C |  SUB_48F5 :                   0C8F3 C |
 SUB_4A3A :                   0CA34 C |  SUB_4B34 :                   0CB27 C |
 SUB_4CAD :                   0CCC6 C |  SUB_4CB6 :                   0CCCF C |
 SUB_4D22 :                   0CD33 C |  SUB_4D26 :                   0CD37 C |
 SUB_4D34 :                   0CD45 C |  SUB_4DCF :                   0CDCB C |
 SUB_4FC0 :                   0CFC7 C |  SUB_5073 :                   0D098 C |
 SUB_515E :                   0D171 C |  SUB_5169 :                   0D17C C |
 SUB_5180 :                   0D193 C |  SUB_51BD :                   0D1D0 C |
 SUB_5253 :                   0D266 C |  SUB_5257 :                   0D26A C |
 SUB_52CA :                   0D2DD C |  SUB_5303 :                   0D316 C |
 SUB_533D :                   0D350 C |  SUB_5417 :                   0D435 C |
 SUB_5440 :                   0DFFD C |  SUB_545D :                   0D45D C |
 SUB_546B :                   0D46B C |  SUB_5472 :                   0D472 C |
 SUB_5480 :                   0D480 C |  SUB_5562 :                   0D562 C |
 SUB_5568 :                   0D568 C |  SUB_557B :                   0D57B C |
 SUB_55AC :                   0D5AC C |  SUB_565D :                   0D65D C |
 SUB_5772 :                   0D772 C |  SUB_577F :                   0D77F C |
 SV_INIT :                    0D14A C |  SV_RESTORE :                 0D129 C |
 SWAP :                       0D3BA C | *SYSSK :                       1856 - |
 TASTE :                        7FA - |  TASTEC :                     0CFBB C |
 TEMP :                         "0" - | *TIME :                  "11:57:28" - |
 TRANS :                      0D35C C | *TRUE :                           1 - |
 TTAB :                       0D091 C | *TXTBUF :                        0A - |
 TXTBUFFER :                   6000 - |  UNK_1802 :                    1802 - |
 UNK_400D :                   0C00D C |  UNK_409D :                   0C0B5 - |
 UNK_40A4 :                   0C0BC - |  UNK_40AA :                   0C0C0 C |
 UNK_428F :                   0C2A5 C |  UNK_42DC :                   0C2F2 C |
 UNK_42E4 :                   0C2FA C |  UNK_42E8 :                   0C2FE C |
 UNK_42EC :                   0C302 C |  UNK_42F0 :                   0C306 C |
 UNK_42F4 :                   0C30A C |  UNK_543F :                   0DFBF C |
 UNK_54C0 :                   0FDC0 - |  UNK_54FF :                   0FDFF - |
 UNK_5504 :                   0FE04 - |  UNK_5515 :                   0FE15 - |
 UNK_551D :                   0FE1D - |  UNK_552D :                   0FE2D - |
 UNK_5530 :                   0FE30 - |  UNK_556E :                   0FE6E - |
 UNK_556F :                   0FE6F - |  UNK_5577 :                   0FE77 - |
 UNK_557A :                   0FE7A - |  UNK_559B :                   0FE9B - |
 UNK_559E :                   0FE9E - |  UNK_55B4 :                   0FEB4 - |
 UNK_55F6 :                   0FEF6 - |  UNK_55FF :                   0FEFF - |
 UNK_5600 :                   0FF00 - |  UNK_6000 :                   0E000 - |
 UNK_FF00 :                   0FF00 - |  UNK_FF10 :                   0FF10 - |
 UNK_FF20 :                   0FF20 - |  UNK_FF31 :                   0FF31 - |
 UNK_FF32 :                   0FF32 - | *VERSION :                     142F - |
*VERSTR :                       837 - |  VIEW :                       0C98F C |
 WARM :                       0CB3F C |  WARM1 :                      0CBAC C |
*WARNRELATIVE :                   0 - |  WERRORS :                    0CD4C C |
 WORD_54B0 :                  0FDB0 - |  WORD_54B2 :                  0FDB2 - |
 WORD_54B4 :                  0FDB4 - |  WORD_54B6 :                  0FDB6 - |
 WORD_54B8 :                  0FDB8 - |  WORD_54BA :                  0FDBA - |
 WORD_54BC :                  0FDBC - |  WORD_54BE :                  0FDBE - |
 WORD_550C :                  0FE0C - |  WORD_550E :                  0FE0E - |
 WORD_5510 :                  0FE10 - |  WORD_5512 :                  0FE12 - |
 WORD_5517 :                  0FE17 - |  WORD_5519 :                  0FE19 - |
 WORD_551B :                  0FE1B - |  WORD_5578 :                  0FE78 - |
 WORD_557C :                  0FE7C - |  WORD_5582 :                  0FE82 - |
 WORD_5585 :                  0FE85 - |  WORD_5587 :                  0FE87 - |
 AS V1.42 Beta [Bld 297] - Source File picoedasC-as.asm - Page 94 - 4/1/2026 11:57:29


 WORD_5589 :                  0FE89 - |  WORD_55F2 :                  0FEF2 - |
*WRBYTE :                       846 - | *WRHDRX :                       84F - |

    597 symbols
     92 unused symbols

 AS V1.42 Beta [Bld 297] - Source File picoedasC-as.asm - Page 95 - 4/1/2026 11:57:29


  Defined Macros:
  ---------------

DBR{NOEXPAND,EXPREST}                 |

      1 macro

 AS V1.42 Beta [Bld 297] - Source File picoedasC-as.asm - Page 96 - 4/1/2026 11:57:29


  Defined Functions:
  ------------------

BWS                                   | LO                                   
HI                                    |

 AS V1.42 Beta [Bld 297] - Source File picoedasC-as.asm - Page 97 - 4/1/2026 11:57:29


  Code Pages:
  ----------

STANDARD (0 changed characters)

1 code page

0.05 seconds assembly time

   5033 lines source file
   5086 lines incl. macro expansions
      2 passes
      0 errors
      0 warnings
