 AS V1.42 Beta [Bld 297] - Source File zeap40-as.asm - Page 1 - 8/12/2026 14:56:54


    1/   0 :                            ; File Name   :	d:\hobby3\ac1-2010\edas\zeap20\ZEAP20.bin
    2/   0 :                            ; Format      :	Binary file
    3/   0 :                            ; Base Address:	0000h Range: 1000h - 2008h Loaded length: 1008h
    4/   0 :                            ; Segment type:	Pure code
    5/   0 :                            ; segment "ROM"
    6/   0 :                            
    7/   0 :                            		cpu z80
    8/   0 :                            
    9/   0 :                            ;orig org 1000, edas*4 hat org 4000
   10/   0 :                            ;label an 4000 angepasst zum besseren Vergleich mit edas*4
   11/   0 :                            ;das muss am Ende wieder zurückgeändert werden
   12/   0 :                            
   13/   0 :                            ; NAS-SYS RST's
   14/   0 :                            ;RIN:	     equ	0008h	; Obtain an input character in the A register
   15/   0 :                            ;SCAL:	     equ 	0018h	; call the NAS-SYS routines
   16/   0 :                            ;PRS:	     equ	0028h	; Output the string
   17/   0 : =38H                       RDEL:	     equ	0038h	; Wait for a period of time dependent on the
   18/   0 :                            				; value	in the A register.  A is set to	0.
   19/   0 :                            
   20/   0 :                            SCAL	macro	nr		; NASSYS-Call
   21/   0 :                            	rst	18h
   22/   0 :                            	db	nr
   23/   0 :                            	endm
   24/   0 :                            
   25/   0 :                            ; 0800	     The video RAM
   26/   0 :                            ; 0800	     There is a	10 byte	margin at the left of each line,
   27/   0 :                            ; 0800	     then a 48 byte line, then a 6 byte	margin on the right
   28/   0 :                            ; 0800
   29/   0 :                            ; 0800	     LINE NO LEFT MARGIN
   30/   0 :                            ; 0800	     16	     0BC0
   31/   0 :                            ; 0800	     1	     0800
   32/   0 :                            ; 0800	     2	     0840
   33/   0 :                            ; 0800	     3	     0880
   34/   0 :                            ; 0800	     4	     08C0
   35/   0 :                            ; 0800	     5	     0900
   36/   0 :                            ; 0800	     6	     0940
   37/   0 :                            ; 0800	     7	     0980
   38/   0 :                            ; 0800	     8	     09C0
   39/   0 :                            ; 0800	     9	     0A00
   40/   0 :                            ; 0800	     10	     0A40
   41/   0 :                            ; 0800	     11	     0A80
   42/   0 :                            ; 0800	     12	     0AC0
   43/   0 :                            ; 0800	     13	     0B00
   44/   0 :                            ; 0800	     14	     0B40
   45/   0 :                            ; 0800	     15	     0B80
   46/   0 :                            
   47/   0 :                            ; NAS-SYS	WORKSPACE
   48/   0 : =0C00H                     PORT0:	     	equ	0C00h		; Copy of current state of output part 0.
   49/   0 : =0C0AH                     ARGC:	     	equ	0C0Ah		; Command letter or routine number	last processed for command execution or	input/output.
   50/   0 : =0C0BH                     ARGH:	     	equ	0C0Bh		; Number of values in input line
   51/   0 : =0C0CH                     ARG1:	     	equ	0C0Ch		; Frst value entered.
   52/   0 : =0C0EH                     ARG2:	     	equ	0C0Eh		; Second value entered.
   53/   0 : =0C10H                     ARG3:	     	equ	0C10h		; Third value entered.
   54/   0 : =0C21H                     NUMV:	     	equ	0C21h		; Value returned by routine NUM.
   55/   0 : =0C29H                     CURSOR:	     	equ	0C29h		; Position of the cursor.
   56/   0 : =0C2BH                     ARGX:	     	equ	0C2Bh		; Last command letter entered.
   57/   0 : =0C78H                     SUOUT:	     	equ	0C78h		; user specified output routine
   58/   0 :                            
   59/   0 :                            ;RAM
   60/   0 : =0F00H                     BUFBEG:	     	equ	0F00h	     	; edit buffer
 AS V1.42 Beta [Bld 297] - Source File zeap40-as.asm - Page 2 - 8/12/2026 14:56:54


   61/   0 : =0F02H                     BUFEND:	     	equ	0F02h	     	; Buffer Ende
   62/   0 : =0F04H                     outch:	     	equ	0F04h	     	; external output routine
   63/   0 : =0F07H                     byte_5507:	equ	0F07h
   64/   0 : =0F08H                     word_5508:	equ	0F08h
   65/   0 : =0F0AH                     mc_ofs:	     	equ	0F0Ah	     	; offset for code generation
   66/   0 : =0F0CH                     word_550C:	equ	0F0Ch
   67/   0 : =0F0EH                     word_550E:	equ	0F0Eh
   68/   0 : =0F10H                     word_5510:	equ	0F10h
   69/   0 : =0F12H                     word_5512:	equ	0F12h
   70/   0 : =0F14H                     byte_5514:	equ	0F14h
   71/   0 : =0F15H                     word_5515:	equ	0F15h
   72/   0 : =0F17H                     word_5517:	equ	0F17h
   73/   0 : =0F19H                     word_5519:	equ	0F19h
   74/   0 : =0F1BH                     word_551B:	equ	0F1Bh
   75/   0 : =0F1DH                     unk_551D:	equ	0F1Dh
   76/   0 : =0F2DH                     unk_552D:	equ	0F2Dh
   77/   0 : =0F2EH                     unk_552E:	equ	0F2Eh
   78/   0 : =0F2FH                     unk_552F:	equ	0F2Fh
   79/   0 : =0F6FH                     unk_556F:	equ	0F6Fh
   80/   0 : =0F75H                     word_5575:	equ	0F75h
   81/   0 : =0F77H                     byte_5577:	equ	0F77h
   82/   0 : =0F78H                     word_5578:	equ	0F78h
   83/   0 : =0F7AH                     unk_557A:	equ	0F7Ah
   84/   0 : =0F7CH                     word_557C:	equ	0F7Ch
   85/   0 : =0F7EH                     word_557E:	equ	0F7Eh
   86/   0 : =0F80H                     word_5580:	equ	0F80h
   87/   0 : =0F82H                     word_5582:	equ	0F82h
   88/   0 : =0F84H                     byte_5584:	equ	0F84h
   89/   0 : =0F85H                     word_5585:	equ	0F85h
   90/   0 : =0F87H                     word_5587:	equ	0F87h
   91/   0 : =0F89H                     word_5589:	equ	0F89h
   92/   0 : =0FF2H                     word_55F2:	equ	0FF2h
   93/   0 : =0FF6H                     unk_55F6:	equ	0FF6h
   94/   0 : =0FFEH                     byte_55FE:	equ	0FFEh
   95/   0 :                            
   96/   0 :                            
   97/   0 :                            
   98/1000 :                            		org 1000h
   99/1000 :                            ;		org 0D000h
  100/1000 :                            
  101/1000 : C3 36 1B                   		jp	cold		; cold start
  102/1003 : C3 78 1B                   		jp	warm		; warm start
  103/1006 :                            ;1006..1035 wird nach bufp kopiert
  104/1006 :                            ; phase bufp
  105/1006 :                            ; RAM:0F00 ?? ??	     BUFP:
  106/1006 :                            ; RAM:0F00
  107/1006 :                            ; RAM:0F02 ??	     unk_5502:
  108/1006 :                            ; RAM:0F03 ??
  109/1006 :                            ; RAM:0F04 ??	     outch:
  110/1006 :                            ; RAM:0F05 ??
  111/1006 :                            ; RAM:0F06 ??
  112/1006 :                            ; RAM:0F07 ??	     byte_5507:
  113/1006 :                            ; RAM:0F08 ?? ??	     word_5508:
  114/1006 :                            ; RAM:0F0A ?? ??	     mc_ofs:
  115/1006 :                            ; RAM:0F0C ?? ??	     word_550C:	     14EAr
  116/1006 :                            ; RAM:0F0E ?? ??	     word_550E:
  117/1006 :                            ; RAM:0F10 ?? ??	     word_5510:
  118/1006 :                            ; RAM:0F12 ?? ??	     word_5512:
  119/1006 :                            ; RAM:0F14 ??	     byte_5514:	     w
  120/1006 :                            ; RAM:0F15 ??	     unk_5515:
 AS V1.42 Beta [Bld 297] - Source File zeap40-as.asm - Page 3 - 8/12/2026 14:56:54


  121/1006 :                            ; RAM:0F17 ?? ??	     word_5517:
  122/1006 :                            ; RAM:0F19 ?? ??	     word_5519:
  123/1006 :                            ; RAM:0F1B ?? ??	     word_551B:
  124/1006 :                            ; RAM:0F2D ??	     unk_552D:
  125/1006 :                            ; RAM:0F2E ??	     unk_552E:
  126/1006 :                            ; RAM:0F2F ??	     unk_552F:
  127/1006 :                            
  128/1006 : 00 20                      word_4006:	dw 2000h
  129/1008 : 00 50                      		dw 5000h
  130/100A : C3 BF 13                   		jp	nas_outch
  131/100D : 00                         		db    0
  132/100E : 00                         		db    0
  133/100F : 00                         		db    0
  134/1010 : 00                         		db    0
  135/1011 : 00                         		db    0
  136/1012 : FF                         		db 0FFh
  137/1013 : FF                         		db 0FFh
  138/1014 : FF                         		db 0FFh
  139/1015 : FF                         		db 0FFh
  140/1016 : 00 00                      		dw 0			; word_5510
  141/1018 : 00 00                      		dw 0			; word_5512
  142/101A : 00                         		db 0			; byte_5514
  143/101B : 36 10                      		dw kdotab		; unk_5515
  144/101D : AA 10                      		dw unk_40AA             ; word_5517	Parse Tree Mnemonics
  145/101F : 8F 12                      		dw unk_428F             ; word_5519	Parse Tree Register
  146/1021 : F4 12                      		dw unk_42F4             ; word_551B	Tokenklassen Register,Flags
  147/1023 : 91                         		db  91h		        ; unk_551D	Zeichenklassen Spezialzeichen
  148/1024 : 20                         		db  ' '	        	; 551E
  149/1025 : 2C                         		db  ','	        	; 551F
  150/1026 : 98                         		db  98h		        ; 5520
  151/1027 : 3B                         		db  ';'	        	; 5521		Kommentar
  152/1028 : 00                         		db    0 	        ; 5522		Zeilenende
  153/1029 : 82                         		db  82h		        ; 5523
  154/102A : 2B                         		db  '+'	        	; 5524
  155/102B : 29                         		db  ')'	        	; 5525
  156/102C : 27                         		db  '\''          	; 5526
  157/102D : C0                         		db 0C0h		        ; 5527
  158/102E : 24                         		db  '$'	        	; 5528
  159/102F : A0                         		db 0A0h		        ; 5529
  160/1030 : 23                         		db  '#'	        	; 552A
  161/1031 : 22                         		db  '"'	        	; 552B
  162/1032 : 80                         		db  80h		        ; 552C		sonstiges
  163/1033 : 00                         		db    0 	        ; unk_552D	das aktuelles Zeichen
  164/1034 :                            		;
  165/1034 : A0                         		db 0A0h		        ; 552E
  166/1035 : A0                         		db 0A0h		        ; 552F
  167/1036 :                            ; Ende Defaultwerte
  168/1036 :                            
  169/1036 : 56                         kdotab:		db  'V'
  170/1037 : 70 19                      		dw VIEW		; VDU List
  171/1039 : 55                         		db  'U'
  172/103A : 63 19                      		dw ULIST
  173/103C : 4E                         		db  'N'
  174/103D : 13 19                      		dw NASSYS
  175/103F : 52                         		db  'R'
  176/1040 : 78 19                      		dw RENUM
  177/1042 : 4F                         		db  'O'
  178/1043 : 24 19                      		dw OPTIONS
  179/1045 : 41                         		db  'A'
  180/1046 : 2D 1D                      		dw ASSEMBLE
 AS V1.42 Beta [Bld 297] - Source File zeap40-as.asm - Page 4 - 8/12/2026 14:56:54


  181/1048 : 46                         		db  'F'
  182/1049 : A2 19                      		dw FIND
  183/104B : 58                         		db  'X'
  184/104C : 1E 1A                      		dw KILL
  185/104E : 5A                         		db  'Z'
  186/104F : FA 19                      		dw CORRECT
  187/1051 : 49                         		db  'I'
  188/1052 : 0B 1B                      		dw INUM
  189/1054 : 50                         		db  'P'
  190/1055 : 5F 19                      		dw PUT
  191/1057 : 3A                         		db  ':'
  192/1058 : CC 1F                      		dw kdo_dpoint
  193/105A : 48                         		db  'H'
  194/105B : 2C 19                      		dw HEIGHT
  195/105D : 2B                         		db  '+'
  196/105E : 17 19                      		dw SETOPT
  197/1060 : 2D                         		db  '-'
  198/1061 : 1D 19                      		dw RESOPT
  199/1063 : 57                         		db  'W'
  200/1064 : 23 1D                      		dw WERRORS
  201/1066 : 4A                         		db  'J'
  202/1067 : 51 19                      		dw DELAY
  203/1069 : 4B                         		db  'K'
  204/106A : 56 19                      		dw PDELAY
  205/106C : 47                         		db  'G'
  206/106D : 35 19                      		dw GO
  207/106F : 59                         		db  'Y'
  208/1070 : F3 18                      		dw REUSE
  209/1072 : 2F                         		db  '/'
  210/1073 : 9D 19                      		dw SEARCH
  211/1075 : 00                         		db    0
  212/1076 :                            
  213/1076 : 5A 45 41 50 20 32 2E 30 2F aHeadline:	db "ZEAP 2.0/A498  Free=      End=      Ent"
      107F : 41 34 39 38 20 20 46 72 65
      1088 : 65 3D 20 20 20 20 20 20 45
      1091 : 6E 64 3D 20 20 20 20 20 20
      109A : 45 6E 74                  
  214/109D : 3D 5A 5A 5A 5A 5A 5A       aZzzzzz:	db "=ZZZZZZ"
  215/10A4 :                            
  216/10A4 : 5A                         unk_40A4:	db  5Ah		; Z
  217/10A5 : 20                         		db  20h		;
  218/10A6 : 67                         		db  67h		; g
  219/10A7 : 5B                         		db  5Bh		; [
  220/10A8 :                            
  221/10A8 :                            ; Bereich unk_40A8..unk_42F4 entspricht komplett EDAS*4
  222/10A8 :                            ;---------------------------------------
  223/10A8 :                            
  224/10A8 :                            ; new output table
  225/10A8 : 75                         unk_40A8:	db  75h		; UOUT user specified output routine
  226/10A9 : 00                         		db    0		; list end
  227/10AA :                            
  228/10AA :                            ; Parsebaum Mnemonics
  229/10AA :                            ; 1. Byte letze drei Bit Scanposition
  230/10AA :                            ; 	b7 special code
  231/10AA :                            ;	b4 prefix byte ed
  232/10AA :                            ;	b3 prefix byte cb
  233/10AA :                            ;	b2..b0 scan position
  234/10AA :                            ; zu scannende Token (Zeichen und Zeichenklassen)
  235/10AA :                            ; bis zu gesetztem Bit 8
  236/10AA :                            ; dann folgt 1 Byte Code
 AS V1.42 Beta [Bld 297] - Source File zeap40-as.asm - Page 5 - 8/12/2026 14:56:54


  237/10AA :                            ; Ende Baum mit 0
  238/10AA :                            
  239/10AA : 80                         unk_40AA:	db  80h
  240/10AB : 00                         		db    0
  241/10AC :                            		; L
  242/10AC : 01                         		db    1			; LD A,r
  243/10AD : 4C                         		db  4Ch	; L
  244/10AE : 44                         		db  44h	; D
  245/10AF : 60                         		db  60h	; reg A
  246/10B0 : 83                         		db  83h	; r
  247/10B1 : 78                         		db  78h	; code ld a,b
  248/10B2 :                            		;
  249/10B2 : 04                         		db    4	 		; LD A,n
  250/10B3 : F4                         		db 0F4h	; n
  251/10B4 : 3E                         		db  3Eh	; code ld a,n
  252/10B5 :                            		;
  253/10B5 : 04                         		db    4			; LD A,(BC)
  254/10B6 : B1                         		db 0B1h ; (BC)
  255/10B7 : 0A                         		db  0Ah	; code ld a,(bc)
  256/10B8 :                            		;
  257/10B8 : 04                         		db    4			; LD A,(DE)
  258/10B9 : E5                         		db 0E5h	; (DE)
  259/10BA : 1A                         		db  1Ah	; code ld a,(de)
  260/10BB :                            		;
  261/10BB : 04                         		db    4			; LD A,(NN)
  262/10BC : F3                         		db 0F3h	; (nn)
  263/10BD : 3A                         		db  3Ah	; ld a,(nn)
  264/10BE :                            		;
  265/10BE : 14                         		db  14h ; ed,4 		; LD A,I
  266/10BF : EC                         		db 0ECh ; reg I
  267/10C0 : 57                         		db  57h ; code ld a,i ed 57
  268/10C1 :                            		;
  269/10C1 : 14                         		db  14h ; ed,4 		; LD A,R
  270/10C2 : EE                         		db 0EEh	; reg R
  271/10C3 : 5F                         		db  5Fh ; code ld a,r ed 5f
  272/10C4 :                            		;
  273/10C4 : 03                         		db    3 		; LD r,r'
  274/10C5 : 00                         		db    0	; r
  275/10C6 : 83                         		db  83h	; r'
  276/10C7 : 40                         		db  40h	; code LD B,B
  277/10C8 :                            		;
  278/10C8 : 04                         		db    4			; LD r,n
  279/10C9 : F4                         		db 0F4h ; n
  280/10CA : 06                         		db    6	; code ld b,n
  281/10CB :                            		;
  282/10CB : 03                         		db    3			; LD HL,addr
  283/10CC : 62                         		db  62h	; HL
  284/10CD : F2                         		db 0F2h	; addr
  285/10CE : 21                         		db  21h	; code ld hl,nn
  286/10CF :                            		;
  287/10CF : 04                         		db    4			; LD HL,(addr)
  288/10D0 : F3                         		db 0F3h	; (addr)
  289/10D1 : 2A                         		db  2Ah	; code ld hl,(nn)
  290/10D2 :                            		;
  291/10D2 : 03                         		db    3			; LD SP,addr
  292/10D3 : 6A                         		db  6Ah	; SP
  293/10D4 : F2                         		db 0F2h	; addr
  294/10D5 : 31                         		db  31h	; code ld sp,nn
  295/10D6 :                            		;
  296/10D6 : 04                         		db    4			; LD SP,HL
 AS V1.42 Beta [Bld 297] - Source File zeap40-as.asm - Page 6 - 8/12/2026 14:56:54


  297/10D7 : E2                         		db 0E2h	; HL
  298/10D8 : F9                         		db 0F9h	; code ld sp,hl
  299/10D9 :                            		;
  300/10D9 : 14                         		db  14h	; ed,4		; LD SP,(addr)
  301/10DA : F3                         		db 0F3h	; (addr)
  302/10DB : 7B                         		db  7Bh	; code ed 7b
  303/10DC :                            		;
  304/10DC : 03                         		db    3			; LD rr,addr
  305/10DD : 0C                         		db  0Ch	; rr
  306/10DE : F2                         		db 0F2h	; addr
  307/10DF : 01                         		db    1	; code ld bc,nn
  308/10E0 :                            		;
  309/10E0 : 14                         		db  14h	; ed,4		; LD rr,(addr)
  310/10E1 : F3                         		db 0F3h	; (addr)
  311/10E2 : 4B                         		db  4Bh	; code ed 4b ld bc,(nn)
  312/10E3 :                            		;
  313/10E3 : 03                         		db    3			; LD (addr),hl
  314/10E4 : 73                         		db  73h	; (addr)
  315/10E5 : E2                         		db 0E2h	; HL
  316/10E6 : 22                         		db  22h	; code ld (nn),hl
  317/10E7 :                            		;
  318/10E7 : 14                         		db  14h	; ed,4		; LD (addr),rr
  319/10E8 : 8C                         		db  8Ch	; rr
  320/10E9 : 43                         		db  43h	; code ld (nn),bc ed 43
  321/10EA :                            		;
  322/10EA : 04                         		db    4			; LD (addr),A
  323/10EB : E0                         		db 0E0h	; A
  324/10EC : 32                         		db  32h	; code ld (nn),a
  325/10ED :                            		;
  326/10ED : 03                         		db    3			; LD (BC),A
  327/10EE : 31                         		db  31h	; (bc)
  328/10EF : E0                         		db 0E0h	; A
  329/10F0 : 02                         		db    2	; code ld (bc),a
  330/10F1 :                            		;
  331/10F1 : 03                         		db    3			; LD (DE),a
  332/10F2 : 65                         		db  65h	; (de)
  333/10F3 : E0                         		db 0E0h	; A
  334/10F4 : 12                         		db  12h	; code LD (DE),A
  335/10F5 :                            		;
  336/10F5 : 13                         		db  13h	; ed,3		; LDI
  337/10F6 : C9                         		db 0C9h	; I
  338/10F7 : A0                         		db 0A0h	; code ed a0
  339/10F8 :                            		;
  340/10F8 : 14                         		db  14h	; ed,4		; LDIR
  341/10F9 : D2                         		db 0D2h	; R
  342/10FA : B0                         		db 0B0h	; code ed b0
  343/10FB :                            		;
  344/10FB : 13                         		db  13h	; ed,3		; LDD
  345/10FC : C4                         		db 0C4h	; D
  346/10FD : A8                         		db 0A8h; code ed a8
  347/10FE :                            		;
  348/10FE : 14                         		db  14h	; ed,4		; LDDR
  349/10FF : D2                         		db 0D2h	; R
  350/1100 : B8                         		db 0B8h; code ed b8
  351/1101 :                            		;
  352/1101 : 13                         		db  13h	; ed,3		; LD I,A
  353/1102 : 6C                         		db  6Ch	; reg I
  354/1103 : E0                         		db 0E0h	; reg A
  355/1104 : 47                         		db  47h	; code ed 47
  356/1105 :                            		;
 AS V1.42 Beta [Bld 297] - Source File zeap40-as.asm - Page 7 - 8/12/2026 14:56:54


  357/1105 : 13                         		db  13h	; ed,3		; LD R,A
  358/1106 : 6E                         		db  6Eh	; reg R
  359/1107 : E0                         		db 0E0h	; reg A
  360/1108 : 4F                         		db  4Fh	; code ed 4f
  361/1109 :                            		; J
  362/1109 : 01                         		db    1			; JR ofs
  363/110A : 4A                         		db  4Ah	; J
  364/110B : 52                         		db  52h	; R
  365/110C : F8                         		db 0F8h	; ofs
  366/110D : 18                         		db  18h	; code jr
  367/110E :                            		;
  368/110E : 03                         		db    3			; JR flg,ofs
  369/110F : 09                         		db    9	; flag
  370/1110 : F8                         		db 0F8h	; ofs
  371/1111 : 20                         		db  20h	; code jr nz
  372/1112 :                            		;
  373/1112 : 02                         		db    2			; JP addr
  374/1113 : 50                         		db  50h	; P
  375/1114 : F2                         		db 0F2h ; addr
  376/1115 : C3                         		db 0C3h	; code jp
  377/1116 :                            		;
  378/1116 : 03                         		db    3			; JP flg,addr
  379/1117 : 06                         		db    6	; flag
  380/1118 : F2                         		db 0F2h	; addr
  381/1119 : C2                         		db 0C2h	; code jp nz
  382/111A :                            		;
  383/111A : 43                         		db  43h	; ??,3		; JP (HL)
  384/111B : E3                         		db 0E3h	; (HL)
  385/111C : E9                         		db 0E9h	; code jp (hl)
  386/111D :                            		;P
  387/111D : 01                         		db    1			; PUSH rr
  388/111E : 50                         		db  50h	; P
  389/111F : 55                         		db  55h	; U
  390/1120 : 53                         		db  53h	; S
  391/1121 : 48                         		db  48h	; H
  392/1122 : 8F                         		db  8Fh	; rr
  393/1123 : C5                         		db 0C5h	; code push bc
  394/1124 :                            		;
  395/1124 : 02                         		db    2			; POP rr
  396/1125 : 4F                         		db  4Fh	; O
  397/1126 : 50                         		db  50h	; P
  398/1127 : 8F                         		db  8Fh ; rr
  399/1128 : C1                         		db 0C1h	; code pop bc
  400/1129 :                            		;C
  401/1129 : 01                         		db    1			; CALL nn
  402/112A : 43                         		db  43h	; C
  403/112B : 41                         		db  41h	; A
  404/112C : 4C                         		db  4Ch	; L
  405/112D : 4C                         		db  4Ch	; L
  406/112E : F2                         		db 0F2h	; nn
  407/112F : CD                         		db 0CDh	; code call
  408/1130 :                            		;
  409/1130 : 05                         		db    5			; CALL flg,addr
  410/1131 : 06                         		db    6	; flag
  411/1132 : F2                         		db 0F2h	; addr
  412/1133 : C4                         		db 0C4h	; code call nz
  413/1134 :                            		;
  414/1134 : 02                         		db    2			; CP r
  415/1135 : 50                         		db  50h	; P
  416/1136 : 83                         		db  83h ; r
 AS V1.42 Beta [Bld 297] - Source File zeap40-as.asm - Page 8 - 8/12/2026 14:56:54


  417/1137 : B8                         		db 0B8h	; code cp b
  418/1138 :                            		;
  419/1138 : 03                         		db    3			; CP n
  420/1139 : F4                         		db 0F4h	; n
  421/113A : FE                         		db 0FEh	; code cp n
  422/113B :                            		;
  423/113B : 03                         		db    3			; CPL
  424/113C : CC                         		db 0CCh	; L
  425/113D : 2F                         		db  2Fh	; code cpl
  426/113E :                            		;
  427/113E : 13                         		db  13h	; ed,3		; CPI
  428/113F : C9                         		db 0C9h	; I + 80h
  429/1140 : A1                         		db 0A1h	; code ed a1
  430/1141 :                            		;
  431/1141 : 14                         		db  14h	; ed,4		; CPIR
  432/1142 : D2                         		db 0D2h	; R + 80h
  433/1143 : B1                         		db 0B1h	; code ed b1
  434/1144 :                            		;
  435/1144 : 13                         		db  13h	; ed,3		; CPD
  436/1145 : C4                         		db 0C4h	; D + 80h
  437/1146 : A9                         		db 0A9h	; code ed a9
  438/1147 :                            		;
  439/1147 : 14                         		db  14h	; ed,4		; CPDR
  440/1148 : D2                         		db 0D2h	; R + 80h
  441/1149 : B9                         		db 0B9h	; code ed b9
  442/114A :                            		;
  443/114A : 02                         		db    2			; CCF
  444/114B : 43                         		db  43h	; C
  445/114C : C6                         		db 0C6h	; F + 80h
  446/114D : 3F                         		db  3Fh	; code ccf
  447/114E :                            		; E
  448/114E : 81                         		db  81h	; special,1	; EQU
  449/114F : 45                         		db  45h	; E
  450/1150 : 51                         		db  51h	; Q
  451/1151 : D5                         		db 0D5h	; U + 80h
  452/1152 : 00                         		db    0	; special code 0
  453/1153 :                            		;
  454/1153 : 02                         		db    2			; EX AF,AF
  455/1154 : 58                         		db  58h	; X
  456/1155 : 68                         		db  68h	; AF
  457/1156 : E8                         		db 0E8h	; AF
  458/1157 : 08                         		db  08h	; code ex af,af'
  459/1158 :                            		;
  460/1158 : 03                         		db    3			; EX DE,HL
  461/1159 : 64                         		db  64h	; DE
  462/115A : E2                         		db 0E2h	; HL
  463/115B : EB                         		db 0EBh	; code ex de,hl
  464/115C : 03                         		db    3			; EX (SP),HL
  465/115D : 6B                         		db  6Bh	; (SP)
  466/115E : E2                         		db 0E2h	; HL
  467/115F : E3                         		db 0E3h	; code ex (sp),hl
  468/1160 : 03                         		db    3			; EXX
  469/1161 : D8                         		db 0D8h	; X
  470/1162 : D9                         		db 0D9h ; code exx
  471/1163 : 02                         		db    2			; EI
  472/1164 : C9                         		db 0C9h	; I
  473/1165 : FB                         		db 0FBh	; code ei
  474/1166 :                            		;
  475/1166 : 82                         		db  82h	; special,2	; ENT
  476/1167 : 4E                         		db  4Eh	; N
 AS V1.42 Beta [Bld 297] - Source File zeap40-as.asm - Page 9 - 8/12/2026 14:56:54


  477/1168 : D4                         		db 0D4h	; T + 80H
  478/1169 : 80                         		db  80h	; special code 80
  479/116A :                            		; I
  480/116A : 01                         		db    1			; INC r
  481/116B : 49                         		db  49h	; I
  482/116C : 4E                         		db  4Eh	; N
  483/116D : 43                         		db  43h	; C
  484/116E : 80                         		db  80h	; r
  485/116F : 04                         		db    4	; code inc b
  486/1170 :                            		;
  487/1170 : 04                         		db    4	 		; INC rr
  488/1171 : 8C                         		db  8Ch ; rr
  489/1172 : 03                         		db    3	; code inc bc
  490/1173 :                            		;
  491/1173 : 03                         		db    3			; IN A,(n)
  492/1174 : 60                         		db  60h	; reg A
  493/1175 : F5                         		db 0F5h ; (n)
  494/1176 : DB                         		db 0DBh	; code in a,(n) DB 56
  495/1177 :                            		;
  496/1177 : 14                         		db  14h	; ed,4		; IN A,(C)
  497/1178 : E7                         		db 0E7h ; (c)
  498/1179 : 78                         		db  78h	; code ed 78
  499/117A :                            		;
  500/117A : 13                         		db  13h	; ed,3		; IN r,(C)
  501/117B : 00                         		db    0	; r
  502/117C : E7                         		db 0E7h	; (c)
  503/117D : 40                         		db  40h	; code in b,(c)
  504/117E :                            		;
  505/117E : 13                         		db  13h	; ed,3		; INI
  506/117F : C9                         		db 0C9h	; I + 80H
  507/1180 : A2                         		db 0A2h	; code ed a2
  508/1181 :                            		;
  509/1181 : 14                         		db  14h	; ed,4		; INIR
  510/1182 : D2                         		db 0D2h	; R + 80H
  511/1183 : B2                         		db 0B2h	; code ed b2
  512/1184 :                            		;
  513/1184 : 13                         		db  13h	; ed,3		; IND
  514/1185 : C4                         		db 0C4h	; D + 80H
  515/1186 : AA                         		db 0AAh	; code ed aa
  516/1187 :                            		;
  517/1187 : 14                         		db  14h	; ed,4		; INDR
  518/1188 : D2                         		db 0D2h	; R + 80H
  519/1189 : BA                         		db 0BAh	; code ed ba
  520/118A :                            		;
  521/118A : 12                         		db  12h	; ed,2		; IM n
  522/118B : 4D                         		db  4Dh	; M
  523/118C : FE                         		db 0FEh	; 0..2 (IM-Mode)
  524/118D : 46                         		db  46h	; code im 0
  525/118E :                            		; D
  526/118E : 81                         		db  81h	; special,1	; DEFB
  527/118F : 44                         		db  44h	; D
  528/1190 : 45                         		db  45h	; E
  529/1191 : 46                         		db  46h	; F
  530/1192 : C2                         		db 0C2h	; B
  531/1193 : 04                         		db    4	; special code 4
  532/1194 :                            		;
  533/1194 : 84                         		db  84h	; special,4	; DEFW
  534/1195 : D7                         		db 0D7h	; W + 80H
  535/1196 : 05                         		db    5	; special code 5
  536/1197 :                            		;
 AS V1.42 Beta [Bld 297] - Source File zeap40-as.asm - Page 10 - 8/12/2026 14:56:54


  537/1197 : 84                         		db  84h	; special,4	; DEFM
  538/1198 : CD                         		db 0CDh	; M + 80H
  539/1199 : 03                         		db    3	; special code 3
  540/119A :                            		;
  541/119A : 84                         		db  84h	; special,4	; DEFS
  542/119B : D3                         		db 0D3h	; S + 80H
  543/119C : 02                         		db    2	; special code 2
  544/119D :                            		;
  545/119D : 03                         		db    3			; DEC r
  546/119E : 43                         		db  43h	; C
  547/119F : 80                         		db  80h ; r
  548/11A0 : 05                         		db  05h	; code dec B
  549/11A1 :                            		;
  550/11A1 : 04                         		db    4			; DEC rr
  551/11A2 : 8C                         		db  8Ch ; rr
  552/11A3 : 0B                         		db  0Bh	; code dec BC
  553/11A4 :                            		;
  554/11A4 : 02                         		db    2			; DJNZ ofs
  555/11A5 : 4A                         		db  4Ah	; J
  556/11A6 : 4E                         		db  4Eh	; N
  557/11A7 : 5A                         		db  5Ah	; Z
  558/11A8 : F8                         		db 0F8h	; ofs
  559/11A9 : 10                         		db  10h	; code 10 xx
  560/11AA :                            		;
  561/11AA : 02                         		db    2			; DAA
  562/11AB : 41                         		db  41h	; A
  563/11AC : C1                         		db 0C1h	; A
  564/11AD : 27                         		db  27h	; code daa
  565/11AE :                            		;
  566/11AE : 02                         		db    2			; DI
  567/11AF : C9                         		db 0C9h	; I + 80H
  568/11B0 : F3                         		db 0F3h	; code di
  569/11B1 :                            		; S
  570/11B1 : 11                         		db  11h	; ed,1		; SBC HL,rr
  571/11B2 : 53                         		db  53h	; S
  572/11B3 : 42                         		db  42h	; B
  573/11B4 : 43                         		db  43h	; C
  574/11B5 : 62                         		db  62h	; HL
  575/11B6 : 8C                         		db  8Ch	; rr
  576/11B7 : 42                         		db  42h	; code sbc hl,bc ed 42
  577/11B8 :                            		;
  578/11B8 : 04                         		db    4			; SBC r
  579/11B9 : 60                         		db  60h
  580/11BA : 83                         		db  83h ; r
  581/11BB : 98                         		db  98h	; code sbc b
  582/11BC :                            		;
  583/11BC : 05                         		db    5			; SBC A,n
  584/11BD : F4                         		db 0F4h	; n
  585/11BE : DE                         		db 0DEh ; code DE 56 sbc a,n
  586/11BF :                            		;
  587/11BF : 02                         		db    2			; SUB r
  588/11C0 : 55                         		db  55h	; U
  589/11C1 : 42                         		db  42h	; B
  590/11C2 : 83                         		db  83h	; r
  591/11C3 : 90                         		db  90h	; code sub b
  592/11C4 :                            		;
  593/11C4 : 04                         		db    4			; SUB n
  594/11C5 : F4                         		db 0F4h	; n
  595/11C6 : D6                         		db 0D6h	; code sub n
  596/11C7 :                            		;
 AS V1.42 Beta [Bld 297] - Source File zeap40-as.asm - Page 11 - 8/12/2026 14:56:54


  597/11C7 : 82                         		db  82h	; special,4	; SKIP
  598/11C8 : 4B                         		db  4Bh	; K
  599/11C9 : 49                         		db  49h	; I
  600/11CA : D0                         		db 0D0h	; P
  601/11CB : 81                         		db  81h ; special code 81
  602/11CC :                            		;
  603/11CC : 0A                         		db  0Ah	; cb,2		; SLA r
  604/11CD : 4C                         		db  4Ch	; L
  605/11CE : 41                         		db  41h	; A
  606/11CF : 83                         		db  83h ; r
  607/11D0 : 20                         		db  20h ; code sla b cb 20
  608/11D1 :                            		;
  609/11D1 : 0A                         		db  0Ah	; cb,2		; SRA r
  610/11D2 : 52                         		db  52h	; R
  611/11D3 : 41                         		db  41h	; A
  612/11D4 : 83                         		db  83h	; r
  613/11D5 : 28                         		db  28h	; code sra b cb 28
  614/11D6 :                            		;
  615/11D6 : 0B                         		db  0Bh	; cb,3		; SRL r
  616/11D7 : 4C                         		db  4Ch	; L
  617/11D8 : 83                         		db  83h ; r
  618/11D9 : 38                         		db  38h	; code srl b
  619/11DA :                            		;
  620/11DA : 0A                         		db  0Ah	; cb,2		; SET bit,r
  621/11DB : 45                         		db  45h	; E
  622/11DC : 54                         		db  54h	; T
  623/11DD : 7A                         		db  7Ah ; bit
  624/11DE : 83                         		db  83h ; r
  625/11DF : C0                         		db 0C0h	; code set 0,b
  626/11E0 :                            		;
  627/11E0 : 02                         		db    2			; SCF
  628/11E1 : 43                         		db  43h	; C
  629/11E2 : C6                         		db 0C6h	; F + 80H
  630/11E3 : 37                         		db  37h	; code 37
  631/11E4 :                            		;
  632/11E4 : 03                         		db    3			; SCAL n
  633/11E5 : 41                         		db  41h	; A
  634/11E6 : 4C                         		db  4Ch	; L
  635/11E7 : F4                         		db 0F4h	; n
  636/11E8 : DF                         		db 0DFh	; code rst 18h n
  637/11E9 :                            		; R
  638/11E9 : 01                         		db    1			; RET
  639/11EA : 52                         		db  52h	; R
  640/11EB : 45                         		db  45h	; E
  641/11EC : D4                         		db 0D4h	; T + 80h
  642/11ED : C9                         		db 0C9h	; code ret
  643/11EE :                            		;
  644/11EE : 04                         		db    4			; RET flg
  645/11EF : 86                         		db  86h	; flag
  646/11F0 : C0                         		db 0C0h	; code ret nc
  647/11F1 :                            		;
  648/11F1 : 14                         		db  14h	; ed,4		; RETI
  649/11F2 : C9                         		db 0C9h	; I + 80H
  650/11F3 : 4D                         		db  4Dh	; code ed 4d
  651/11F4 :                            		;
  652/11F4 : 14                         		db  14h	; ed,4		; RETN
  653/11F5 : CE                         		db 0CEh	; N + 80H
  654/11F6 : 45                         		db  45h	; code ed 45
  655/11F7 :                            		;
  656/11F7 : 0B                         		db  0Bh	; cb,3		; RES bit,r
 AS V1.42 Beta [Bld 297] - Source File zeap40-as.asm - Page 12 - 8/12/2026 14:56:54


  657/11F8 : 53                         		db  53h	; S
  658/11F9 : 7A                         		db  7Ah	; bit
  659/11FA : 83                         		db  83h	; r
  660/11FB : 80                         		db  80h	; code res
  661/11FC :                            		;
  662/11FC : 02                         		db    2			; RCAL ofs
  663/11FD : 43                         		db  43h	; C
  664/11FE : 41                         		db  41h	; A
  665/11FF : 4C                         		db  4Ch	; L
  666/1200 : F8                         		db 0F8h	; ofs
  667/1201 : D7                         		db 0D7h	; code rst 10h nn
  668/1202 :                            		;
  669/1202 : 0A                         		db  0Ah	; cb,1		; RLC r
  670/1203 : 4C                         		db  4Ch	; L
  671/1204 : 43                         		db  43h	; C
  672/1205 : 83                         		db  83h	; r
  673/1206 : 00                         		db    0	; code rlc b
  674/1207 :                            		;
  675/1207 : 04                         		db    4			; RLCA
  676/1208 : C1                         		db 0C1h	; A + 80H
  677/1209 : 07                         		db    7	; code 07
  678/120A :                            		;
  679/120A : 0B                         		db  0Bh	; cb,2		; RL r
  680/120B : 83                         		db  83h	; r
  681/120C : 10                         		db  10h	; code rl b
  682/120D :                            		;
  683/120D : 03                         		db    3			; RLA
  684/120E : C1                         		db 0C1h	; A + 80H
  685/120F : 17                         		db  17h	; code 17
  686/1210 :                            		;
  687/1210 : 13                         		db  13h	; ed,3		; RLD
  688/1211 : C4                         		db 0C4h	; D + 80H
  689/1212 : 6F                         		db  6Fh	; code ed 6f
  690/1213 :                            		;
  691/1213 : 0A                         		db  0Ah	; cb,1		; RRC r
  692/1214 : 52                         		db  52h	; R
  693/1215 : 43                         		db  43h	; C
  694/1216 : 83                         		db  83h ; r
  695/1217 : 08                         		db  08h	; code rrc b
  696/1218 :                            		;
  697/1218 : 04                         		db    4			; RRCA
  698/1219 : C1                         		db 0C1h	; A + 80H
  699/121A : 0F                         		db  0Fh	; code 0f
  700/121B :                            		;
  701/121B : 0B                         		db  0Bh	; cb,2		; RR r
  702/121C : 83                         		db  83h	; r
  703/121D : 18                         		db  18h ; code rr b cb 18
  704/121E :                            		;
  705/121E : 03                         		db    3			; RRA
  706/121F : C1                         		db 0C1h	; A + 80H
  707/1220 : 1F                         		db  1Fh	; code 1f
  708/1221 :                            		;
  709/1221 : 13                         		db  13h	; ed,3		; RRD
  710/1222 : C4                         		db 0C4h	; D + 80H
  711/1223 : 67                         		db  67h	; code ed 67
  712/1224 :                            		;
  713/1224 : 02                         		db    2			; RST rst
  714/1225 : 53                         		db  53h	; S
  715/1226 : 54                         		db  54h	; T
  716/1227 : FC                         		db 0FCh ; rst
 AS V1.42 Beta [Bld 297] - Source File zeap40-as.asm - Page 13 - 8/12/2026 14:56:54


  717/1228 : C7                         		db 0C7h	; code rst 0
  718/1229 :                            		; O
  719/1229 : 01                         		db    1			; OR r
  720/122A : 4F                         		db  4Fh	; O
  721/122B : 52                         		db  52h	; R
  722/122C : 83                         		db  83h	; r
  723/122D : B0                         		db 0B0h	; code or b
  724/122E :                            		;
  725/122E : 03                         		db    3			; OR n
  726/122F : F4                         		db 0F4h	; n
  727/1230 : F6                         		db 0F6h	; code or n
  728/1231 :                            		;
  729/1231 : 83                         		db  83h	; special,3	; ORG
  730/1232 : C7                         		db 0C7h	; G + 80H
  731/1233 : 01                         		db    1 ; special code 1
  732/1234 :                            		;
  733/1234 : 02                         		db    2			; OUT (n),A
  734/1235 : 55                         		db  55h	; U
  735/1236 : 54                         		db  54h	; T
  736/1237 : 75                         		db  75h	; (n)
  737/1238 : E0                         		db 0E0h	; A
  738/1239 : D3                         		db 0D3h	; code d3 56 out (n),A
  739/123A :                            		;
  740/123A : 14                         		db  14h	; ed,4		; OUT (C),r
  741/123B : 67                         		db  67h	; (C)
  742/123C : 80                         		db  80h	; r
  743/123D : 41                         		db  41h	; code out (c),b
  744/123E :                            		;
  745/123E : 14                         		db  14h	; ed,4		; OUTI
  746/123F : C9                         		db 0C9h	; I + 80H
  747/1240 : A3                         		db 0A3h	; code ed a2
  748/1241 :                            		;
  749/1241 : 14                         		db  14h	; ed,4		; OUTD
  750/1242 : C4                         		db 0C4h	; D + 80H
  751/1243 : AB                         		db 0ABh	; code ed ab
  752/1244 :                            		;
  753/1244 : 12                         		db  12h	; ed,2		; OTIR
  754/1245 : 54                         		db  54h	; T
  755/1246 : 49                         		db  49h	; I
  756/1247 : D2                         		db 0D2h	; R + 80H
  757/1248 : B3                         		db 0B3h	; code ed b3
  758/1249 :                            		;
  759/1249 : 13                         		db  13h	; ed,3		; OTDR
  760/124A : 44                         		db  44h	; D
  761/124B : D2                         		db 0D2h	; R + 80H
  762/124C : BB                         		db 0BBh	; code ed bb
  763/124D :                            		; A
  764/124D : 01                         		db    1			; ADD A,r
  765/124E : 41                         		db  41h	; A
  766/124F : 44                         		db  44h	; D
  767/1250 : 44                         		db  44h	; D
  768/1251 : 60                         		db  60h	; reg A
  769/1252 : 83                         		db  83h	; r
  770/1253 : 80                         		db  80h	; code add a,b
  771/1254 :                            		;
  772/1254 : 05                         		db    5			; ADD A,n
  773/1255 : F4                         		db 0F4h	; n
  774/1256 : C6                         		db 0C6h ; code add a,n c6 n
  775/1257 :                            		;
  776/1257 : 04                         		db    4			; ADD HL,rr
 AS V1.42 Beta [Bld 297] - Source File zeap40-as.asm - Page 14 - 8/12/2026 14:56:54


  777/1258 : 62                         		db  62h	; HL
  778/1259 : 8C                         		db  8Ch	; rr
  779/125A : 09                         		db    9	; code add hl,bc
  780/125B :                            		;
  781/125B : 03                         		db    3			; ADC A,r
  782/125C : 43                         		db  43h	; C
  783/125D : 60                         		db  60h	; reg A
  784/125E : 83                         		db  83h	; r
  785/125F : 88                         		db  88h	; code adc a,b
  786/1260 :                            		;
  787/1260 : 05                         		db    5			; ADC A,n
  788/1261 : F4                         		db 0F4h	; n
  789/1262 : CE                         		db 0CEh	; code add a,n ce 56
  790/1263 :                            		;
  791/1263 : 14                         		db  14h	; ed,4		; ADC HL,rr
  792/1264 : 62                         		db  62h ; reg HL
  793/1265 : 8C                         		db  8Ch ; rr
  794/1266 : 4A                         		db  4Ah	; code adc hl,bc
  795/1267 :                            		;
  796/1267 : 02                         		db    2			; AND r
  797/1268 : 4E                         		db  4Eh	; N
  798/1269 : 44                         		db  44h	; D
  799/126A : 83                         		db  83h	; r
  800/126B : A0                         		db 0A0h	; code and b
  801/126C :                            		;
  802/126C : 04                         		db    4			; AND n
  803/126D : F4                         		db 0F4h	; n
  804/126E : E6                         		db 0E6h	; code and n
  805/126F :                            		; X
  806/126F : 01                         		db    1			; XOR r
  807/1270 : 58                         		db  58h	; X
  808/1271 : 4F                         		db  4Fh	; O
  809/1272 : 52                         		db  52h	; R
  810/1273 : 83                         		db  83h	; r
  811/1274 : A8                         		db 0A8h	; code xor b
  812/1275 :                            		;
  813/1275 : 04                         		db    4			; XOR n
  814/1276 : F4                         		db 0F4h	; n
  815/1277 : EE                         		db 0EEh	; code xor n
  816/1278 :                            		; B
  817/1278 : 09                         		db    9			; BIT n,r
  818/1279 : 42                         		db  42h	; B
  819/127A : 49                         		db  49h	; I
  820/127B : 54                         		db  54h	; T
  821/127C : 7A                         		db  7Ah	; bit
  822/127D : 83                         		db  83h	; r
  823/127E : 40                         		db  40h	; code bit
  824/127F :                            		; N
  825/127F : 11                         		db  11h	; ed,1		; NEG
  826/1280 : 4E                         		db  4Eh	; N
  827/1281 : 45                         		db  45h	; E
  828/1282 : C7                         		db 0C7h	; G
  829/1283 : 44                         		db  44h	; code ed 44
  830/1284 :                            		;
  831/1284 : 02                         		db    2			; NOP
  832/1285 : 4F                         		db  4Fh	; O
  833/1286 : D0                         		db 0D0h	; P
  834/1287 : 00                         		db    0	; code 00
  835/1288 :                            		; H
  836/1288 : 01                         		db    1			; HALT
 AS V1.42 Beta [Bld 297] - Source File zeap40-as.asm - Page 15 - 8/12/2026 14:56:54


  837/1289 : 48                         		db  48h	; H
  838/128A : 41                         		db  41h	; A
  839/128B : 4C                         		db  4Ch	; L
  840/128C : D4                         		db 0D4h	; T
  841/128D : 76                         		db  76h	; code 76
  842/128E :                            		;
  843/128E : 00                         		db    0			; ENDE
  844/128F :                            
  845/128F :                            ; Parsebaum Register
  846/128F : 80                         unk_428F:	db  80h
  847/1290 : 00                         		db    0
  848/1291 :                            		;
  849/1291 : 01                         		db    1			; H
  850/1292 : C8                         		db 0C8h	; H + 80h
  851/1293 : 26                         		db  26h ; token
  852/1294 :                            		;
  853/1294 : 02                         		db    2			; HL
  854/1295 : CC                         		db 0CCh	; L + 80h
  855/1296 : 62                         		db  62h
  856/1297 :                            		;
  857/1297 : 01                         		db    1			; A
  858/1298 : C1                         		db 0C1h	; A + 80h
  859/1299 : 60                         		db  60h
  860/129A :                            		;
  861/129A : 02                         		db    2			; AF
  862/129B : C6                         		db 0C6h	; F + 80h
  863/129C : 68                         		db  68h
  864/129D :                            		;
  865/129D : 01                         		db    1			; D
  866/129E : C4                         		db 0C4h	; D + 80h
  867/129F : 22                         		db  22h
  868/12A0 :                            		;
  869/12A0 : 02                         		db    2			; DE
  870/12A1 : C5                         		db 0C5h	; E + 80h
  871/12A2 : 64                         		db  64h
  872/12A3 :                            		;
  873/12A3 : 01                         		db    1			; B
  874/12A4 : C2                         		db 0C2h	; B + 80h
  875/12A5 : 20                         		db  20h
  876/12A6 :                            		;
  877/12A6 : 02                         		db    2			; BC
  878/12A7 : C3                         		db 0C3h	; C + 80h
  879/12A8 : 30                         		db  30h
  880/12A9 :                            		;
  881/12A9 : 01                         		db    1			; Z
  882/12AA : DA                         		db 0DAh	; Z + 80h
  883/12AB : 2C                         		db  2Ch
  884/12AC :                            		;
  885/12AC : 01                         		db    1			; C
  886/12AD : C3                         		db 0C3h	; C + 80h
  887/12AE : 66                         		db  66h
  888/12AF :                            		;
  889/12AF : 01                         		db    1			; NZ
  890/12B0 : 4E                         		db  4Eh	; N
  891/12B1 : DA                         		db 0DAh	; Z + 80h
  892/12B2 : 2A                         		db  2Ah
  893/12B3 :                            		;
  894/12B3 : 02                         		db    2			; NC
  895/12B4 : C3                         		db 0C3h	; C + 80h
  896/12B5 : 2E                         		db  2Eh
 AS V1.42 Beta [Bld 297] - Source File zeap40-as.asm - Page 16 - 8/12/2026 14:56:54


  897/12B6 :                            		;
  898/12B6 : 01                         		db    1			; SP
  899/12B7 : 53                         		db  53h	; S
  900/12B8 : D0                         		db 0D0h	; P + 80h
  901/12B9 : 6A                         		db  6Ah
  902/12BA :                            		;
  903/12BA : 81                         		db  81h	; special,1	; $
  904/12BB : A4                         		db 0A4h	; '$' + 80h
  905/12BC : 00                         		db    0
  906/12BD :                            		;
  907/12BD : 01                         		db    1			; E
  908/12BE : C5                         		db 0C5h	; E + 80h
  909/12BF : 24                         		db  24h
  910/12C0 :                            		;
  911/12C0 : 01                         		db    1			; L
  912/12C1 : CC                         		db 0CCh	; L + 80h
  913/12C2 : 28                         		db  28h
  914/12C3 :                            		;
  915/12C3 : 01                         		db    1			; I
  916/12C4 : C9                         		db 0C9h	; I + 80h
  917/12C5 : 6C                         		db  6Ch
  918/12C6 :                            		;
  919/12C6 : 12                         		db  12h	; dd,2		; IX
  920/12C7 : D8                         		db 0D8h	; X + 80h
  921/12C8 : 62                         		db  62h
  922/12C9 :                            		;
  923/12C9 : 32                         		db  32h	; fd,2		; IY
  924/12CA : D9                         		db 0D9h	; Y + 80h
  925/12CB : 62                         		db  62h
  926/12CC :                            		;
  927/12CC : 01                         		db    1			; M
  928/12CD : CD                         		db 0CDh	; M + 80h
  929/12CE : 38                         		db  38h
  930/12CF :                            		;
  931/12CF : 01                         		db    1			; P
  932/12D0 : D0                         		db 0D0h	; P + 80h
  933/12D1 : 36                         		db  36h
  934/12D2 :                            		;
  935/12D2 : 02                         		db    2			; PE
  936/12D3 : C5                         		db 0C5h	; E + 80h
  937/12D4 : 34                         		db  34h
  938/12D5 :                            		;
  939/12D5 : 02                         		db    2			; PO
  940/12D6 : CF                         		db 0CFh	; O + 80h
  941/12D7 : 32                         		db  32h
  942/12D8 :                            		;
  943/12D8 : 01                         		db    1			; R
  944/12D9 : D2                         		db 0D2h	; R + 80h
  945/12DA : 6E                         		db  6Eh
  946/12DB :                            		;
  947/12DB : 00                         		db    0	; ENDE
  948/12DC :                            
  949/12DC :                            ; bit modifier == pos in list (down)
  950/12DC :                            ; r 8-Bit-Register
  951/12DC : 60                         unk_42DC:	db  60h	; A	111
  952/12DD : 63                         		db  63h	; (HL)	110
  953/12DE : 28                         		db  28h	; L	101
  954/12DF : 26                         		db  26h	; H	100
  955/12E0 : 24                         		db  24h	; E	011
  956/12E1 : 22                         		db  22h	; D	010
 AS V1.42 Beta [Bld 297] - Source File zeap40-as.asm - Page 17 - 8/12/2026 14:56:54


  957/12E2 : 66                         		db  66h	; C	001
  958/12E3 : 20                         		db  20h	; B	000
  959/12E4 :                            
  960/12E4 :                            ; Sprungbedingung 1
  961/12E4 : 38                         unk_42E4:	db  38h ; M	111
  962/12E5 : 36                         		db  36h ; P	110
  963/12E6 : 34                         		db  34h ; PE	101
  964/12E7 : 32                         		db  32h ; PO	100
  965/12E8 :                            ; Sprungbedingung 2
  966/12E8 : 66                         unk_42E8:	db  66h	; C	011
  967/12E9 : 2E                         		db  2Eh ; NC	010
  968/12EA : 2C                         		db  2Ch ; Z	001
  969/12EB : 2A                         		db  2Ah ; NZ	000
  970/12EC :                            
  971/12EC :                            ; dd 16-Bit-Register
  972/12EC : 6A                         unk_42EC:	db  6Ah	; SP	11
  973/12ED : 62                         		db  62h	; HL	10
  974/12EE : 64                         		db  64h	; DE	01
  975/12EF : 30                         		db  30h	; BC	00
  976/12F0 :                            
  977/12F0 :                            ; qq  16-Bit-Register
  978/12F0 : 68                         unk_42F0:	db  68h	; AF	11
  979/12F1 : 62                         		db  62h	; HL	10
  980/12F2 : 64                         		db  64h	; DE	01
  981/12F3 : 30                         		db  30h	; BC	00
  982/12F4 :                            
  983/12F4 :                            ;---------------------------------------
  984/12F4 :                            ;Tokenklassen Register,Flags
  985/12F4 : 38                         unk_42F4:	db  38h 	; Bitpos,Anzahl
  986/12F5 : DC 12                      		dw unk_42DC	; r 8-Bit-Register
  987/12F7 : 08                         		db  08h
  988/12F8 : DC 12                      		dw unk_42DC	; r' 8-Bit-Register
  989/12FA : 38                         		db  38h	;
  990/12FB : E4 12                      		dw unk_42E4	; Sprungbedingung 1+2
  991/12FD : 34                         		db  34h	;
  992/12FE : E8 12                      		dw unk_42E8	; Sprungbedingung 2
  993/1300 : 44                         		db  44h	;
  994/1301 : EC 12                      		dw unk_42EC	; dd 16-Bit-Register
  995/1303 : 44                         		db  44h	;
  996/1304 : F0 12                      		dw unk_42F0	; qq 16-Bit-Register
  997/1306 :                            
  998/1306 :                            ;---------------------------------------
  999/1306 :                            ; Abarbeitung nächstes Token
 1000/1306 : D9                         sub_4306:	exx
 1001/1307 : E1                         		pop	hl
 1002/1308 : D1                         		pop	de
 1003/1309 : E3                         		ex	(sp), hl	; Parse-Tree (z.B. 40AA)
 1004/130A : 47                         		ld	b, a
 1005/130B : 14                         		inc	d		; next pos (?)
 1006/130C : CB 7E                      		bit	7, (hl)		; Befehlsende?
 1007/130E : 20 77                      		jr	nz, loc_4387	; ja
 1008/1310 :                            		; Tokenvergleich
 1009/1310 : 23                         loc_4310:	inc	hl		; nächstes Token aus Baum
 1010/1311 : 7E                         		ld	a, (hl)		; holen
 1011/1312 : E6 7F                      		and	7Fh 		; strip hi bit
 1012/1314 : FE 70                      		cp	70h 		; codeklasse?
 1013/1316 : 38 32                      		jr	c, loc_434A	; nein
 1014/1318 :                            		; codeklassen Token 72..7E
 1015/1318 : 4F                         		ld	c, a		; Token merken
 1016/1319 : A8                         		xor	b		; 70 (?)
 AS V1.42 Beta [Bld 297] - Source File zeap40-as.asm - Page 18 - 8/12/2026 14:56:54


 1017/131A : 0F                         		rrca
 1018/131B : FE 08                      		cp	8
 1019/131D : 30 62                      		jr	nc, loc_4381
 1020/131F : FE 05                      		cp	5
 1021/1321 : 38 73                      		jr	c, loc_4396	; <5, d.h. 72..78
 1022/1323 :                            		; 7A..7E  (5..7)
 1023/1323 : 08                         		ex	af, af'	;'
 1024/1324 : FD 7E F5                   		ld	a, (iy-0Bh)	; 55F3
 1025/1327 : B7                         		or	a
 1026/1328 : 20 1B                      		jr	nz, loc_4345
 1027/132A : 08                         		ex	af, af'	;'
 1028/132B : FE 06                      		cp	6		;
 1029/132D : FD 7E F4                   		ld	a, (iy-0Ch)	; 55F2
 1030/1330 : 38 0B                      		jr	c, loc_433D	; wenn < 6 (7A bit)
 1031/1332 : 28 0C                      		jr	z, loc_4340	; wenn = 6 (7C rst)
 1032/1334 : FE 03                      		cp	3
 1033/1336 : 3D                         		dec	a
 1034/1337 : 30 0C                      		jr	nc, loc_4345	;
 1035/1339 : 3C                         		inc	a
 1036/133A : 28 01                      		jr	z, loc_433D
 1037/133C : 3C                         		inc	a
 1038/133D :                            loc_433D:	; bei bit-Befehlen pos auf bitpos 3 schieben
 1039/133D : 07                         		rlca
 1040/133E : 07                         		rlca
 1041/133F : 07                         		rlca
 1042/1340 :                            loc_4340:	; bei rst wert direkt einfuegen
 1043/1340 : FD 77 F3                   		ld	(iy-0Dh), a	; 55F1 byte modifier
 1044/1343 : E6 C7                      		and	0C7h
 1045/1345 : C4 B5 13                   loc_4345:	call	nz, sub_43B5
 1046/1348 : 18 4F                      		jr	loc_4399	; -> Ende
 1047/134A :                            
 1048/134A :                            		; einfaches Token oder register o. flag
 1049/134A : FE 20                      loc_434A:	cp	20h 		; indiv Register o. Flag?
 1050/134C : 30 30                      		jr	nc, loc_437E	; nein
 1051/134E :                            		; register o. flag
 1052/134E : E5                         		push	hl
 1053/134F : 2A 1B 0F                   		ld	hl, (word_551B)	; unk_42F4 TokenklassenTab
 1054/1352 : 85                         		add	a, l	; HL + A
 1055/1353 : 6F                         		ld	l, a
 1056/1354 : 30 01                      		jr	nc, loc_4357
 1057/1356 : 24                         		inc	h
 1058/1357 : 78                         loc_4357:	ld	a, b
 1059/1358 : 08                         		ex	af, af'	;'
 1060/1359 : 7E                         		ld	a, (hl)		; Bitpos+Anzahl
 1061/135A : E6 0F                      		and	0Fh		; nur Anzahl
 1062/135C : 4F                         		ld	c, a		; merken
 1063/135D : 7E                         		ld	a, (hl)
 1064/135E : 08                         		ex	af, af'	;'
 1065/135F : 23                         		inc	hl
 1066/1360 : 46                         		ld	b, (hl)
 1067/1361 : 23                         		inc	hl
 1068/1362 : 66                         		ld	h, (hl)
 1069/1363 : 68                         		ld	l, b		; HL=Zeiger auf Liste
 1070/1364 : 06 00                      		ld	b, 0		; C=Anzahl
 1071/1366 : ED B1                      		cpir			; suche A in Liste
 1072/1368 : E1                         		pop	hl
 1073/1369 : 47                         		ld	b, a
 1074/136A : 20 15                      		jr	nz, loc_4381	; wenn Token nicht in Liste
 1075/136C :                            		; in Liste gefunden
 1076/136C : 08                         		ex	af, af'	;'
 AS V1.42 Beta [Bld 297] - Source File zeap40-as.asm - Page 19 - 8/12/2026 14:56:54


 1077/136D : CB 21                      loc_436D:	sla	c		; c=Pos
 1078/136F : D6 10                      		sub	10h		; verschieben auf Ziel Bitpos.
 1079/1371 : 30 FA                      		jr	nc, loc_436D
 1080/1373 : CB 39                      		srl	c		; eins zurück; fertig
 1081/1375 : FD 7E F3                   		ld	a, (iy-0Dh)	; byte modifier
 1082/1378 : B1                         		or	c		; modify
 1083/1379 : FD 77 F3                   		ld	(iy-0Dh), a	; write back
 1084/137C : 18 1B                      		jr	loc_4399	; Ende
 1085/137E :                            
 1086/137E :                            ; einfaches Token
 1087/137E : B8                         loc_437E:	cp	b		; nächstes Zeichen gleich?
 1088/137F : 28 18                      		jr	z, loc_4399	; ja -> Ende
 1089/1381 :                            ;
 1090/1381 : CB 7E                      loc_4381:	bit	7, (hl)		; Befehlsende?
 1091/1383 : 23                         		inc	hl		; weiter im Baum
 1092/1384 : 28 FB                      		jr	z, loc_4381	; nein, weiter suchen
 1093/1386 : 2B                         		dec	hl		; hl=befehlsende
 1094/1387 :                            ; Befehlsende erreicht
 1095/1387 : 23                         loc_4387:	inc	hl		; hl=codebyte
 1096/1388 : 23                         		inc	hl		; hl=nächster Eintrag im Baum
 1097/1389 : 7E                         		ld	a, (hl)		; Anzahl (und Modifier)
 1098/138A : 5F                         		ld	e, a		; merken
 1099/138B : E6 07                      		and	7		; gilt ab Pos (SollPos)
 1100/138D : BA                         		cp	d		; vergleichen mit aktueller Pos
 1101/138E : CA 10 13                   		jp	z, loc_4310	; Pos passt
 1102/1391 : 23                         		inc	hl		; weiter im Baum
 1103/1392 : 30 ED                      		jr	nc, loc_4381	; wenn akt. Pos > SollPos
 1104/1394 :                            					; dann weitersuchen
 1105/1394 : D9                         		exx
 1106/1395 : C9                         		ret
 1107/1396 :                            
 1108/1396 :                            ; Tokenklasse 72..78 (1..4)
 1109/1396 : FD 77 F2                   loc_4396:	ld	(iy-0Eh), a	; sichern
 1110/1399 :                            ; Ende Abarbeitung nächstes Token
 1111/1399 : E3                         loc_4399:	ex	(sp), hl
 1112/139A : D5                         		push	de
 1113/139B : E5                         		push	hl
 1114/139C : D9                         		exx
 1115/139D : B7                         		or	a		; set flags
 1116/139E : C9                         		ret
 1117/139F :                            
 1118/139F :                            ;---------------------------------------
 1119/139F :                            ;
 1120/139F : D9                         sub_439F:	exx
 1121/13A0 : E1                         		pop	hl
 1122/13A1 : D1                         		pop	de
 1123/13A2 : E3                         		ex	(sp), hl
 1124/13A3 : 7E                         		ld	a, (hl)
 1125/13A4 : FE 80                      		cp	80h ; 'Ç'
 1126/13A6 : 23                         		inc	hl
 1127/13A7 : 56                         		ld	d, (hl)
 1128/13A8 : D5                         		push	de
 1129/13A9 : D9                         		exx
 1130/13AA : D1                         		pop	de
 1131/13AB : 7A                         		ld	a, d
 1132/13AC : C9                         		ret
 1133/13AD :                            
 1134/13AD :                            ;---------------------------------------
 1135/13AD :                            ;
 1136/13AD : 7A                         sub_43AD:	ld	a, d
 AS V1.42 Beta [Bld 297] - Source File zeap40-as.asm - Page 20 - 8/12/2026 14:56:54


 1137/13AE : F6 7F                      		or	7Fh
 1138/13B0 : A3                         		and	e
 1139/13B1 :                            
 1140/13B1 : 07                         sub_43B1:	rlca
 1141/13B2 : 9F                         		sbc	a, a
 1142/13B3 : 92                         		sub	d
 1143/13B4 : C8                         		ret	z
 1144/13B5 :                            ;
 1145/13B5 : FD CB 00 4E                sub_43B5:	bit	1, (iy+0)
 1146/13B9 : C8                         		ret	z
 1147/13BA : FD CB F6 F6                		set	6, (iy-0Ah)
 1148/13BE : C9                         		ret
 1149/13BF :                            
 1150/13BF :                            ;---------------------------------------
 1151/13BF :                            ;
 1152/13BF : (MACRO)[0]                 nas_outch:	SCAL 6Fh		; SRLX	Send the character in the A register directly to the serial output port
 1152/13BF : DF                                 rst     18h
 1152/13C0 : 6F                                 db      6FH
 1153/13C1 : C9                         		ret
 1154/13C2 :                            
 1155/13C2 :                            ;---------------------------------------
 1156/13C2 :                            ;
 1157/13C2 : 44                         sub_43C2:	ld	b, h
 1158/13C3 : 4D                         		ld	c, l
 1159/13C4 : 2A 85 0F                   		ld	hl, (word_5585)
 1160/13C7 : B7                         		or	a
 1161/13C8 : ED 52                      		sbc	hl, de
 1162/13CA : 19                         		add	hl, de
 1163/13CB : 38 0B                      		jr	c, loc_43D8
 1164/13CD : ED 42                      		sbc	hl, bc
 1165/13CF : 30 03                      		jr	nc, loc_43D4
 1166/13D1 : B7                         		or	a
 1167/13D2 : ED 62                      		sbc	hl, hl
 1168/13D4 : 19                         loc_43D4:	add	hl, de
 1169/13D5 : 22 85 0F                   		ld	(word_5585), hl
 1170/13D8 : EB                         loc_43D8:	ex	de, hl
 1171/13D9 : CD 35 14                   		call	sub_4435	; Textende ermitteln
 1172/13DC : EB                         		ex	de, hl
 1173/13DD : B7                         		or	a
 1174/13DE : ED 42                      		sbc	hl, bc
 1175/13E0 : C5                         		push	bc
 1176/13E1 : E3                         		ex	(sp), hl
 1177/13E2 : C1                         		pop	bc
 1178/13E3 : C5                         		push	bc
 1179/13E4 : ED B0                      		ldir
 1180/13E6 : CD 42 14                   		call	sub_4442
 1181/13E9 : C1                         		pop	bc
 1182/13EA : C9                         		ret
 1183/13EB :                            
 1184/13EB :                            ;---------------------------------------
 1185/13EB :                            ; DE (BWS) dez ascii -> hex num HL
 1186/13EB : 21 00 00                   datoh:		ld	hl, 0
 1187/13EE : 1A                         datoh1:		ld	a, (de)
 1188/13EF : D6 30                      		sub	30h ; '0'
 1189/13F1 : D8                         		ret	c		; Ende,	wenn keine Dezimalziffer
 1190/13F2 : FE 0A                      		cp	0Ah ; .. '9'
 1191/13F4 : D0                         		ret	nc		; Ende,	wenn keine Dezimalziffer
 1192/13F5 : D5                         		push	de
 1193/13F6 : 54                         		ld	d, h	; HL*10
 1194/13F7 : 5D                         		ld	e, l
 AS V1.42 Beta [Bld 297] - Source File zeap40-as.asm - Page 21 - 8/12/2026 14:56:54


 1195/13F8 : 29                         		add	hl, hl		; *10
 1196/13F9 : 29                         		add	hl, hl
 1197/13FA : 19                         		add	hl, de
 1198/13FB : 29                         		add	hl, hl
 1199/13FC : 16 00                      		ld	d, 0
 1200/13FE : 5F                         		ld	e, a
 1201/13FF : 19                         		add	hl, de
 1202/1400 : D1                         		pop	de
 1203/1401 : 13                         		inc	de		; nächste Stelle (BWS)
 1204/1402 : 18 EA                      		jr	datoh1
 1205/1404 :                            
 1206/1404 :                            ;---------------------------------------
 1207/1404 :                            ; Parameter f. RENUM und INUM, Defaults 10
 1208/1404 : 2A 0C 0C                   sub_4404:	ld	hl, (ARG1)	; erste Zeile
 1209/1407 : 3A 0B 0C                   		ld	a, (ARGH)	; Number of values in input line
 1210/140A : FE 02                      		cp	2
 1211/140C : 3E 10                      		ld	a, 10h 		; Defaultwert Schrittweite 10
 1212/140E : 20 03                      		jr	nz, loc_4413
 1213/1410 : 3A 0E 0C                   		ld	a, (ARG2)	; Second value entered.
 1214/1413 : 32 84 0F                   loc_4413:	ld	(byte_5584), a	; Schrittweite
 1215/1416 : B7                         		or	a		; Schrittweite=0 ?
 1216/1417 : 3E 06                      		ld	a, 6		; Error 06 - Inkrement ist 0
 1217/1419 : CA 19 1B                   		jp	z, loc_4B19	; Fehler ausgeben
 1218/141C : 7C                         		ld	a, h
 1219/141D : B5                         		or	l		; erste Zeile <> 0?
 1220/141E : C0                         		ret	nz		; dann raus hier
 1221/141F :                            ; Nächste Zeilennummer berechnen (BCD)
 1222/141F : 3A 84 0F                   sub_441F:	ld	a, (byte_5584)	; Schrittweite
 1223/1422 : 85                         		add	a, l		; + Zeilennummer
 1224/1423 : 27                         		daa
 1225/1424 : 6F                         		ld	l, a
 1226/1425 : 7C                         		ld	a, h
 1227/1426 : CE 00                      		adc	a, 0
 1228/1428 : 27                         		daa
 1229/1429 : 67                         		ld	h, a
 1230/142A : C9                         		ret			; Cy=1 Nummer > 9999
 1231/142B :                            
 1232/142B :                            ;---------------------------------------
 1233/142B :                            ; Suche nächste Zeile
 1234/142B :                            ; suche ab HL+2 Zeilenendebyte 00. Folgt FF, dann Z=1
 1235/142B : 23                         sub_442B:	inc	hl
 1236/142C :                            
 1237/142C :                            ; f. RENUM, Suche nächste Zeile
 1238/142C :                            ; suche ab HL+1 Zeilenendebyte 00. Folgt FF, dann Z=1
 1239/142C : 23                         loc_442C:	inc	hl
 1240/142D :                            ;
 1241/142D : AF                         loc_442D:	xor	a		; 00 Zeilenende
 1242/142E : 47                         		ld	b, a
 1243/142F : 4F                         		ld	c, a
 1244/1430 : ED B1                      		cpir			; DE = Anf. neue Zeile
 1245/1432 : 3D                         		dec	a		; FF Textende
 1246/1433 : BE                         		cp	(hl)
 1247/1434 : C9                         		ret
 1248/1435 :                            
 1249/1435 :                            ;---------------------------------------
 1250/1435 :                            ; Textende ermitteln
 1251/1435 :                            ; ret DE=Anfangsdresse+Textlänge
 1252/1435 : E5                         sub_4435:		push	hl
 1253/1436 : 2A 00 0F                   		ld	hl, (BUFBEG)	; Anfangsdresse
 1254/1439 : 5E                         		ld	e, (hl)		; Textlänge
 AS V1.42 Beta [Bld 297] - Source File zeap40-as.asm - Page 22 - 8/12/2026 14:56:54


 1255/143A : 23                         		inc	hl
 1256/143B : 56                         		ld	d, (hl)
 1257/143C : 2B                         		dec	hl
 1258/143D : EB                         		ex	de, hl
 1259/143E : 19                         		add	hl, de
 1260/143F : EB                         		ex	de, hl
 1261/1440 : E1                         		pop	hl
 1262/1441 : C9                         		ret
 1263/1442 :                            
 1264/1442 :                            ;---------------------------------------
 1265/1442 :                            ;
 1266/1442 : E5                         sub_4442:	push	hl
 1267/1443 : D5                         		push	de
 1268/1444 : 2A 00 0F                   		ld	hl, (BUFBEG)	; Anfangsdresse
 1269/1447 : EB                         		ex	de, hl
 1270/1448 : B7                         		or	a
 1271/1449 : ED 52                      		sbc	hl, de
 1272/144B : EB                         		ex	de, hl
 1273/144C : 18 12                      		jr	loc_4460
 1274/144E :                            
 1275/144E :                            ;---------------------------------------
 1276/144E :                            ; freier Speicher am Ende
 1277/144E : E5                         sub_444E:	push	hl
 1278/144F : 2A 00 0F                   		ld	hl, (BUFBEG)	; Anfangsdresse
 1279/1452 : 23                         		inc	hl		; Textlänge übergehen
 1280/1453 : 23                         		inc	hl
 1281/1454 : 5E                         		ld	e, (hl)		; freier Speicher am Ende
 1282/1455 : 23                         		inc	hl
 1283/1456 : 56                         		ld	d, (hl)
 1284/1457 : E1                         		pop	hl
 1285/1458 : C9                         		ret
 1286/1459 :                            
 1287/1459 :                            ;---------------------------------------
 1288/1459 :                            ;
 1289/1459 : E5                         sub_4459:	push	hl
 1290/145A : D5                         		push	de
 1291/145B : 2A 00 0F                   		ld	hl, (BUFBEG)	; Anfangsdresse
 1292/145E : 23                         		inc	hl
 1293/145F : 23                         		inc	hl
 1294/1460 : 73                         loc_4460:	ld	(hl), e
 1295/1461 : 23                         		inc	hl
 1296/1462 : 72                         		ld	(hl), d
 1297/1463 : D1                         		pop	de
 1298/1464 : E1                         		pop	hl
 1299/1465 : C9                         		ret
 1300/1466 :                            ;---------------------------------------
 1301/1466 :                            ; Bufferende berechnen
 1302/1466 : CD 35 14                   sub_4466:	call	sub_4435	; Textende ermitteln
 1303/1469 : EB                         		ex	de, hl
 1304/146A : CD 4E 14                   		call	sub_444E	; freier Speicher am Ende
 1305/146D : 19                         		add	hl, de
 1306/146E : C9                         		ret
 1307/146F :                            
 1308/146F :                            ;---------------------------------------
 1309/146F : (MACRO)[1]                 sub_446F:	SCAL 5Fh		; MFLP	Alter the state of (turn an or off) the tape drive LED.
 1309/146F : DF                                 rst     18h
 1309/1470 : 5F                                 db      5FH
 1310/1471 : 3E FF                      loc_4471:	ld	a, 0FFh
 1311/1473 : B7                         sub_4473:	or	a
 1312/1474 : C8                         		ret	z
 AS V1.42 Beta [Bld 297] - Source File zeap40-as.asm - Page 23 - 8/12/2026 14:56:54


 1313/1475 : C5                         		push	bc
 1314/1476 : 47                         		ld	b, a
 1315/1477 : AF                         loc_4477:	xor	a
 1316/1478 : FF                         		rst	RDEL		; RDEL	  Wait for a period of time dependent on the value in the A register.
 1317/1479 : CD 08 1D                   		call	sub_4D08	; ggf. Abbruch bei Stop
 1318/147C : 10 F9                      		djnz	loc_4477
 1319/147E : C1                         		pop	bc
 1320/147F : C9                         		ret
 1321/1480 :                            
 1322/1480 :                            ;
 1323/1480 : 3E 0D                      sub_4480:	ld	a, 0Dh
 1324/1482 : CD 19 1D                   		call	sub_4D19
 1325/1485 : 3E 0A                      		ld	a, 0Ah
 1326/1487 : CD 19 1D                   		call	sub_4D19
 1327/148A : 3A 08 0F                   		ld	a, (word_5508)	; Ausgabeverzögerung Druck
 1328/148D : 18 E4                      		jr	sub_4473
 1329/148F :                            
 1330/148F :                            ;---------------------------------------
 1331/148F :                            ;
 1332/148F : 3E 20                      sub_448F:	ld	a, 20h ; ' '
 1333/1491 : 36 A0                      		ld	(hl), 0A0h ; 'á'
 1334/1493 : 2B                         		dec	hl
 1335/1494 : AE                         		xor	(hl)
 1336/1495 : E6 7F                      		and	7Fh ; ''
 1337/1497 : 28 F6                      		jr	z, sub_448F
 1338/1499 : E5                         		push	hl
 1339/149A : AF                         loc_449A:	xor	a
 1340/149B : 2B                         		dec	hl
 1341/149C : AE                         		xor	(hl)
 1342/149D : 28 09                      		jr	z, loc_44A8
 1343/149F : 3E A0                      		ld	a, 0A0h	; 'á'
 1344/14A1 : AE                         		xor	(hl)
 1345/14A2 : 20 F6                      		jr	nz, loc_449A
 1346/14A4 : 36 20                      		ld	(hl), 20h ; ' '
 1347/14A6 : 18 F2                      		jr	loc_449A
 1348/14A8 : E1                         loc_44A8:	pop	hl
 1349/14A9 : C9                         		ret
 1350/14AA :                            
 1351/14AA :                            ;---------------------------------------
 1352/14AA :                            ; Ausgabe "ZEAP Z80 Assembler"
 1353/14AA : EF                         sub_44AA:	rst	28h		; Output the string
 1354/14AB : 5A 45 41 50 20 5A 38 30 20 		db "ZEAP Z80 Assembler - ",0
      14B4 : 41 73 73 65 6D 62 6C 65 72
      14BD : 20 2D 20 00               
 1355/14C1 : C9                         locret_44C1:	ret
 1356/14C2 :                            
 1357/14C2 :                            ;---------------------------------------
 1358/14C2 :                            ;
 1359/14C2 : C5                         sub_44C2:	push	bc
 1360/14C3 : 2B                         		dec	hl
 1361/14C4 : E5                         		push	hl
 1362/14C5 : ED 5B 19 0F                		ld	de, (word_5519)	; unk_428F Parse Tree Register
 1363/14C9 : D5                         		push	de
 1364/14CA : 16 00                      		ld	d, 0
 1365/14CC : D5                         		push	de
 1366/14CD : CD 4C 16                   loc_44CD:	call	sub_464C	; nächstes Zeichen
 1367/14D0 : CB 71                      		bit	6, c
 1368/14D2 : 28 0D                      		jr	z, loc_44E1
 1369/14D4 : CD 06 13                   		call	sub_4306	; Abarbeitung nächstes Token
 1370/14D7 : 30 F4                      		jr	nc, loc_44CD
 AS V1.42 Beta [Bld 297] - Source File zeap40-as.asm - Page 24 - 8/12/2026 14:56:54


 1371/14D9 : CD 35 14                   loc_44D9:	call	sub_4435	; Textende ermitteln
 1372/14DC : 2A 89 0F                   		ld	hl, (word_5589)
 1373/14DF : 18 1C                      		jr	loc_44FD
 1374/14E1 :                            ;
 1375/14E1 : CD 9F 13                   loc_44E1:	call	sub_439F
 1376/14E4 : 38 F3                      		jr	c, loc_44D9
 1377/14E6 : CB 7B                      		bit	7, e
 1378/14E8 : 28 39                      		jr	z, loc_4523
 1379/14EA : ED 5B 0C 0F                loc_44EA:	ld	de, (word_550C)	; MC-Adr.
 1380/14EE : 18 33                      		jr	loc_4523
 1381/14F0 : CD 55 15                   loc_44F0:	call	sub_4555
 1382/14F3 : 38 0D                      		jr	c, loc_4502
 1383/14F5 : 13                         		inc	de
 1384/14F6 : 13                         		inc	de
 1385/14F7 : CD 26 15                   		call	sub_4526
 1386/14FA : 28 19                      		jr	z, loc_4515
 1387/14FC : C1                         		pop	bc
 1388/14FD : C1                         loc_44FD:	pop	bc
 1389/14FE : C5                         		push	bc
 1390/14FF : C5                         		push	bc
 1391/1500 : 18 EE                      		jr	loc_44F0
 1392/1502 :                            ;
 1393/1502 : E1                         loc_4502:	pop	hl
 1394/1503 : CD 4C 16                   loc_4503:	call	sub_464C
 1395/1506 : CB 71                      		bit	6, c
 1396/1508 : 20 F9                      		jr	nz, loc_4503
 1397/150A : 11 00 00                   loc_450A:	ld	de, 0
 1398/150D : FD CB F6 DE                		set	3, (iy-0Ah)
 1399/1511 : 37                         		scf
 1400/1512 : 9F                         		sbc	a, a
 1401/1513 : 18 0E                      		jr	loc_4523
 1402/1515 :                            
 1403/1515 : DD E5                      loc_4515:	push	ix
 1404/1517 : E3                         		ex	(sp), hl
 1405/1518 : 23                         		inc	hl
 1406/1519 : B7                         		or	a
 1407/151A : ED 52                      		sbc	hl, de
 1408/151C : E1                         		pop	hl
 1409/151D : EB                         		ex	de, hl
 1410/151E : 2B                         		dec	hl
 1411/151F : 56                         		ld	d, (hl)
 1412/1520 : 2B                         		dec	hl
 1413/1521 : 5E                         		ld	e, (hl)
 1414/1522 : E1                         		pop	hl
 1415/1523 : C1                         loc_4523:	pop	bc
 1416/1524 : C1                         		pop	bc
 1417/1525 : C9                         		ret
 1418/1526 :                            
 1419/1526 : 44                         sub_4526:	ld	b, h
 1420/1527 : 4D                         		ld	c, l
 1421/1528 : E1                         		pop	hl
 1422/1529 : E3                         		ex	(sp), hl
 1423/152A : C5                         		push	bc
 1424/152B : E3                         		ex	(sp), hl
 1425/152C : E3                         loc_452C:	ex	(sp), hl
 1426/152D : CD 4C 16                   		call	sub_464C
 1427/1530 : E3                         		ex	(sp), hl
 1428/1531 : CB 71                      		bit	6, c
 1429/1533 : 28 10                      		jr	z, loc_4545
 1430/1535 : 23                         		inc	hl
 AS V1.42 Beta [Bld 297] - Source File zeap40-as.asm - Page 25 - 8/12/2026 14:56:54


 1431/1536 : BE                         		cp	(hl)
 1432/1537 : 28 F3                      		jr	z, loc_452C
 1433/1539 : F5                         		push	af
 1434/153A : CD 4D 16                   		call	loc_464D
 1435/153D : F1                         		pop	af
 1436/153E : CB 71                      		bit	6, c
 1437/1540 : 20 0C                      		jr	nz, loc_454E
 1438/1542 : B1                         		or	c
 1439/1543 : 18 09                      		jr	loc_454E
 1440/1545 : CD 4C 16                   loc_4545:	call	sub_464C
 1441/1548 : AF                         		xor	a
 1442/1549 : CB 71                      		bit	6, c
 1443/154B : 28 01                      		jr	z, loc_454E
 1444/154D : 91                         		sub	c
 1445/154E : E3                         loc_454E:	ex	(sp), hl
 1446/154F : C1                         		pop	bc
 1447/1550 : E3                         		ex	(sp), hl
 1448/1551 : E5                         		push	hl
 1449/1552 : 60                         		ld	h, b
 1450/1553 : 69                         		ld	l, c
 1451/1554 : C9                         		ret
 1452/1555 :                            ;
 1453/1555 : CD 2D 14                   sub_4555:	call	loc_442D		; Suche nächste Zeile
 1454/1558 : D5                         		push	de
 1455/1559 : CD 38 16                   		call	sub_4638		; Suche nächste Zeile
 1456/155C : D1                         		pop	de
 1457/155D : D8                         		ret	c			; wenn Bereichsüberschreitung
 1458/155E : 23                         		inc	hl
 1459/155F : CD 4C 16                   		call	sub_464C
 1460/1562 : 30 F1                      		jr	nc, sub_4555
 1461/1564 : 2B                         		dec	hl
 1462/1565 : B7                         		or	a
 1463/1566 : C9                         		ret
 1464/1567 :                            
 1465/1567 :                            ;---------------------------------------
 1466/1567 :                            ; Ausgabe Symboltabelle
 1467/1567 : CD 9C 1C                   sub_4567:	call	sub_4C9C
 1468/156A : CD AA 14                   		call	sub_44AA
 1469/156D : EF                         		rst	28h		; Output the string
 1470/156E : 53 79 6D 62 6F 6C 20 54 61 		db "Symbol Table",0
      1577 : 62 6C 65 00               
 1471/157B : CD 9C 1C                   		call	sub_4C9C
 1472/157E : CD 9C 1C                   		call	sub_4C9C
 1473/1581 : 11 A4 10                   		ld	de, unk_40A4
 1474/1584 : 21 9D 10                   loc_4584:	ld	hl, aZzzzzz	; "=ZZZZZZ"
 1475/1587 : E5                         		push	hl
 1476/1588 : E5                         		push	hl
 1477/1589 : 2A 89 0F                   		ld	hl, (word_5589)
 1478/158C : CD 55 15                   loc_458C:	call	sub_4555
 1479/158F : 38 18                      		jr	c, loc_45A9
 1480/1591 : E5                         		push	hl
 1481/1592 : D5                         		push	de
 1482/1593 : CD 26 15                   		call	sub_4526
 1483/1596 : C1                         		pop	bc
 1484/1597 : C1                         		pop	bc
 1485/1598 : 30 F2                      		jr	nc, loc_458C
 1486/159A : E1                         		pop	hl
 1487/159B : E5                         		push	hl
 1488/159C : C5                         		push	bc
 1489/159D : C5                         		push	bc
 AS V1.42 Beta [Bld 297] - Source File zeap40-as.asm - Page 26 - 8/12/2026 14:56:54


 1490/159E : CD 26 15                   		call	sub_4526
 1491/15A1 : E1                         		pop	hl
 1492/15A2 : C1                         		pop	bc
 1493/15A3 : 30 E7                      		jr	nc, loc_458C
 1494/15A5 : F1                         		pop	af
 1495/15A6 : C5                         		push	bc
 1496/15A7 : 18 E3                      		jr	loc_458C
 1497/15A9 : E1                         loc_45A9:	pop	hl
 1498/15AA : C1                         		pop	bc
 1499/15AB : B7                         		or	a
 1500/15AC : ED 42                      		sbc	hl, bc
 1501/15AE : 09                         		add	hl, bc
 1502/15AF : CA 9C 1C                   		jp	z, sub_4C9C
 1503/15B2 : E5                         		push	hl
 1504/15B3 : E5                         		push	hl
 1505/15B4 : 23                         		inc	hl
 1506/15B5 : CD C2 14                   		call	sub_44C2
 1507/15B8 : E1                         		pop	hl
 1508/15B9 : 28 20                      		jr	z, loc_45DB
 1509/15BB : E5                         		push	hl
 1510/15BC : EB                         		ex	de, hl
 1511/15BD : (MACRO)[2]                 		SCAL 66h		; TBCD3	Output the value in the HL register in ASCII, followed by a space.
 1511/15BD : DF                                 rst     18h
 1511/15BE : 66                                 db      66H
 1512/15BF : EF                         		rst	28h		; Output the string
 1513/15C0 : 08 48 20 00                		db 8,"H ",0
 1514/15C4 : E1                         loc_45C4:	pop	hl
 1515/15C5 : 2B                         		dec	hl
 1516/15C6 : CD 0C 16                   		call	sub_460C
 1517/15C9 : 06 07                      loc_45C9:	ld	b, 7
 1518/15CB : CD 82 16                   		call	sub_4682
 1519/15CE : 21 5E F4                   		ld	hl, -0BA2h	; -bws()
 1520/15D1 : 19                         		add	hl, de
 1521/15D2 : 11 A2 0B                   		ld	de, 0BA2h
 1522/15D5 : D4 21 16                   		call	nc, setcu
 1523/15D8 : DC 9C 1C                   		call	c, sub_4C9C
 1524/15DB : D1                         loc_45DB:	pop	de
 1525/15DC : 18 A6                      		jr	loc_4584
 1526/15DE :                            
 1527/15DE :                            ;---------------------------------------
 1528/15DE :                            ; suche Zeile ARG1
 1529/15DE :                            ; ret HL = Zeilenanfang
 1530/15DE : 2A 00 0F                   sub_45DE:	ld	hl, (BUFBEG)	; edit buffer
 1531/15E1 : 23                         		inc	hl
 1532/15E2 : 23                         		inc	hl
 1533/15E3 : CD 2B 14                   loc_45E3:	call	sub_442B	; Suche nächste Zeile
 1534/15E6 : C8                         		ret	z		; Textende erreicht
 1535/15E7 : 5E                         		ld	e, (hl)
 1536/15E8 : 23                         		inc	hl
 1537/15E9 : 56                         		ld	d, (hl)		; DE=Zeilennummer
 1538/15EA : 2B                         		dec	hl
 1539/15EB : E5                         		push	hl		; Zeilenanfang
 1540/15EC : 21 8F 18                   		ld	hl, unk_488F
 1541/15EF : 7E                         		ld	a, (hl)
 1542/15F0 : 34                         		inc	(hl)
 1543/15F1 : BE                         		cp	(hl)
 1544/15F2 : 00                         		nop
 1545/15F3 : 35                         		dec	(hl)
 1546/15F4 : 2A 0C 0C                   		ld	hl, (ARG1)	; wird ARG1 überschritten?
 1547/15F7 : B7                         		or	a
 AS V1.42 Beta [Bld 297] - Source File zeap40-as.asm - Page 27 - 8/12/2026 14:56:54


 1548/15F8 : ED 52                      		sbc	hl, de
 1549/15FA : E1                         		pop	hl
 1550/15FB : 3F                         		ccf
 1551/15FC : D0                         		ret	nc		; schon größer
 1552/15FD : C8                         		ret	z		; gefunden
 1553/15FE : 18 E3                      		jr	loc_45E3
 1554/1600 :                            
 1555/1600 :                            ;---------------------------------------
 1556/1600 :                            ;
 1557/1600 : 23                         sub_4600:	inc	hl
 1558/1601 : B7                         		or	a
 1559/1602 : 3E A0                      		ld	a, 0A0h	; 'á'
 1560/1604 : 12                         		ld	(de), a
 1561/1605 : C8                         		ret	z
 1562/1606 : 2B                         		dec	hl
 1563/1607 : CD 49 16                   		call	sub_4649
 1564/160A : 18 F4                      		jr	sub_4600
 1565/160C :                            
 1566/160C :                            ;---------------------------------------
 1567/160C :                            ; Ausgabe Zeilennummer
 1568/160C : CD 38 16                   sub_460C:	call	sub_4638	; ret DE=Zeilennummer
 1569/160F : D8                         		ret	c		; wenn Bereichsüberschreitung
 1570/1610 : E5                         		push	hl		; Zeilenanfang
 1571/1611 : EB                         		ex	de, hl		; HL=Zeilennummer
 1572/1612 : (MACRO)[3]                 		SCAL 66h		; TBCD3	Output the value in the HL register in ASCII, followed by a space.
 1572/1612 : DF                                 rst     18h
 1572/1613 : 66                                 db      66H
 1573/1614 : 22 12 0F                   		ld	(word_5512), hl	; Zeilennummer merken
 1574/1617 : E1                         		pop	hl		; Zeilenanfang
 1575/1618 : 23                         		inc	hl
 1576/1619 : CD 4C 16                   		call	sub_464C
 1577/161C : CB 7F                      		bit	7, a
 1578/161E :                            ; set cursor bws()
 1579/161E : 11 8B 0F                   sub_461E:	ld	de, 0F8Bh
 1580/1621 :                            ;---------------------------------------
 1581/1621 :                            ; set cursor
 1582/1621 :                            ; ret de=alte Cursorposition
 1583/1621 : E5                         setcu:		push	hl
 1584/1622 : 2A 29 0C                   		ld	hl, (CURSOR)	; Position of the cursor.
 1585/1625 : EB                         		ex	de, hl
 1586/1626 : 22 29 0C                   		ld	(CURSOR), hl	; Position of the cursor.
 1587/1629 : E1                         		pop	hl
 1588/162A : C9                         		ret
 1589/162B :                            
 1590/162B :                            ;---------------------------------------
 1591/162B :                            ;die letzten beiden BWS-Zeilen leeren
 1592/162B : 11 FA 0B                   sub_462B:	ld	de, 0BFAh
 1593/162E : 06 70                      		ld	b, 70h
 1594/1630 :                            ; ab DE Bx Leerzeichen
 1595/1630 : 3E 20                      sub_4630:	ld	a, ' '
 1596/1632 : 1B                         loc_4632:	dec	de
 1597/1633 : 12                         		ld	(de), a
 1598/1634 : 10 FC                      		djnz	loc_4632
 1599/1636 : 18 E9                      		jr	setcu
 1600/1638 :                            
 1601/1638 :                            ; Zeilennummer holen
 1602/1638 :                            ; ret DE=Nummer, Cy=1 bei Ende oder Bereichsüberschreitung
 1603/1638 : 7E                         sub_4638:	ld	a, (hl)
 1604/1639 : C6 01                      		add	a, 1
 1605/163B : 9F                         		sbc	a, a
 AS V1.42 Beta [Bld 297] - Source File zeap40-as.asm - Page 28 - 8/12/2026 14:56:54


 1606/163C : D8                         		ret	c
 1607/163D : 5E                         		ld	e, (hl)
 1608/163E : 23                         		inc	hl
 1609/163F : 56                         		ld	d, (hl)
 1610/1640 : 2B                         		dec	hl
 1611/1641 : E5                         		push	hl
 1612/1642 : 2A 0E 0C                   		ld	hl, (ARG2)	; Second value entered.
 1613/1645 : ED 52                      		sbc	hl, de
 1614/1647 : E1                         		pop	hl
 1615/1648 : C9                         		ret
 1616/1649 :                            
 1617/1649 :                            ;---------------------------------------
 1618/1649 :                            ; Zeichen (HL) ausgeben
 1619/1649 : 7E                         sub_4649:	ld	a, (hl)
 1620/164A : 12                         		ld	(de), a		; schreiben in BWS
 1621/164B : 13                         		inc	de		; Cursor weiter
 1622/164C :                            ;
 1623/164C : 23                         sub_464C:	inc	hl
 1624/164D :                            
 1625/164D :                            ;---------------------------------------
 1626/164D :                            ;ret: C = Zeichenklasse
 1627/164D :                            ;	C0: A..Z
 1628/164D :                            ;	E0: 0..9
 1629/164D :                            ;	98: 0A0h ; Ende-Marker
 1630/164D :                            ;	Spezialzeichen s. unk_551D
 1631/164D :                            ; 	bit 6=1 bei ..
 1632/164D :                            ; 	bit 4=1 bei Kommentar, Zeilenende oder Ende-Marker
 1633/164D :                            ;	bit 0=1 bei Trenner (Leerzeichen, Komma)
 1634/164D : 7E                         loc_464D:	ld	a, (hl)
 1635/164E : FE 30                      		cp	30h ; '0'
 1636/1650 : 38 13                      		jr	c, loc_4665	; < 30h
 1637/1652 : FE 41                      		cp	41h ; 'A'
 1638/1654 : 38 0A                      		jr	c, loc_4660	; '0'..'@'
 1639/1656 : 0E C0                      		ld	c, 0C0h
 1640/1658 : FE 5B                      		cp	5Bh ; '['	; 'A'..'Z'
 1641/165A : D8                         		ret	c
 1642/165B : 0E 98                      		ld	c, 98h ; 'ÿ'
 1643/165D : FE A0                      		cp	0A0h 		; Ende-Marker
 1644/165F : C8                         		ret	z
 1645/1660 : 0E E0                      loc_4660:	ld	c, 0E0h
 1646/1662 : FE 3A                      		cp	3Ah ; ':'	; '0'..'9'
 1647/1664 : D8                         		ret	c
 1648/1665 :                            
 1649/1665 :                            ;---------------------------------------
 1650/1665 :                            ;
 1651/1665 : E5                         loc_4665:	push	hl
 1652/1666 : E6 7F                      		and	7Fh
 1653/1668 : 32 2D 0F                   		ld	(unk_552D), a	; Zeichen auch in Tabelle eintragen
 1654/166B :                            					; damit die Fkt. determiniert
 1655/166B : 21 1D 0F                   		ld	hl, unk_551D	; Tabelle Zeichenklassen Spezialzeichen
 1656/166E : 4E                         loc_466E:	ld	c, (hl)		; Zeichenklasse
 1657/166F : 23                         loc_466F:	inc	hl
 1658/1670 : CB 7E                      		bit	7, (hl)
 1659/1672 : 20 FA                      		jr	nz, loc_466E
 1660/1674 : BE                         		cp	(hl)		; Vgl. Zeichen
 1661/1675 : 20 F8                      		jr	nz, loc_466F
 1662/1677 : E1                         		pop	hl
 1663/1678 : CB 61                      		bit	4, c		; bei Kommentar, Zeilenende oder Ende-Marker
 1664/167A : C0                         		ret	nz
 1665/167B : 37                         		scf			; Cy=1,wenn Bit4=0
 AS V1.42 Beta [Bld 297] - Source File zeap40-as.asm - Page 29 - 8/12/2026 14:56:54


 1666/167C : C9                         		ret
 1667/167D :                            
 1668/167D :                            ;---------------------------------------
 1669/167D :                            ;
 1670/167D : CB 59                      sub_467D:	bit	3, c
 1671/167F : C0                         		ret	nz
 1672/1680 : 06 05                      		ld	b, 5
 1673/1682 :                            ;
 1674/1682 :                            ; in B = Anz. Zeichen
 1675/1682 : CB 61                      sub_4682:	bit	4, c		; Kommentar, Zeilenende oder Ende-Marker?
 1676/1684 : 20 07                      		jr	nz, loc_468D	; ja
 1677/1686 : CD 49 16                   		call	sub_4649	; Zeichen (HL) ausgeben
 1678/1689 : 10 F7                      		djnz	sub_4682
 1679/168B : 04                         		inc	b		; B=1
 1680/168C : C9                         		ret
 1681/168D :                            ;
 1682/168D : 13                         loc_468D:	inc	de		; cupos
 1683/168E : 10 FD                      		djnz	loc_468D
 1684/1690 : CD 4D 16                   loc_4690:	call	loc_464D	; Zeichenklasse ermitteln
 1685/1693 : CB 41                      sub_4693:	bit	0, c		; Trenner (Leerzeichen, Komma) ?
 1686/1695 : C8                         		ret	z		; nein
 1687/1696 : CD 4C 16                   		call	sub_464C
 1688/1699 : 18 F8                      		jr	sub_4693
 1689/169B :                            
 1690/169B :                            ;---------------------------------------
 1691/169B :                            ; Ausgabe HL, wenn <> FFFF
 1692/169B :                            ; in DE=cupos
 1693/169B : 7C                         sub_469B:	ld	a, h
 1694/169C : A5                         		and	l
 1695/169D : 3C                         		inc	a
 1696/169E : C8                         		ret	z
 1697/169F : CD 21 16                   		call	setcu
 1698/16A2 : (MACRO)[4]                 		SCAL 66h		; TBCD3	Output the value in the HL register in ASCII, followed by a space.
 1698/16A2 : DF                                 rst     18h
 1698/16A3 : 66                                 db      66H
 1699/16A4 : C9                         		ret
 1700/16A5 :                            
 1701/16A5 :                            ;---------------------------------------
 1702/16A5 :                            ;
 1703/16A5 : 06 00                      sub_46A5:	ld	b, 0
 1704/16A7 : E5                         sub_46A7:	push	hl
 1705/16A8 : FD 66 F6                   		ld	h, (iy-0Ah)
 1706/16AB : 2E 70                      		ld	l, 70h ; 'p'
 1707/16AD : E3                         		ex	(sp), hl	; Wert auf Stack, HL restaurieren
 1708/16AE : 11 00 00                   		ld	de, 0
 1709/16B1 : CD 4D 16                   		call	loc_464D	; Zeichenklasse ermitteln
 1710/16B4 : FE 28                      		cp	28h ; '('
 1711/16B6 : 20 2E                      		jr	nz, loc_46E6
 1712/16B8 : E3                         		ex	(sp), hl
 1713/16B9 : CB 54                      		bit	2, h
 1714/16BB : 20 78                      		jr	nz, loc_4735
 1715/16BD : CB D4                      		set	2, h
 1716/16BF : 2C                         		inc	l
 1717/16C0 :                            ; nächsten Parameter bearbeiten
 1718/16C0 : CB 98                      loc_46C0:	res	3, b
 1719/16C2 : E3                         loc_46C2:	ex	(sp), hl
 1720/16C3 : CD 4C 16                   		call	sub_464C
 1721/16C6 : 38 1E                      		jr	c, loc_46E6
 1722/16C8 : E3                         		ex	(sp), hl
 1723/16C9 : FD 74 F6                   		ld	(iy-0Ah), h
 AS V1.42 Beta [Bld 297] - Source File zeap40-as.asm - Page 30 - 8/12/2026 14:56:54


 1724/16CC : CB 60                      		bit	4, b
 1725/16CE : 20 0A                      		jr	nz, loc_46DA
 1726/16D0 : CB 48                      		bit	1, b
 1727/16D2 : 20 0D                      		jr	nz, loc_46E1
 1728/16D4 : ED 53 F2 0F                		ld	(word_55F2), de
 1729/16D8 : 18 07                      		jr	loc_46E1
 1730/16DA : 7B                         loc_46DA:	ld	a, e
 1731/16DB : CD B1 13                   		call	sub_43B1
 1732/16DE : FD 73 F7                   		ld	(iy-9), e
 1733/16E1 : 45                         loc_46E1:	ld	b, l
 1734/16E2 : E1                         		pop	hl
 1735/16E3 : C3 90 16                   		jp	loc_4690
 1736/16E6 :                            ;
 1737/16E6 : ED 53 82 0F                loc_46E6:	ld	(word_5582), de
 1738/16EA : CB 69                      		bit	5, c		; Zeichenklasse
 1739/16EC : 28 38                      		jr	z, loc_4726
 1740/16EE : FE 22                      		cp	22h ; '"'
 1741/16F0 : 20 0F                      		jr	nz, loc_4701
 1742/16F2 : CD 4C 16                   		call	sub_464C
 1743/16F5 : 16 00                      		ld	d, 0
 1744/16F7 : 5F                         		ld	e, a
 1745/16F8 : FE A0                      		cp	0A0h ; 'á'
 1746/16FA : 20 27                      		jr	nz, loc_4723
 1747/16FC : 1E 20                      		ld	e, 20h ; ' '
 1748/16FE : 2B                         		dec	hl
 1749/16FF : 18 22                      		jr	loc_4723
 1750/1701 : EB                         loc_4701:	ex	de, hl
 1751/1702 : FE 23                      		cp	23h ; '#'
 1752/1704 : 28 15                      		jr	z, loc_471B
 1753/1706 : D5                         		push	de
 1754/1707 : (MACRO)[5]                 		SCAL 64h		; NUM
 1754/1707 : DF                                 rst     18h
 1754/1708 : 64                                 db      64H
 1755/1709 :                            					; Examine an input line	and convert a hexadecimal value	from ASCII to binary
 1756/1709 : 1A                         		ld	a, (de)		; Zeichen nach Ziffern
 1757/170A : FE 48                      		cp	'H'		; folgt suffix 'H'?
 1758/170C : 20 07                      		jr	nz, loc_4715	; nein, dezimal
 1759/170E : E1                         		pop	hl
 1760/170F : 2A 21 0C                   		ld	hl, (NUMV)	; Value	returned by routine NUM.
 1761/1712 : 13                         		inc	de		; nächstes Zeichen (BWS)
 1762/1713 : 18 0C                      		jr	loc_4721
 1763/1715 : D1                         loc_4715:	pop	de
 1764/1716 : CD EB 13                   		call	datoh		; DE dez ascii -> hex num HL
 1765/1719 : 18 06                      		jr	loc_4721
 1766/171B : 13                         loc_471B:	inc	de
 1767/171C : (MACRO)[6]                 		SCAL 64h		; NUM
 1767/171C : DF                                 rst     18h
 1767/171D : 64                                 db      64H
 1768/171E :                            					; Examine an input line	and convert a hexadecimal value	from ASCII to binary
 1769/171E : 2A 21 0C                   		ld	hl, (NUMV)	; Value	returned by routine NUM.
 1770/1721 : EB                         loc_4721:	ex	de, hl		; DE=num. Parameter
 1771/1722 : 2B                         		dec	hl		; vorheriges Zeichen (BWS)
 1772/1723 : E3                         loc_4723:	ex	(sp), hl
 1773/1724 : 18 58                      		jr	loc_477E
 1774/1726 : CB 71                      loc_4726:	bit	6, c
 1775/1728 : 28 74                      		jr	z, loc_479E
 1776/172A : CD C2 14                   		call	sub_44C2
 1777/172D : 2B                         		dec	hl
 1778/172E : E3                         		ex	(sp), hl
 1779/172F : 20 3E                      		jr	nz, loc_476F
 AS V1.42 Beta [Bld 297] - Source File zeap40-as.asm - Page 31 - 8/12/2026 14:56:54


 1780/1731 : CB 48                      		bit	1, b
 1781/1733 : 3E 24                      		ld	a, 24h  	; Error 24 - zu viele Register
 1782/1735 : 20 75                      loc_4735:	jr	nz, loc_47AC	; Fehler ausgeben
 1783/1737 : CB 50                      		bit	2, b
 1784/1739 : 20 71                      		jr	nz, loc_47AC	; Fehler ausgeben
 1785/173B : CB C8                      		set	1, b
 1786/173D : 7A                         		ld	a, d
 1787/173E : FE 62                      		cp	62h ; 'b'
 1788/1740 : 20 21                      		jr	nz, loc_4763
 1789/1742 : 7B                         		ld	a, e
 1790/1743 : E6 30                      		and	30h ; '0'
 1791/1745 : F5                         		push	af
 1792/1746 : B0                         		or	b
 1793/1747 : 47                         		ld	b, a
 1794/1748 : 0F                         		rrca
 1795/1749 : 0F                         		rrca
 1796/174A : 0F                         		rrca
 1797/174B : 0F                         		rrca
 1798/174C : A5                         		and	l
 1799/174D : E6 01                      		and	1
 1800/174F : B4                         		or	h
 1801/1750 : 67                         		ld	h, a
 1802/1751 : F1                         		pop	af
 1803/1752 : CB 7C                      		bit	7, h
 1804/1754 : 20 06                      		jr	nz, loc_475C
 1805/1756 : CB FC                      		set	7, h
 1806/1758 : B4                         		or	h
 1807/1759 : 67                         		ld	h, a
 1808/175A : 18 07                      		jr	loc_4763
 1809/175C :                            
 1810/175C : AC                         loc_475C:	xor	h
 1811/175D : E6 30                      		and	30h ; '0'
 1812/175F : 3E 25                      		ld	a, 25h		; Error 25 - unzulässige Operandenkombination
 1813/1761 : 20 49                      		jr	nz, loc_47AC	; Fehler ausgeben
 1814/1763 : 7D                         loc_4763:	ld	a, l
 1815/1764 : E6 01                      		and	1
 1816/1766 : B2                         		or	d
 1817/1767 : 6F                         		ld	l, a
 1818/1768 : ED 5B 82 0F                		ld	de, (word_5582)
 1819/176C : C3 C0 16                   loc_476C:	jp	loc_46C0
 1820/176F :                            
 1821/176F : 30 0D                      loc_476F:	jr	nc, loc_477E
 1822/1771 : FD 7E F6                   		ld	a, (iy-0Ah)
 1823/1774 : E6 08                      		and	8
 1824/1776 : B4                         		or	h
 1825/1777 : 67                         		ld	h, a
 1826/1778 : CB 40                      		bit	0, b
 1827/177A : 3E 41                      		ld	a, 41h 		; Error 41 - illegale Vorwärtsreferenz
 1828/177C : 20 2E                      		jr	nz, loc_47AC	; Fehler ausgeben
 1829/177E : E5                         loc_477E:	push	hl
 1830/177F : CB 58                      		bit	3, b
 1831/1781 : 2A 82 0F                   		ld	hl, (word_5582)
 1832/1784 : 20 03                      		jr	nz, loc_4789
 1833/1786 : 19                         		add	hl, de
 1834/1787 : 18 03                      		jr	loc_478C
 1835/1789 :                            
 1836/1789 : B7                         loc_4789:	or	a
 1837/178A : ED 52                      		sbc	hl, de
 1838/178C : EB                         loc_478C:	ex	de, hl
 1839/178D : E1                         		pop	hl
 AS V1.42 Beta [Bld 297] - Source File zeap40-as.asm - Page 32 - 8/12/2026 14:56:54


 1840/178E : CB 48                      		bit	1, b
 1841/1790 : 28 DA                      		jr	z, loc_476C
 1842/1792 : CB 60                      		bit	4, b
 1843/1794 : 3E 27                      		ld	a, 27h  	; Error 27 - illegaler Operand
 1844/1796 : 28 14                      		jr	z, loc_47AC	; Fehler ausgeben
 1845/1798 : CB 45                      		bit	0, l
 1846/179A : 28 10                      		jr	z, loc_47AC	; Fehler ausgeben
 1847/179C : 18 CE                      		jr	loc_476C
 1848/179E :                            
 1849/179E : CB D8                      loc_479E:	set	3, b
 1850/17A0 : E3                         		ex	(sp), hl
 1851/17A1 : FE 2D                      		cp	2Dh ; '-'
 1852/17A3 : CA C2 16                   		jp	z, loc_46C2
 1853/17A6 : CB 49                      		bit	1, c
 1854/17A8 : 20 C2                      		jr	nz, loc_476C
 1855/17AA : 3E 26                      		ld	a, 26h 		; Error 26 - illegales Zeichen
 1856/17AC :                            ; Fehler ausgeben (fwd)
 1857/17AC : C3 19 1B                   loc_47AC:	jp	loc_4B19	; Fehler ausgeben
 1858/17AF :                            
 1859/17AF :                            ;---------------------------------------
 1860/17AF :                            ; Ausgabe MC
 1861/17AF : D9                         sub_47AF:	exx
 1862/17B0 : 2A 0C 0F                   		ld	hl, (word_550C)
 1863/17B3 : FD CB 00 4E                		bit	1, (iy+0)
 1864/17B7 : CA 4C 18                   		jp	z, loc_484C
 1865/17BA : FD CB 01 5E                		bit	3, (iy+1)
 1866/17BE : 28 32                      		jr	z, loc_47F2
 1867/17C0 : ED 4B 7C 0F                		ld	bc, (word_557C)
 1868/17C4 : ED 5B 7E 0F                		ld	de, (word_557E)
 1869/17C8 : FD CB 00 5E                loc_47C8:	bit	3, (iy+0)
 1870/17CC : 28 03                      		jr	z, loc_47D1
 1871/17CE : 10 18                      		djnz	loc_47E8
 1872/17D0 : 04                         		inc	b
 1873/17D1 : FD CB 01 5E                loc_47D1:	bit	3, (iy+1)
 1874/17D5 : CD 57 18                   		call	sub_4857
 1875/17D8 : 41                         		ld	b, c
 1876/17D9 : 11 2F 0F                   		ld	de, 0F2Fh
 1877/17DC : 2A 0C 0F                   		ld	hl, (word_550C)
 1878/17DF : 22 80 0F                   		ld	(word_5580), hl
 1879/17E2 : FD CB 00 DE                		set	3, (iy+0)
 1880/17E6 : 18 E0                      		jr	loc_47C8
 1881/17E8 : 12                         loc_47E8:	ld	(de), a
 1882/17E9 : 13                         		inc	de
 1883/17EA : ED 43 7C 0F                		ld	(word_557C), bc
 1884/17EE : ED 53 7E 0F                		ld	(word_557E), de
 1885/17F2 :                            
 1886/17F2 :                            ;---------------------------------------
 1887/17F2 :                            ; UP zu sub_47AF
 1888/17F2 : 2A 0C 0F                   loc_47F2:	ld	hl, (word_550C)	; MC-Adr.
 1889/17F5 : E5                         		push	hl
 1890/17F6 : FD CB 01 4E                		bit	1, (iy+1)	; Assembleroptionen
 1891/17FA :                            					; "MC in Speicher laden"
 1892/17FA : 28 2B                      		jr	z, loc_4827	; nein
 1893/17FC : ED 5B 0A 0F                		ld	de, (mc_ofs)	; offset for code generation
 1894/1800 : 19                         		add	hl, de
 1895/1801 : FD CB 00 76                		bit	6, (iy+0)
 1896/1805 : 20 20                      		jr	nz, loc_4827
 1897/1807 : 01 00 0F                   		ld	bc, 0F00h	; Bereich F00..1000
 1898/180A : 11 00 10                   		ld	de, 1000h
 1899/180D : CD DE 18                   		call	sub_48DE	; testen
 AS V1.42 Beta [Bld 297] - Source File zeap40-as.asm - Page 33 - 8/12/2026 14:56:54


 1900/1810 : 01 00 10                   		ld	bc, 1000h	; Bereich 1000..2000
 1901/1813 : 11 00 20                   		ld	de, 2000h
 1902/1816 : CD DE 18                   		call	sub_48DE	; testen
 1903/1819 : ED 4B 00 0F                		ld	bc, (BUFBEG)	; Anfangsdresse
 1904/181D : E5                         		push	hl
 1905/181E : CD 66 14                   		call	sub_4466	; Bufferende
 1906/1821 : EB                         		ex	de, hl
 1907/1822 : E1                         		pop	hl
 1908/1823 : CD DE 18                   		call	sub_48DE	; testen
 1909/1826 : 77                         		ld	(hl), a		; Code in Speicher schreiben
 1910/1827 : FD CB 00 46                loc_4827:	bit	0, (iy+0)
 1911/182B : 20 1E                      		jr	nz, loc_484B
 1912/182D : 2A 29 0C                   		ld	hl, (CURSOR)	; Position of the cursor.
 1913/1830 : 11 69 F4                   		ld	de, 0F469h
 1914/1833 : 19                         		add	hl, de
 1915/1834 : 30 13                      		jr	nc, loc_4849
 1916/1836 : F5                         		push	af
 1917/1837 : CD 9C 1C                   		call	sub_4C9C
 1918/183A : 11 D0 0B                   		ld	de, 0BD0h
 1919/183D : 06 46                      		ld	b, 46h ; 'F'
 1920/183F : CD 30 16                   		call	sub_4630
 1921/1842 : 11 8F 0B                   		ld	de, 0B8Fh
 1922/1845 : CD 21 16                   		call	setcu
 1923/1848 : F1                         		pop	af
 1924/1849 : (MACRO)[7]                 loc_4849:	SCAL 68h		; SPACE	Output a space.
 1924/1849 : DF                                 rst     18h
 1924/184A : 68                                 db      68H
 1925/184B : E1                         loc_484B:	pop	hl
 1926/184C :                            ; Byte eintragen
 1927/184C : 23                         loc_484C:	inc	hl
 1928/184D : 22 0C 0F                   		ld	(word_550C), hl	; MC-Adr.
 1929/1850 : D9                         		exx
 1930/1851 : C9                         		ret
 1931/1852 : ED 4B 7C 0F                sub_4852:	ld	bc, (word_557C)
 1932/1856 : BF                         		cp	a
 1933/1857 : C5                         sub_4857:	push	bc
 1934/1858 : F5                         		push	af
 1935/1859 : 79                         		ld	a, c
 1936/185A : 90                         		sub	b
 1937/185B : CA DB 18                   		jp	z, loc_48DB
 1938/185E : 21 1E 1D                   		ld	hl, sub_4D1E
 1939/1861 : 22 78 0C                   		ld	(SUOUT), hl
 1940/1864 : 2A 80 0F                   		ld	hl, (word_5580)
 1941/1867 : FD CB 01 76                		bit	6, (iy+1)
 1942/186B : 20 23                      		jr	nz, loc_4890
 1943/186D : 0E 00                      		ld	c, 0
 1944/186F : (MACRO)[8]                 		SCAL 66h		; TBCD3	Output the value in the HL register in ASCII, followed by a space.
 1944/186F : DF                                 rst     18h
 1944/1870 : 66                                 db      66H
 1945/1871 : 21 2F 0F                   		ld	hl, unk_552F
 1946/1874 : 06 08                      		ld	b, 8
 1947/1876 : 7E                         loc_4876:	ld	a, (hl)
 1948/1877 : (MACRO)[9]                 		SCAL 67h		; TBCD2	Output the value in the A register in ASCII.
 1948/1877 : DF                                 rst     18h
 1948/1878 : 67                                 db      67H
 1949/1879 : 23                         		inc	hl
 1950/187A : EF                         		rst	28h		; Output the string
 1951/187B : 20 00                      		db ' ',0
 1952/187D : 10 F7                      loc_487D:	djnz	loc_4876
 1953/187F : 79                         		ld	a, c
 AS V1.42 Beta [Bld 297] - Source File zeap40-as.asm - Page 34 - 8/12/2026 14:56:54


 1954/1880 : (MACRO)[10]                		SCAL 68h		; B2HEX	Output the value in the A register in ASCII.
 1954/1880 : DF                                 rst     18h
 1954/1881 : 68                                 db      68H
 1955/1882 : EF                         		rst	28h		; Output the string
 1956/1883 : 0D 00                      		db 0Dh,0
 1957/1885 : F1                         		pop	af
 1958/1886 : F5                         		push	af
 1959/1887 : 20 4C                      		jr	nz, loc_48D5
 1960/1889 : EF                         		rst	28h		; Output the string
 1961/188A : 2E 0D 00                   		db '.',0Dh,0
 1962/188D : 18 46                      		jr	loc_48D5
 1963/188F :                            ;
 1964/188F : 00                         unk_488F:	db    0
 1965/1890 :                            ;
 1966/1890 : 47                         loc_4890:	ld	b, a
 1967/1891 : AF                         		xor	a
 1968/1892 : CD 1E 1D                   		call	sub_4D1E
 1969/1895 : EF                         		rst	28h		; Output the string
 1970/1896 : FF FF FF FF 00             		db 0FFh,0FFh,0FFh,0FFh,0
 1971/189B : 7D                         		ld	a, l
 1972/189C : CD 1E 1D                   		call	sub_4D1E
 1973/189F : 7C                         		ld	a, h
 1974/18A0 : CD 1E 1D                   		call	sub_4D1E
 1975/18A3 : 78                         		ld	a, b
 1976/18A4 : CD 1E 1D                   		call	sub_4D1E
 1977/18A7 : F1                         		pop	af
 1978/18A8 : F5                         		push	af
 1979/18A9 : 3E FF                      		ld	a, 0FFh
 1980/18AB : 20 01                      		jr	nz, loc_48AE
 1981/18AD : AF                         		xor	a
 1982/18AE : 4F                         loc_48AE:	ld	c, a
 1983/18AF : CD 1E 1D                   		call	sub_4D1E
 1984/18B2 : 7D                         		ld	a, l
 1985/18B3 : 84                         		add	a, h
 1986/18B4 : 80                         		add	a, b
 1987/18B5 : 81                         		add	a, c
 1988/18B6 : CD 1E 1D                   		call	sub_4D1E
 1989/18B9 : 21 2F 0F                   		ld	hl, unk_552F
 1990/18BC : 0E 00                      		ld	c, 0
 1991/18BE : 7E                         loc_48BE:	ld	a, (hl)
 1992/18BF : 23                         		inc	hl
 1993/18C0 : F5                         		push	af
 1994/18C1 : 81                         		add	a, c
 1995/18C2 : 4F                         		ld	c, a
 1996/18C3 : F1                         		pop	af
 1997/18C4 : CD 1E 1D                   		call	sub_4D1E
 1998/18C7 : 10 F5                      		djnz	loc_48BE
 1999/18C9 : 79                         		ld	a, c
 2000/18CA : CD 1E 1D                   		call	sub_4D1E
 2001/18CD : 06 0A                      		ld	b, 0Ah
 2002/18CF : AF                         loc_48CF:	xor	a
 2003/18D0 : CD 1E 1D                   		call	sub_4D1E
 2004/18D3 : 10 FA                      		djnz	loc_48CF
 2005/18D5 : 21 F4 1C                   loc_48D5:	ld	hl, loc_4CF4
 2006/18D8 : 22 78 0C                   		ld	(SUOUT), hl
 2007/18DB : F1                         loc_48DB:	pop	af
 2008/18DC : C1                         		pop	bc
 2009/18DD : C9                         		ret
 2010/18DE :                            
 2011/18DE :                            ;---------------------------------------
 AS V1.42 Beta [Bld 297] - Source File zeap40-as.asm - Page 35 - 8/12/2026 14:56:54


 2012/18DE :                            ; Bereichstest HL between BC and DE
 2013/18DE : E5                         sub_48DE:	push	hl
 2014/18DF : B7                         		or	a
 2015/18E0 : ED 52                      		sbc	hl, de
 2016/18E2 : E1                         		pop	hl
 2017/18E3 : D0                         		ret	nc
 2018/18E4 : E5                         		push	hl
 2019/18E5 : B7                         		or	a
 2020/18E6 : ED 42                      		sbc	hl, bc
 2021/18E8 : E1                         		pop	hl
 2022/18E9 : D8                         		ret	c
 2023/18EA : FD CB 00 F6                		set	6, (iy+0)
 2024/18EE : 3E 60                      		ld	a, 60h ; '`'
 2025/18F0 : C3 19 1B                   		jp	loc_4B19
 2026/18F3 :                            
 2027/18F3 :                            ;---------------------------------------
 2028/18F3 :                            ; Kdo Y
 2029/18F3 : 2A 00 0F                   REUSE:		ld	hl, (BUFBEG)	; Anfangsdresse
 2030/18F6 : 23                         		inc	hl
 2031/18F7 : 23                         		inc	hl		; Länge
 2032/18F8 : 23                         		inc	hl
 2033/18F9 : 23                         		inc	hl		; Offs
 2034/18FA : 23                         		inc	hl		; Trenner
 2035/18FB : 7E                         		ld	a, (hl)		; 1. Zeilennummer bzw. FF
 2036/18FC : FE FF                      		cp	0FFh		; bei leerem Puffer
 2037/18FE : 3E 05                      		ld	a, 5		; Error 05 - Reaktivieren des Puffers nicht möglich
 2038/1900 : C2 1D 1B                   		jp	nz, sub_4B1D	; Fehler ausgeben, wenn nicht FF
 2039/1903 : 2A 75 0F                   		ld	hl, (word_5575)	; Parameter ARG2 Anfangsadresse
 2040/1906 : 22 00 0F                   		ld	(BUFBEG), hl	; Anfangsdresse
 2041/1909 : 11 6F 0F                   		ld	de, unk_556F	; Buffersicherung
 2042/190C : 01 06 00                   		ld	bc, 6		; Länge
 2043/190F : EB                         		ex	de, hl
 2044/1910 : ED B0                      		ldir			; rückschreiben
 2045/1912 : C9                         		ret
 2046/1913 :                            
 2047/1913 :                            ;---------------------------------------
 2048/1913 :                            ; The "N" editor command returns control to NAS-SYS ("N" is a mnemonic
 2049/1913 :                            ; for NAS-SYS).
 2050/1913 : (MACRO)[11]                NASSYS:		SCAL 77h		; NNOM	Set the output table back to normal
 2050/1913 : DF                                 rst     18h
 2050/1914 : 77                                 db      77H
 2051/1915 : (MACRO)[12]                		SCAL 5Bh		; MRET	end a program and return control to NAS-SYS.
 2051/1915 : DF                                 rst     18h
 2051/1916 : 5B                                 db      5BH
 2052/1917 :                            
 2053/1917 :                            ;---------------------------------------
 2054/1917 :                            ; Kdo + each option specified is turned ON
 2055/1917 : 7D                         SETOPT:		ld	a, l
 2056/1918 : FD B6 01                   		or	(iy+1)		; Assembleroptionen
 2057/191B : 18 08                      		jr	loc_4925
 2058/191D :                            
 2059/191D :                            ;---------------------------------------
 2060/191D :                            ; Kdo - each option specified is turned OFF
 2061/191D : 7D                         RESOPT:		ld	a, l
 2062/191E : 2F                         		cpl
 2063/191F : FD A6 01                   		and	(iy+1)		; Assembleroptionen
 2064/1922 : 18 01                      		jr	loc_4925
 2065/1924 :                            
 2066/1924 :                            ;---------------------------------------
 2067/1924 :                            ; The "O" editor command allows various options to be set which define
 AS V1.42 Beta [Bld 297] - Source File zeap40-as.asm - Page 36 - 8/12/2026 14:56:54


 2068/1924 :                            ; the output required from the assembler ("O" is a mnemonic for
 2069/1924 :                            ; Options).
 2070/1924 : 7D                         OPTIONS:	ld	a, l
 2071/1925 : FD 77 01                   loc_4925:	ld	(iy+1),	a	; Assembleroptionen
 2072/1928 : 32 07 0F                   		ld	(byte_5507), a	; Assembleroptionen
 2073/192B : C9                         		ret
 2074/192C :                            
 2075/192C :                            ;---------------------------------------
 2076/192C :                            ; The "H" editor command sets the page size for page mode operation
 2077/192C : 7B                         HEIGHT:		ld	a, e
 2078/192D : 20 02                      		jr	nz, loc_4931
 2079/192F : 3E 0F                      		ld	a, 15
 2080/1931 : 32 14 0F                   loc_4931:	ld	(byte_5514), a
 2081/1934 : C9                         		ret
 2082/1935 :                            
 2083/1935 :                            ;---------------------------------------
 2084/1935 :                            ;The "G" editor command ("G" is a mnemonic for Go) causes control to be
 2085/1935 :                            ;passed to the object program produced in the last assembly,
 2086/1935 : 2A 0A 0F                   GO:		ld	hl, (mc_ofs)	; offset for code generation
 2087/1938 : 7C                         		ld	a, h
 2088/1939 : B5                         		or	l
 2089/193A : 20 10                      		jr	nz, loc_494C	; bei offs kein Go
 2090/193C : FD CB 01 4E                		bit	1, (iy+1)	; Assembleroptionen
 2091/1940 : 28 0A                      		jr	z, loc_494C	; no code, no Go
 2092/1942 : 2A 0E 0F                   		ld	hl, (word_550E)	; ENT-Adresse
 2093/1945 : 23                         		inc	hl
 2094/1946 : 7C                         		ld	a, h
 2095/1947 : B5                         		or	l
 2096/1948 : 28 02                      		jr	z, loc_494C	; no ENT Adr.
 2097/194A : 2B                         		dec	hl
 2098/194B : E9                         		jp	(hl)
 2099/194C : 3E 04                      loc_494C:		ld	a, 4
 2100/194E : C3 19 1B                   		jp	loc_4B19
 2101/1951 :                            
 2102/1951 :                            ;---------------------------------------
 2103/1951 :                            ; The "J" editor command sets the delay at the end of each line of
 2104/1951 :                            ; output to the VDU, and therefore controls the display speed.
 2105/1951 : 7B                         DELAY:		ld	a, e
 2106/1952 : 32 09 0F                   		ld	(word_5508+1), a	; Ausgabeverzögerung BWS
 2107/1955 : C9                         		ret
 2108/1956 :                            
 2109/1956 :                            ;---------------------------------------
 2110/1956 :                            ; The "K" editor command is identical to the "J" command, except that it
 2111/1956 :                            ; controls the delay for output to the UART
 2112/1956 : 7B                         PDELAY:		ld	a, e
 2113/1957 : 32 08 0F                   		ld	(word_5508), a	; Ausgabeverzögerung
 2114/195A : C9                         		ret
 2115/195B :                            ;???
 2116/195B : 22 08 0F                   		ld	(word_5508), hl	; Ausgabeverzögerung
 2117/195E : C9                         		ret
 2118/195F :                            
 2119/195F :                            ;---------------------------------------
 2120/195F :                            ; The "P" editor command allows object code generated by the assembler
 2121/195F :                            ; under the MEMORY option to be placed at a physical address different
 2122/195F :                            ; from the logical address of the assembly,
 2123/195F : 22 0A 0F                   PUT:		ld	(mc_ofs), hl	; offset for code generation
 2124/1962 : C9                         		ret
 2125/1963 :                            
 2126/1963 :                            ;---------------------------------------
 2127/1963 :                            ; store all or part of it on cassette
 AS V1.42 Beta [Bld 297] - Source File zeap40-as.asm - Page 37 - 8/12/2026 14:56:54


 2128/1963 :                            ; tape. This is archieved by the "U" editor command ("U" is a mnemonic
 2129/1963 :                            ; for UART List).
 2130/1963 : FD CB 00 D6                ULIST:		set	2, (iy+0)
 2131/1967 : CD 6F 14                   		call	sub_446F
 2132/196A : CD 80 14                   		call	sub_4480
 2133/196D : CD 71 14                   		call	loc_4471
 2134/1970 :                            
 2135/1970 :                            ;---------------------------------------
 2136/1970 :                            ; examine the contents of part or all of the Edit Buffer
 2137/1970 :                            ; using the "V" editor command. ("V" is a mnemonic for VDU List).
 2138/1970 : CD DE 15                   VIEW:		call	sub_45DE	; suche Zeile ARG1 (a)
 2139/1973 : CD 93 1C                   loc_4973:	call	sub_4C93	; Anzeige Zeile
 2140/1976 : 18 FB                      		jr	loc_4973
 2141/1978 :                            
 2142/1978 :                            ;---------------------------------------
 2143/1978 :                            ; The "R" editor command ("R" is a mnemonic for Resequence) allows the
 2144/1978 :                            ; entire source program to be renumbered.
 2145/1978 : CD 04 14                   RENUM:		call	sub_4404	; Parameter f. RENUM und INUM, Defaults 10
 2146/197B : EB                         		ex	de, hl		; DE = nächste neue Zeilennummer
 2147/197C : 2A 00 0F                   loc_497C:	ld	hl, (BUFBEG)	; Anfangsdresse
 2148/197F : 23                         		inc	hl
 2149/1980 : 23                         		inc	hl		; size übergehen
 2150/1981 : 23                         		inc	hl
 2151/1982 : CD 2C 14                   loc_4982:	call	loc_442C	; Suche nächste Zeile
 2152/1985 : C8                         		ret	z		; Textende
 2153/1986 : 73                         		ld	(hl), e		; neue Nummer eintragen
 2154/1987 : 23                         		inc	hl
 2155/1988 : 72                         		ld	(hl), d
 2156/1989 : EB                         		ex	de, hl
 2157/198A : CD 1F 14                   		call	sub_441F	; Nächste Zeilennummer berechnen (BCD)
 2158/198D : EB                         		ex	de, hl
 2159/198E : 30 F2                      		jr	nc, loc_4982	; solange Zeilnnummer < 9999
 2160/1990 :                            		;
 2161/1990 : 3E 01                      		ld	a, 1		; Error 01 - Zeilennummerüberlauf
 2162/1992 : 32 84 0F                   		ld	(byte_5584), a	; und Schrittweite auf 1 rücksetzen
 2163/1995 : CD 1D 1B                   		call	sub_4B1D	; Fehler ausgeben
 2164/1998 : 11 01 00                   		ld	de, 1		; Zeilennummer auf 1 rücksetzen
 2165/199B : 18 DF                      		jr	loc_497C	; weitermachen
 2166/199D :                            
 2167/199D :                            ;---------------------------------------
 2168/199D :                            ; The "/" editor command may be used to search for a string from a
 2169/199D :                            ; specified line in the edit buffer.
 2170/199D : CD DE 15                   SEARCH:		call	sub_45DE
 2171/19A0 : 18 2B                      		jr	loc_49CD
 2172/19A2 :                            
 2173/19A2 :                            ;---------------------------------------
 2174/19A2 :                            ; The "F" editor command ("F" is a mnemonic for Find) enables the user
 2175/19A2 :                            ; to find the first and thereafter subsequent occurrences of any string
 2176/19A2 :                            ; which will fit on one line in the source program.
 2177/19A2 : 2A 29 0C                   FIND:		ld	hl, (CURSOR)	; Position of the cursor.
 2178/19A5 : 11 C1 FF                   		ld	de, -3Fh
 2179/19A8 : 19                         		add	hl, de
 2180/19A9 : 7E                         		ld	a, (hl)
 2181/19AA : EB                         		ex	de, hl
 2182/19AB : 2A 85 0F                   		ld	hl, (word_5585)
 2183/19AE : FE 20                      		cp	20h ; ' '
 2184/19B0 : 28 1B                      		jr	z, loc_49CD
 2185/19B2 : 21 41 00                   		ld	hl, 41h	; 'A'
 2186/19B5 : 19                         		add	hl, de
 2187/19B6 : 01 43 00                   		ld	bc, 43h	; 'C'
 AS V1.42 Beta [Bld 297] - Source File zeap40-as.asm - Page 38 - 8/12/2026 14:56:54


 2188/19B9 : ED B9                      		cpdr
 2189/19BB : EB                         		ex	de, hl
 2190/19BC : 11 2E 0F                   		ld	de, unk_552E
 2191/19BF : ED B0                      		ldir
 2192/19C1 : 1B                         		dec	de
 2193/19C2 : 3E A0                      		ld	a, 0A0h	; 'á'
 2194/19C4 : 12                         		ld	(de), a
 2195/19C5 : 2A 00 0F                   		ld	hl, (BUFBEG)	; edit buffer
 2196/19C8 : 23                         		inc	hl
 2197/19C9 : 23                         		inc	hl
 2198/19CA : 23                         		inc	hl
 2199/19CB : 23                         		inc	hl
 2200/19CC : 23                         		inc	hl
 2201/19CD : 22 85 0F                   loc_49CD:	ld	(word_5585), hl
 2202/19D0 : 7E                         		ld	a, (hl)
 2203/19D1 : 3C                         		inc	a
 2204/19D2 : C8                         		ret	z
 2205/19D3 : 23                         		inc	hl
 2206/19D4 : 23                         		inc	hl
 2207/19D5 : E5                         loc_49D5:	push	hl
 2208/19D6 : 11 2F 0F                   		ld	de, unk_552F
 2209/19D9 : 1A                         loc_49D9:	ld	a, (de)
 2210/19DA : 13                         		inc	de
 2211/19DB : FE A0                      		cp	0A0h ; 'á'
 2212/19DD : 28 0C                      		jr	z, loc_49EB
 2213/19DF : BE                         		cp	(hl)
 2214/19E0 : 23                         		inc	hl
 2215/19E1 : 28 F6                      		jr	z, loc_49D9
 2216/19E3 : E1                         		pop	hl
 2217/19E4 : 7E                         		ld	a, (hl)
 2218/19E5 : 23                         		inc	hl
 2219/19E6 : B7                         		or	a
 2220/19E7 : 20 EC                      		jr	nz, loc_49D5
 2221/19E9 : 18 E2                      		jr	loc_49CD
 2222/19EB : E1                         loc_49EB:	pop	hl
 2223/19EC : CD 2D 14                   		call	loc_442D
 2224/19EF : EB                         		ex	de, hl
 2225/19F0 : 2A 85 0F                   		ld	hl, (word_5585)
 2226/19F3 : ED 53 85 0F                		ld	(word_5585), de
 2227/19F7 : C3 93 1C                   		jp	sub_4C93
 2228/19FA :                            
 2229/19FA :                            ;---------------------------------------
 2230/19FA :                            ; The "Z" editor command merely presents a source line for editing using
 2231/19FA :                            ; the NAS-SYS cursor control facilities.
 2232/19FA : 20 06                      CORRECT:	jr	nz, loc_4A02	; Z=keine Param.
 2233/19FC : 2A 10 0F                   		ld	hl, (word_5510)	; letzte Zeilennummer
 2234/19FF : 22 0C 0C                   		ld	(ARG1),	hl
 2235/1A02 : CD DE 15                   loc_4A02:	call	sub_45DE	; suche Zeile ARG1
 2236/1A05 : 3E 03                      		ld	a, 3		; Error 03 - nicht existierende Zeile
 2237/1A07 : D2 19 1B                   		jp	nc, loc_4B19	; Fehler ausgeben
 2238/1A0A : CD 93 1C                   		call	sub_4C93	; Anzeige Zeile
 2239/1A0D : AF                         		xor	a
 2240/1A0E : 32 FE 0F                   		ld	(byte_55FE), a
 2241/1A11 : EF                         		rst	28h		; Output the string
 2242/1A12 : 13 12 12 12 12 12 00       		db 13h,12h,12h,12h,12h,12h,0
 2243/1A19 : (MACRO)[13]                		SCAL 63h		; INLIN	Obtain an input line
 2243/1A19 : DF                                 rst     18h
 2243/1A1A : 63                                 db      63H
 2244/1A1B :                            					; The DE register is set to the address of the
 2245/1A1B :                            					; start of the line where the cursor was when the
 AS V1.42 Beta [Bld 297] - Source File zeap40-as.asm - Page 39 - 8/12/2026 14:56:54


 2246/1A1B :                            					; line was entered.
 2247/1A1B : C3 3C 1A                   		jp	loc_4A3C
 2248/1A1E :                            
 2249/1A1E :                            ;---------------------------------------
 2250/1A1E :                            ; Deleting a block of source code is made easier by the "X" editor
 2251/1A1E :                            ; command ("X" is a mnemonic for eXpunge).
 2252/1A1E : FE 02                      KILL:		cp	2		; in A=Anz. Parameter
 2253/1A20 : C2 17 1B                   		jp	nz, loc_4B17	; error 99 illegal command
 2254/1A23 : CD DE 15                   		call	sub_45DE	; suche Zeile ARG1 (a)
 2255/1A26 : E5                         		push	hl
 2256/1A27 : 2B                         		dec	hl
 2257/1A28 : CD 4E 14                   		call	sub_444E
 2258/1A2B : CD 55 15                   loc_4A2B:	call	sub_4555
 2259/1A2E : 38 05                      		jr	c, loc_4A35
 2260/1A30 : 1B                         		dec	de
 2261/1A31 : 1B                         		dec	de
 2262/1A32 : 23                         		inc	hl
 2263/1A33 : 18 F6                      		jr	loc_4A2B
 2264/1A35 : CD 59 14                   loc_4A35:	call	sub_4459
 2265/1A38 : D1                         		pop	de
 2266/1A39 : C3 C2 13                   		jp	sub_43C2
 2267/1A3C :                            
 2268/1A3C :                            ;---------------------------------------
 2269/1A3C :                            ; Eingabe Quelltext
 2270/1A3C : 1A                         loc_4A3C:	ld	a, (de)	; in DE= xxx bws(xx,0)
 2271/1A3D : FE 20                      		cp	' '
 2272/1A3F : CA 17 1B                   		jp	z, loc_4B17	; error 99 illegal command
 2273/1A42 : D5                         		push	de
 2274/1A43 : CD EB 13                   		call	datoh		; DE dez ascii -> hex num HL
 2275/1A46 : C6 10                      		add	a, 10h		; Zeichen hinter Zeilennummer-30h+10h
 2276/1A48 :                            					; = 20? also Leerzeichen?
 2277/1A48 : C2 17 1B                   		jp	nz, loc_4B17	; nein -> error 99 illegal command
 2278/1A4B : EB                         		ex	de, hl
 2279/1A4C : D1                         		pop	de
 2280/1A4D : B7                         		or	a
 2281/1A4E : ED 52                      		sbc	hl, de
 2282/1A50 : 01 FB FF                   		ld	bc, -5
 2283/1A53 : 09                         		add	hl, bc		; Zeilennummer mehr als 4 Zeichen?
 2284/1A54 : DA 17 1B                   		jp	c, loc_4B17	; dann error 99 illegal command
 2285/1A57 : (MACRO)[14]                		SCAL 64h		; NUM	Examine an input line and convert a hexadecimal value The resulting
 2285/1A57 : DF                                 rst     18h
 2285/1A58 : 64                                 db      64H
 2286/1A59 :                            					;  value is placed in NUMV (0C21-0C22)
 2287/1A59 :                            					; The HL and A registers are modified.
 2288/1A59 :                            					;
 2289/1A59 : 2A 21 0C                   		ld	hl, (NUMV)	; Value returned by routine NUM.
 2290/1A5C : 7C                         		ld	a, h		; Zeilennummer 0000?
 2291/1A5D : B5                         		or	l
 2292/1A5E : CA 17 1B                   		jp	z, loc_4B17	; dann error 99 illegal command
 2293/1A61 : 22 0C 0C                   		ld	(ARG1),	hl	; Zeilennummer merken
 2294/1A64 : 22 10 0F                   		ld	(word_5510), hl	; Zeilennummer merken
 2295/1A67 : 21 2B 00                   		ld	hl, 2Bh	; '+'
 2296/1A6A : 19                         		add	hl, de
 2297/1A6B : 7E                         loc_4A6B:	ld	a, (hl)
 2298/1A6C : B7                         		or	a
 2299/1A6D : 28 05                      		jr	z, loc_4A74
 2300/1A6F : 36 20                      		ld	(hl), 20h ; ' '
 2301/1A71 : 23                         		inc	hl
 2302/1A72 : 18 F7                      		jr	loc_4A6B
 2303/1A74 : 2B                         loc_4A74:	dec	hl
 AS V1.42 Beta [Bld 297] - Source File zeap40-as.asm - Page 40 - 8/12/2026 14:56:54


 2304/1A75 : CD 8F 14                   		call	sub_448F
 2305/1A78 : E5                         		push	hl
 2306/1A79 : B7                         		or	a
 2307/1A7A : ED 52                      		sbc	hl, de
 2308/1A7C : E5                         		push	hl
 2309/1A7D : 23                         		inc	hl
 2310/1A7E : 38 02                      		jr	c, loc_4A82
 2311/1A80 : 23                         		inc	hl
 2312/1A81 : 23                         		inc	hl
 2313/1A82 : E5                         loc_4A82:	push	hl
 2314/1A83 : F5                         		push	af
 2315/1A84 : E5                         		push	hl
 2316/1A85 : EB                         		ex	de, hl
 2317/1A86 : CD 4C 16                   		call	sub_464C
 2318/1A89 : CD 4E 14                   		call	sub_444E
 2319/1A8C : 30 02                      		jr	nc, loc_4A90
 2320/1A8E : 13                         		inc	de
 2321/1A8F : 13                         		inc	de
 2322/1A90 : D5                         loc_4A90:	push	de
 2323/1A91 : CD DE 15                   		call	sub_45DE	; suche Zeile ARG1
 2324/1A94 : D1                         		pop	de
 2325/1A95 : 30 0B                      		jr	nc, loc_4AA2
 2326/1A97 : E5                         		push	hl
 2327/1A98 : 23                         		inc	hl
 2328/1A99 : CD 4C 16                   		call	sub_464C
 2329/1A9C : 30 02                      		jr	nc, loc_4AA0
 2330/1A9E : 1B                         		dec	de
 2331/1A9F : 1B                         		dec	de
 2332/1AA0 : E1                         loc_4AA0:	pop	hl
 2333/1AA1 : 37                         		scf
 2334/1AA2 : D5                         loc_4AA2:	push	de
 2335/1AA3 : 54                         		ld	d, h
 2336/1AA4 : 5D                         		ld	e, l
 2337/1AA5 : DC 2B 14                   		call	c, sub_442B	; Suche nächste Zeile
 2338/1AA8 : C1                         		pop	bc
 2339/1AA9 : E3                         		ex	(sp), hl
 2340/1AAA : 09                         		add	hl, bc
 2341/1AAB : 19                         		add	hl, de
 2342/1AAC : E3                         		ex	(sp), hl
 2343/1AAD : EB                         		ex	de, hl
 2344/1AAE : E3                         		ex	(sp), hl
 2345/1AAF : ED 52                      		sbc	hl, de
 2346/1AB1 : D5                         		push	de
 2347/1AB2 : CD 35 14                   		call	sub_4435	; Textende ermitteln
 2348/1AB5 : 19                         		add	hl, de
 2349/1AB6 : EB                         		ex	de, hl
 2350/1AB7 : 2A 02 0F                   		ld	hl, (BUFEND)	; Buffer Ende
 2351/1ABA : AF                         		xor	a		; Cy=0, A=0
 2352/1ABB : ED 52                      		sbc	hl, de
 2353/1ABD : DA 19 1B                   		jp	c, loc_4B19	; Fehler ausgeben
 2354/1AC0 :                            					; Error 00 - Speicherüberlauf
 2355/1AC0 : 50                         		ld	d, b
 2356/1AC1 : 59                         		ld	e, c
 2357/1AC2 : CD 59 14                   		call	sub_4459
 2358/1AC5 : E1                         		pop	hl
 2359/1AC6 : D1                         		pop	de
 2360/1AC7 : CD C2 13                   		call	sub_43C2
 2361/1ACA : F1                         		pop	af
 2362/1ACB : 38 27                      		jr	c, loc_4AF4
 2363/1ACD : E1                         		pop	hl
 AS V1.42 Beta [Bld 297] - Source File zeap40-as.asm - Page 41 - 8/12/2026 14:56:54


 2364/1ACE : E5                         		push	hl
 2365/1ACF : 19                         		add	hl, de
 2366/1AD0 : EB                         		ex	de, hl
 2367/1AD1 : CD 42 14                   		call	sub_4442
 2368/1AD4 : 03                         		inc	bc
 2369/1AD5 : ED B8                      		lddr
 2370/1AD7 : AF                         		xor	a
 2371/1AD8 : 12                         		ld	(de), a
 2372/1AD9 : 1B                         		dec	de
 2373/1ADA : E1                         		pop	hl
 2374/1ADB : C1                         		pop	bc
 2375/1ADC : E3                         		ex	(sp), hl
 2376/1ADD : ED B8                      		lddr
 2377/1ADF : 21 22 0C                   		ld	hl, 0C22h
 2378/1AE2 : ED A8                      		ldd
 2379/1AE4 : ED A8                      		ldd
 2380/1AE6 : C1                         		pop	bc
 2381/1AE7 : 2A 85 0F                   		ld	hl, (word_5585)
 2382/1AEA : B7                         		or	a
 2383/1AEB : ED 52                      		sbc	hl, de
 2384/1AED : 19                         		add	hl, de
 2385/1AEE : 38 04                      		jr	c, loc_4AF4
 2386/1AF0 : 09                         		add	hl, bc
 2387/1AF1 : 22 85 0F                   		ld	(word_5585), hl
 2388/1AF4 :                            loc_4AF4:					; sub_4D0F-221j
 2389/1AF4 : FD CB 00 66                		bit	4, (iy+0)
 2390/1AF8 : 28 0E                      		jr	z, loc_4B08
 2391/1AFA : 2A 0C 0C                   		ld	hl, (ARG1)
 2392/1AFD : CD 1F 14                   		call	sub_441F	; Nächste Zeilennummer berechnen (BCD)
 2393/1B00 : 3E 02                      		ld	a, 2		; Error 02 - Überlauf im I-Mode
 2394/1B02 : DA 19 1B                   		jp	c, loc_4B19	; Fehler ausgeben
 2395/1B05 : 22 87 0F                   		ld	(word_5587), hl
 2396/1B08 : C3 CC 1B                   loc_4B08:		jp	loc_4BCC
 2397/1B0B :                            
 2398/1B0B :                            ;---------------------------------------
 2399/1B0B :                            ; Kdo I manual entry of
 2400/1B0B :                            ; blocks of source code, namely the "I" editor command ("I" is a
 2401/1B0B :                            ; mnemonic for Auto Input)
 2402/1B0B : CD 04 14                   INUM:		call	sub_4404
 2403/1B0E : 22 87 0F                   		ld	(word_5587), hl
 2404/1B11 : FD CB 00 E6                		set	4, (iy+0)
 2405/1B15 : 18 F1                      		jr	loc_4B08
 2406/1B17 :                            
 2407/1B17 :                            ; Error 99
 2408/1B17 : 3E 99                      loc_4B17:	ld	a, 99h 		; Error 99 - illegales Kommando
 2409/1B19 :                            
 2410/1B19 :                            ; Fehler ausgeben
 2411/1B19 : 2A 78 0F                   loc_4B19:	ld	hl, (word_5578); Adr. Ret-Funktion nach Fehler
 2412/1B1C : E5                         		push	hl		; auf Stack
 2413/1B1D : 11 8F 0B                   sub_4B1D:	ld	de, 0B8Fh
 2414/1B20 : CD 21 16                   		call	setcu
 2415/1B23 : 5F                         		ld	e, a		; Fehlernummer merken
 2416/1B24 : EF                         		rst	28h		; Output the string
 2417/1B25 : 45 72 72 6F 72 20 00       		db "Error ",0
 2418/1B2C : 7B                         loc_4B2C:	ld	a, e		; Fehlernummer
 2419/1B2D : (MACRO)[15]                		SCAL 68h		; B2HEX	Output the value in the A register in ASCII
 2419/1B2D : DF                                 rst     18h
 2419/1B2E : 68                                 db      68H
 2420/1B2F : FD CB 00 FE                		set	7, (iy+0)
 2421/1B33 : C3 9C 1C                   		jp	sub_4C9C
 AS V1.42 Beta [Bld 297] - Source File zeap40-as.asm - Page 42 - 8/12/2026 14:56:54


 2422/1B36 :                            
 2423/1B36 :                            ;---------------------------------------
 2424/1B36 :                            ; cold start
 2425/1B36 : 2A 00 0F                   cold:		ld	hl, (BUFBEG)
 2426/1B39 : 22 75 0F                   		ld	(word_5575), hl
 2427/1B3C : 11 6F 0F                   		ld	de, unk_556F
 2428/1B3F : 01 06 00                   		ld	bc, 6
 2429/1B42 : ED B0                      		ldir
 2430/1B44 : 21 06 10                   		ld	hl, word_4006
 2431/1B47 : 11 00 0F                   		ld	de, BUFBEG	; edit buffer
 2432/1B4A : 01 30 00                   		ld	bc, 30h	; '0'
 2433/1B4D : ED B0                      		ldir
 2434/1B4F : 3A 0B 0C                   		ld	a, (ARGH)	; Number of values in input line
 2435/1B52 : FE 02                      		cp	2
 2436/1B54 : 38 0E                      		jr	c, loc_4B64
 2437/1B56 : 28 06                      		jr	z, loc_4B5E
 2438/1B58 : 2A 10 0C                   		ld	hl, (ARG3)	; Third	value entered.
 2439/1B5B : 22 00 0F                   		ld	(BUFBEG), hl	; edit buffer
 2440/1B5E : 2A 0E 0C                   loc_4B5E:	ld	hl, (ARG2)	; Second value entered.
 2441/1B61 : 22 02 0F                   		ld	(BUFEND), hl	; Buffer Ende
 2442/1B64 : 2A 00 0F                   loc_4B64:	ld	hl, (BUFBEG)	; edit buffer
 2443/1B67 : 36 06                      		ld	(hl), 6
 2444/1B69 : 23                         		inc	hl
 2445/1B6A : AF                         		xor	a
 2446/1B6B : 77                         		ld	(hl), a
 2447/1B6C : 23                         		inc	hl
 2448/1B6D : 77                         		ld	(hl), a
 2449/1B6E : 23                         		inc	hl
 2450/1B6F : 77                         		ld	(hl), a
 2451/1B70 : 23                         		inc	hl
 2452/1B71 : 77                         		ld	(hl), a
 2453/1B72 : 23                         		inc	hl
 2454/1B73 : 3D                         		dec	a
 2455/1B74 : 77                         		ld	(hl), a
 2456/1B75 : 22 85 0F                   		ld	(word_5585), hl
 2457/1B78 :                            
 2458/1B78 :                            ;---------------------------------------
 2459/1B78 :                            ; warm start
 2460/1B78 : 31 FE 0F                   warm:		ld	sp, byte_55FE
 2461/1B7B : 11 8A 0B                   		ld	de, 0B8Ah
 2462/1B7E : CD 21 16                   		call	setcu
 2463/1B81 : EF                         		rst	28h
 2464/1B82 : 43 6F 70 79 72 69 67 68 74 		db "Copyright (c) Sigma Software Unit",0Dh,0
      1B8B : 20 28 63 29 20 53 69 67 6D
      1B94 : 61 20 53 6F 66 74 77 61 72
      1B9D : 65 20 55 6E 69 74 0D 00   
 2465/1BA5 : AF                         loc_4BA5:	xor	a
 2466/1BA6 : CD B5 1F                   		call	sub_4FB5
 2467/1BA9 : 32 00 0C                   		ld	(PORT0), a	; Copy of current state	of output part 0.
 2468/1BAC : 3A 14 0F                   		ld	a, (byte_5514)
 2469/1BAF : 32 77 0F                   		ld	(byte_5577), a
 2470/1BB2 : FD 21 FE 0F                loc_4BB2:	ld	iy, byte_55FE
 2471/1BB6 : FD F9                      		ld	sp, iy
 2472/1BB8 : 21 A8 10                   		ld	hl, unk_40A8	; output routine
 2473/1BBB : (MACRO)[16]                		SCAL 71h		; Set HL to the address of the new output table
 2473/1BBB : DF                                 rst     18h
 2473/1BBC : 71                                 db      71H
 2474/1BBD :                            					; then call this routine. It changes the address for
 2475/1BBD :                            					; you, and returns with the previous address in HL.
 2476/1BBD : 21 F4 1C                   		ld	hl, loc_4CF4
 AS V1.42 Beta [Bld 297] - Source File zeap40-as.asm - Page 43 - 8/12/2026 14:56:54


 2477/1BC0 : 22 78 0C                   		ld	(SUOUT), hl
 2478/1BC3 : 21 A5 1B                   		ld	hl, loc_4BA5
 2479/1BC6 : 22 7A 0F                   		ld	(unk_557A), hl
 2480/1BC9 : 22 78 0F                   		ld	(word_5578), hl
 2481/1BCC : 3A 07 0F                   loc_4BCC:	ld	a, (byte_5507)
 2482/1BCF : CD C2 1F                   		call	sub_4FC2
 2483/1BD2 : FD F9                      		ld	sp, iy
 2484/1BD4 : AF                         		xor	a
 2485/1BD5 : 67                         		ld	h, a
 2486/1BD6 : 6F                         		ld	l, a
 2487/1BD7 : 22 0C 0C                   		ld	(ARG1),	hl
 2488/1BDA : 2B                         		dec	hl
 2489/1BDB : 22 0E 0C                   		ld	(ARG2),	hl	; Second value entered.
 2490/1BDE : 21 76 10                   		ld	hl, aHeadline	; "ZEAP 2.0/A498  Free=	 End=	   Ent"
 2491/1BE1 : 11 CA 0B                   		ld	de, 0BCAh
 2492/1BE4 : 01 28 00                   		ld	bc, 28h	; '('
 2493/1BE7 : ED B0                      		ldir
 2494/1BE9 : 21 88 1C                   loc_4BE9:	ld	hl, loc_4C88
 2495/1BEC : 22 78 0C                   		ld	(SUOUT), hl
 2496/1BEF : CD 66 14                   		call	sub_4466
 2497/1BF2 : 11 DE 0B                   		ld	de, 0BDEh
 2498/1BF5 : CD 9B 16                   		call	sub_469B
 2499/1BF8 : 2A 0C 0F                   		ld	hl, (word_550C)
 2500/1BFB : 11 E8 0B                   		ld	de, 0BE8h
 2501/1BFE : CD 9B 16                   		call	sub_469B
 2502/1C01 : 2A 0E 0F                   		ld	hl, (word_550E)
 2503/1C04 : 11 F2 0B                   		ld	de, 0BF2h
 2504/1C07 : CD 9B 16                   		call	sub_469B
 2505/1C0A : 21 F4 1C                   		ld	hl, loc_4CF4
 2506/1C0D : 22 78 0C                   		ld	(SUOUT), hl
 2507/1C10 : 11 8A 0B                   		ld	de, 0B8Ah
 2508/1C13 : CD 21 16                   		call	setcu
 2509/1C16 : FD CB 00 66                		bit	4, (iy+0)
 2510/1C1A : 28 05                      		jr	z, loc_4C21
 2511/1C1C : 2A 87 0F                   		ld	hl, (word_5587)
 2512/1C1F : (MACRO)[17]                		SCAL 66h		; TBCD3	Output the value in the HL register in ASCII, followed by a space.
 2512/1C1F : DF                                 rst     18h
 2512/1C20 : 66                                 db      66H
 2513/1C21 : (MACRO)[18]                loc_4C21:	SCAL 63h		; INLIN	Obtain an input line
 2513/1C21 : DF                                 rst     18h
 2513/1C22 : 63                                 db      63H
 2514/1C23 : D5                         		push	de
 2515/1C24 : 1A                         		ld	a, (de)
 2516/1C25 : 01 2B 0C                   		ld	bc, ARGX	; Last command letter entered.
 2517/1C28 : FE 20                      		cp	20h ; ' '
 2518/1C2A : 20 06                      		jr	nz, loc_4C32
 2519/1C2C : 0A                         		ld	a, (bc)
 2520/1C2D : FE 46                      		cp	46h ; 'F'
 2521/1C2F : C2 A5 1B                   		jp	nz, loc_4BA5
 2522/1C32 : 02                         loc_4C32:		ld	(bc), a
 2523/1C33 : 01 0A 0C                   		ld	bc, ARGC	; Command letter or routine number last	processed for command execution	or input/output.
 2524/1C36 : 13                         		inc	de
 2525/1C37 : 03                         		inc	bc
 2526/1C38 : AF                         		xor	a
 2527/1C39 : 02                         		ld	(bc), a
 2528/1C3A : (MACRO)[19]                loc_4C3A:	SCAL 64h		;  NUM	Examine an input line and convert a hexadecimal value
 2528/1C3A : DF                                 rst     18h
 2528/1C3B : 64                                 db      64H
 2529/1C3C :                            					;	from ASCII to binary. Set DE to point to the start of
 2530/1C3C :                            					;	the line. Leading blanks are ignored. The value is
 AS V1.42 Beta [Bld 297] - Source File zeap40-as.asm - Page 44 - 8/12/2026 14:56:54


 2531/1C3C :                            					;	ended by a blank or null (0). DE is returned pointing
 2532/1C3C :                            					;	to the next position. If the value is invalid (not
 2533/1C3C :                            					;	0-9, A-F, or >FFFFH), then the Carry flag is set, and
 2534/1C3C :                            					;	DE points to the invalid character. The resulting
 2535/1C3C :                            					;	value is placed in NUMV (0C21-0C22)
 2536/1C3C : 7E                         		ld	a, (hl)
 2537/1C3D : B7                         		or	a
 2538/1C3E : 28 11                      		jr	z, loc_4C51
 2539/1C40 : 03                         		inc	bc
 2540/1C41 : 23                         		inc	hl
 2541/1C42 : 7E                         		ld	a, (hl)
 2542/1C43 : 02                         		ld	(bc), a
 2543/1C44 : 03                         		inc	bc
 2544/1C45 : 23                         		inc	hl
 2545/1C46 : 7E                         		ld	a, (hl)
 2546/1C47 : 02                         		ld	(bc), a
 2547/1C48 : 21 0B 0C                   		ld	hl, ARGH	; Number of values in input line
 2548/1C4B : 34                         		inc	(hl)
 2549/1C4C : 7E                         		ld	a, (hl)
 2550/1C4D : FE 03                      		cp	3
 2551/1C4F : 20 E9                      		jr	nz, loc_4C3A
 2552/1C51 : ED 4B 2B 0C                loc_4C51:	ld	bc, (ARGX)	; Last command letter entered.
 2553/1C55 : 2A 15 0F                   		ld	hl, (word_5515)
 2554/1C58 : D1                         		pop	de
 2555/1C59 : 7E                         loc_4C59:	ld	a, (hl)
 2556/1C5A : B7                         		or	a
 2557/1C5B : CA 3C 1A                   		jp	z, loc_4A3C
 2558/1C5E : 23                         		inc	hl
 2559/1C5F : B9                         		cp	c
 2560/1C60 : 28 04                      		jr	z, loc_4C66
 2561/1C62 : 23                         		inc	hl
 2562/1C63 : 23                         		inc	hl
 2563/1C64 : 18 F3                      		jr	loc_4C59
 2564/1C66 : 11 8A 0B                   loc_4C66:	ld	de, 0B8Ah
 2565/1C69 : CD 21 16                   		call	setcu
 2566/1C6C : 5E                         		ld	e, (hl)
 2567/1C6D : 23                         		inc	hl
 2568/1C6E : 56                         		ld	d, (hl)
 2569/1C6F : 21 A5 1B                   		ld	hl, loc_4BA5
 2570/1C72 : E5                         		push	hl
 2571/1C73 : D5                         		push	de
 2572/1C74 : 2A 29 0C                   		ld	hl, (CURSOR)	; Position of the cursor.
 2573/1C77 : 11 C1 FF                   		ld	de, -3Fh
 2574/1C7A : 19                         		add	hl, de
 2575/1C7B : EB                         		ex	de, hl
 2576/1C7C : CD EB 13                   		call	datoh		; DE dez ascii -> hex num HL
 2577/1C7F : EB                         		ex	de, hl
 2578/1C80 : 2A 0C 0C                   		ld	hl, (ARG1)
 2579/1C83 : 3A 0B 0C                   		ld	a, (ARGH)	; Number of values in input line
 2580/1C86 : B7                         		or	a
 2581/1C87 : C9                         		ret
 2582/1C88 :                            
 2583/1C88 : E5                         loc_4C88:	push	hl
 2584/1C89 : 2A 29 0C                   		ld	hl, (CURSOR)	; Position of the cursor.
 2585/1C8C : 77                         		ld	(hl), a
 2586/1C8D : 23                         		inc	hl
 2587/1C8E : 22 29 0C                   		ld	(CURSOR), hl	; Position of the cursor.
 2588/1C91 : E1                         		pop	hl
 2589/1C92 : C9                         		ret
 2590/1C93 :                            
 AS V1.42 Beta [Bld 297] - Source File zeap40-as.asm - Page 45 - 8/12/2026 14:56:54


 2591/1C93 : CD 0C 16                   sub_4C93:	call	sub_460C
 2592/1C96 : C2 A5 1B                   		jp	nz, loc_4BA5
 2593/1C99 : CD 00 16                   		call	sub_4600
 2594/1C9C : FD CB 00 56                sub_4C9C:		bit	2, (iy+0)
 2595/1CA0 : 28 26                      		jr	z, loc_4CC8
 2596/1CA2 : EB                         		ex	de, hl
 2597/1CA3 : 21 BA 0B                   		ld	hl, 0BBAh
 2598/1CA6 : FD CB 00 4E                		bit	1, (iy+0)
 2599/1CAA : 28 03                      		jr	z, loc_4CAF
 2600/1CAC : 21 CF 0B                   		ld	hl, 0BCFh
 2601/1CAF : CD 8F 14                   loc_4CAF:	call	sub_448F
 2602/1CB2 : EB                         		ex	de, hl
 2603/1CB3 : CD 1E 16                   		call	sub_461E
 2604/1CB6 : 11 8A 0B                   		ld	de, 0B8Ah
 2605/1CB9 : 1A                         		ld	a, (de)
 2606/1CBA : CD 19 1D                   loc_4CBA:	call	sub_4D19
 2607/1CBD : 13                         		inc	de
 2608/1CBE : 1A                         		ld	a, (de)
 2609/1CBF : B7                         		or	a
 2610/1CC0 : F2 BA 1C                   		jp	p, loc_4CBA
 2611/1CC3 : CD 80 14                   		call	sub_4480
 2612/1CC6 : 18 1F                      		jr	loc_4CE7
 2613/1CC8 : FD 7E 00                   loc_4CC8:	ld	a, (iy+0)
 2614/1CCB : E6 03                      		and	3
 2615/1CCD : FE 01                      		cp	1
 2616/1CCF : 3A 09 0F                   		ld	a, (word_5508+1)
 2617/1CD2 : C4 73 14                   		call	nz, sub_4473
 2618/1CD5 : 3A 77 0F                   		ld	a, (byte_5577)
 2619/1CD8 : D6 01                      		sub	1
 2620/1CDA : 38 0B                      		jr	c, loc_4CE7
 2621/1CDC : 20 03                      		jr	nz, loc_4CE1
 2622/1CDE : 3A 14 0F                   		ld	a, (byte_5514)
 2623/1CE1 : 32 77 0F                   loc_4CE1:	ld	(byte_5577), a
 2624/1CE4 : CC 0F 1D                   		call	z, sub_4D0F
 2625/1CE7 : ED 5B 12 0F                loc_4CE7:	ld	de, (word_5512)
 2626/1CEB : ED 53 10 0F                		ld	(word_5510), de
 2627/1CEF : CD 08 1D                   		call	sub_4D08
 2628/1CF2 : 3E 0D                      		ld	a, 0Dh
 2629/1CF4 :                            
 2630/1CF4 : F5                         loc_4CF4:	push	af
 2631/1CF5 : E5                         		push	hl
 2632/1CF6 : D5                         		push	de
 2633/1CF7 : C5                         		push	bc
 2634/1CF8 : FE 1F                      		cp	1Fh
 2635/1CFA : 28 02                      		jr	z, loc_4CFE
 2636/1CFC : (MACRO)[20]                		SCAL 65h		; CRT
 2636/1CFC : DF                                 rst     18h
 2636/1CFD : 65                                 db      65H
 2637/1CFE :                            					; Display on Nascom screen
 2638/1CFE : C1                         loc_4CFE:	pop	bc
 2639/1CFF : D1                         		pop	de
 2640/1D00 : E1                         		pop	hl
 2641/1D01 : FE 1B                      		cp	1Bh
 2642/1D03 : CA A5 1B                   		jp	z, loc_4BA5
 2643/1D06 : F1                         		pop	af
 2644/1D07 : C9                         		ret
 2645/1D08 : (MACRO)[21]                sub_4D08:	SCAL 62h		; IN
 2645/1D08 : DF                                 rst     18h
 2645/1D09 : 62                                 db      62H
 2646/1D0A :                            					; Scan for an input character.
 AS V1.42 Beta [Bld 297] - Source File zeap40-as.asm - Page 46 - 8/12/2026 14:56:54


 2647/1D0A : D0                         		ret	nc
 2648/1D0B : FE 1B                      		cp	1Bh
 2649/1D0D : 28 04                      		jr	z, loc_4D13
 2650/1D0F :                            ;
 2651/1D0F : CF                         sub_4D0F:	rst	8		; RIN
 2652/1D10 :                            					; Obtain an input character in the A register
 2653/1D10 : FE 1B                      		cp	1Bh
 2654/1D12 : C0                         		ret	nz
 2655/1D13 : 2A 7A 0F                   loc_4D13:	ld	hl, (unk_557A)
 2656/1D16 : E5                         		push	hl
 2657/1D17 : 18 CE                      		jr	loc_4CE7
 2658/1D19 :                            
 2659/1D19 : CD 04 0F                   sub_4D19:	call	outch
 2660/1D1C : 18 EA                      		jr	sub_4D08
 2661/1D1E :                            
 2662/1D1E : CD BF 13                   sub_4D1E:	call	nas_outch
 2663/1D21 : 18 E5                      		jr	sub_4D08
 2664/1D23 :                            
 2665/1D23 :                            ;---------------------------------------
 2666/1D23 :                            ; "W" The "W" editor command is identical in operation to the "A" editor
 2667/1D23 :                            ; command, except that only those lines containing errors are output in
 2668/1D23 :                            ; the assembly listing.
 2669/1D23 : FD 7E 01                   WERRORS:	ld	a, (iy+1)
 2670/1D26 : E6 24                      		and	24h ; '$'
 2671/1D28 : F6 11                      		or	11h
 2672/1D2A : FD 77 01                   		ld	(iy+1),	a
 2673/1D2D :                            
 2674/1D2D :                            ;---------------------------------------
 2675/1D2D :                            ; The assembler is entered from the editor by using the editor command
 2676/1D2D :                            ; "A" ("A" is a mnemonic for Assemble).
 2677/1D2D : 21 80 1F                   ASSEMBLE:	ld	hl, loc_4F80
 2678/1D30 : 22 78 0F                   		ld	(word_5578), hl	; Adr. Ret-Funktion nach Fehler
 2679/1D33 : 21 FF FF                   		ld	hl, 0FFFFh
 2680/1D36 : 22 0E 0F                   		ld	(word_550E), hl	; ENT-Adresse
 2681/1D39 : E1                         		pop	hl
 2682/1D3A : E1                         		pop	hl
 2683/1D3B : 2E 01                      		ld	l, 1
 2684/1D3D : E5                         		push	hl
 2685/1D3E : CD 66 14                   		call	sub_4466	; Bufferende
 2686/1D41 : 22 0C 0F                   		ld	(word_550C), hl	; als Start für MC-Adr.
 2687/1D44 : E5                         		push	hl
 2688/1D45 : CD B5 1D                   		call	sub_4DB5	; Assemblieren (Pass 1)
 2689/1D48 : E1                         		pop	hl
 2690/1D49 : 22 0C 0F                   		ld	(word_550C), hl	; MC-Adr. rücksetzen auf Bufferende
 2691/1D4C :                            					; für Pass 2
 2692/1D4C : E1                         		pop	hl
 2693/1D4D : E5                         		push	hl
 2694/1D4E : CB 7D                      		bit	7, l		; ohne Fehler (?)
 2695/1D50 : 28 04                      		jr	z, loc_4D56	; dann Pass 2
 2696/1D52 : CB 64                      		bit	4, h
 2697/1D54 : 28 5C                      		jr	z, loc_4DB2	; zurück zur Kommandoschleife
 2698/1D56 :                            ; Assemblieren Pass 2
 2699/1D56 : CB 5C                      loc_4D56:	bit	3, h
 2700/1D58 : C4 6F 14                   		call	nz, sub_446F
 2701/1D5B : E1                         		pop	hl
 2702/1D5C : 7C                         		ld	a, h
 2703/1D5D : E6 05                      		and	5
 2704/1D5F : F6 02                      		or	2
 2705/1D61 : 6F                         		ld	l, a
 2706/1D62 : E5                         		push	hl
 AS V1.42 Beta [Bld 297] - Source File zeap40-as.asm - Page 47 - 8/12/2026 14:56:54


 2707/1D63 : CD 9C 1C                   		call	sub_4C9C
 2708/1D66 : CB 45                      		bit	0, l
 2709/1D68 : 20 19                      		jr	nz, loc_4D83
 2710/1D6A : CD AA 14                   		call	sub_44AA	; Ausgabe "ZEAP Z80 Assembler"
 2711/1D6D : EF                         		rst	28h		; Output the string
 2712/1D6E : 53 6F 75 72 63 65 20 4C 69 		db "Source Listing",0
      1D77 : 73 74 69 6E 67 00         
 2713/1D7D : CD 9C 1C                   		call	sub_4C9C
 2714/1D80 : CD 9C 1C                   		call	sub_4C9C
 2715/1D83 : 21 09 09                   loc_4D83:	ld	hl, 909h
 2716/1D86 : FD CB 01 76                		bit	6, (iy+1)
 2717/1D8A : 28 03                      		jr	z, loc_4D8F
 2718/1D8C : 21 41 41                   		ld	hl, 4141h
 2719/1D8F : 22 7C 0F                   loc_4D8F:	ld	(word_557C), hl
 2720/1D92 : E5                         		push	hl
 2721/1D93 : CD B5 1D                   		call	sub_4DB5	; Assemblieren (Pass 2)
 2722/1D96 :                            					; Listing ausgeben
 2723/1D96 : FD CB 01 7E                		bit	7, (iy+1)	; Assembleroptionen Symboltabelle ?
 2724/1D9A : C4 67 15                   		call	nz, sub_4567	; Ausgabe Symboltabelle
 2725/1D9D : 3E 61                      		ld	a, 61h 		; Error 61 - Bereichsüberschreitung
 2726/1D9F : FD CB 00 76                		bit	6, (iy+0)
 2727/1DA3 : C4 1D 1B                   		call	nz, sub_4B1D	; Fehler ausgeben
 2728/1DA6 : 3E 50                      		ld	a, 50h ; 'P'
 2729/1DA8 : FD CB 00 7E                		bit	7, (iy+0)
 2730/1DAC : C4 1D 1B                   		call	nz, sub_4B1D
 2731/1DAF : CD 52 18                   		call	sub_4852
 2732/1DB2 :                            ;
 2733/1DB2 : C3 A5 1B                   loc_4DB2:	jp	loc_4BA5	; zurück zur Kommandoschleife
 2734/1DB5 :                            
 2735/1DB5 :                            ; Assemblieren? und Listing ausgeben
 2736/1DB5 : CD 35 14                   sub_4DB5:	call	sub_4435	; Textende ermitteln
 2737/1DB8 : D5                         		push	de		; DE=Textende
 2738/1DB9 : DD E1                      		pop	ix		; IX=Textende
 2739/1DBB : CD DE 15                   		call	sub_45DE	; suche Zeile ARG1
 2740/1DBE : 2B                         		dec	hl		; HL=Zeilenanfang-1
 2741/1DBF : 22 89 0F                   		ld	(word_5589), hl	; merken
 2742/1DC2 : 23                         		inc	hl		; HL=Zeilenanfang
 2743/1DC3 :                            
 2744/1DC3 :                            ; LOOP: nächste Zeile assemblieren
 2745/1DC3 : CD 2B 16                   loc_4DC3:	call	sub_462B	; die letzten beiden BWS-Zeilen leeren
 2746/1DC6 : 11 98 0B                   		ld	de, 0B98h
 2747/1DC9 : CD 21 16                   		call	setcu
 2748/1DCC : CD 0C 16                   		call	sub_460C	; Ausgabe Zeilennummer
 2749/1DCF :                            					; und Ermittlung Zeichenklasse
 2750/1DCF :                            					; ret A=Zeichen, C=Zeichenklasse
 2751/1DCF : C0                         		ret	nz		; Programmende erreicht
 2752/1DD0 : F5                         		push	af
 2753/1DD1 : 30 0B                      		jr	nc, loc_4DDE
 2754/1DD3 : E5                         		push	hl
 2755/1DD4 : 2A 0C 0F                   		ld	hl, (word_550C)	; MC-Adr.
 2756/1DD7 : DD 75 00                   		ld	(ix+0),	l
 2757/1DDA : DD 74 01                   		ld	(ix+1),	h
 2758/1DDD : E1                         		pop	hl
 2759/1DDE : FE 3B                      loc_4DDE:	cp	';'		; Kommentarzeile?
 2760/1DE0 : 28 08                      		jr	z, loc_4DEA	; ja
 2761/1DE2 : 06 07                      		ld	b, 7
 2762/1DE4 : CD 82 16                   		call	sub_4682
 2763/1DE7 : CC 7D 16                   		call	z, sub_467D	; Ausgabe Mnemonik
 2764/1DEA : F5                         loc_4DEA:	push	af
 2765/1DEB : CD 00 16                   		call	sub_4600	; Ausgabe Text (Befehlsparameter etc.)
 AS V1.42 Beta [Bld 297] - Source File zeap40-as.asm - Page 48 - 8/12/2026 14:56:54


 2766/1DEE : F1                         		pop	af
 2767/1DEF : D1                         		pop	de
 2768/1DF0 : E5                         		push	hl
 2769/1DF1 : D5                         		push	de
 2770/1DF2 : 08                         		ex	af, af'	;'
 2771/1DF3 : F1                         		pop	af
 2772/1DF4 : F5                         		push	af
 2773/1DF5 : 21 00 00                   		ld	hl, 0		; drei Param. auf Stack init.
 2774/1DF8 : E5                         		push	hl
 2775/1DF9 : E5                         		push	hl
 2776/1DFA : E5                         		push	hl
 2777/1DFB : 08                         		ex	af, af'	;'
 2778/1DFC : 3E 10                      		ld	a, 10h		; Error 10 - illegale Befehlszeile
 2779/1DFE : C2 19 1B                   		jp	nz, loc_4B19	; Fehler ausgeben
 2780/1E01 : 08                         		ex	af, af'	;'
 2781/1E02 : 30 0B                      		jr	nc, loc_4E0F
 2782/1E04 : 21 9D 0B                   		ld	hl, 0B9Dh
 2783/1E07 : CD C2 14                   		call	sub_44C2
 2784/1E0A : 3E 31                      		ld	a, 31h 		; Error 31 - Marke doppelt definiert
 2785/1E0C : D2 19 1B                   		jp	nc, loc_4B19	; Fehler ausgeben
 2786/1E0F : FE 3B                      loc_4E0F:	cp	';'		; Kommentar ?
 2787/1E11 : CA 68 1F                   		jp	z, loc_4F68
 2788/1E14 : 11 8A 0B                   		ld	de, 0B8Ah
 2789/1E17 : 2A 0C 0F                   		ld	hl, (word_550C)	; MC-Adr.
 2790/1E1A : CD 9B 16                   		call	sub_469B	; Ausgabe HL
 2791/1E1D :                            		; Zeile ist enpackt auf dem BWS
 2792/1E1D :                            		; jetzt parsen und assemblieren
 2793/1E1D : 2A 17 0F                   		ld	hl, (word_5517)	; unk_40AA Parse Tree Mnemonics
 2794/1E20 : E5                         		push	hl		; auf Stack
 2795/1E21 : 16 00                      		ld	d, 0
 2796/1E23 : D5                         		push	de
 2797/1E24 : 21 A3 0B                   		ld	hl, 0BA3h
 2798/1E27 : 18 08                      		jr	loc_4E31
 2799/1E29 :                            		;
 2800/1E29 : CD 06 13                   loc_4E29:	call	sub_4306	; Abarbeitung nächstes Token
 2801/1E2C : 3E 20                      loc_4E2C:	ld	a, 20h		; Error 20 - unbekannte Mnemonik
 2802/1E2E : DA 19 1B                   loc_4E2E:	jp	c, loc_4B19	; Fehler ausgeben
 2803/1E31 :                            		;
 2804/1E31 : CD 4C 16                   loc_4E31:	call	sub_464C	; nächstes Zeichen
 2805/1E34 : 38 F3                      		jr	c, loc_4E29	; solange Textzeichen
 2806/1E36 :                            		;
 2807/1E36 : CD 93 16                   		call	sub_4693	; Mnemonik parsen
 2808/1E39 : FD CB EE 7E                		bit	7, (iy-12h)
 2809/1E3D : CA FA 1E                   		jp	z, loc_4EFA
 2810/1E40 : CD 9F 13                   		call	sub_439F
 2811/1E43 : 38 E7                      		jr	c, loc_4E2C
 2812/1E45 : F5                         		push	af
 2813/1E46 : FE 80                      		cp	80h ; 'Ç'
 2814/1E48 : CB 59                      		bit	3, c
 2815/1E4A : 3E 40                      		ld	a, 40h ; '@'
 2816/1E4C : D2 DB 1E                   		jp	nc, loc_4EDB
 2817/1E4F : 20 DD                      		jr	nz, loc_4E2E
 2818/1E51 : F1                         		pop	af
 2819/1E52 : F5                         		push	af
 2820/1E53 : FD CB F6 D6                		set	2, (iy-0Ah)
 2821/1E57 : 01 D0 0B                   		ld	bc, 0BD0h	; Buffer f. Code
 2822/1E5A : FE 03                      		cp	3
 2823/1E5C : 28 40                      		jr	z, loc_4E9E
 2824/1E5E : 30 55                      		jr	nc, loc_4EB5
 2825/1E60 : 06 05                      		ld	b, 5
 AS V1.42 Beta [Bld 297] - Source File zeap40-as.asm - Page 49 - 8/12/2026 14:56:54


 2826/1E62 : CD A7 16                   		call	sub_46A7
 2827/1E65 : 3F                         		ccf
 2828/1E66 : 3E 40                      loc_4E66:	ld	a, 40h		; Error 40 - Pseudo-Befehl-Fehler
 2829/1E68 : D2 19 1B                   		jp	nc, loc_4B19	; Fehler ausgeben
 2830/1E6B : 62                         		ld	h, d		; Adresse übernehmen
 2831/1E6C : 6B                         		ld	l, e
 2832/1E6D : F1                         		pop	af
 2833/1E6E : FE 01                      		cp	1
 2834/1E70 : 28 07                      		jr	z, loc_4E79	; (bei org ?)
 2835/1E72 : 38 0C                      		jr	c, loc_4E80
 2836/1E74 : ED 4B 0C 0F                		ld	bc, (word_550C)	; MC-Adr.
 2837/1E78 : 09                         		add	hl, bc
 2838/1E79 : 22 0C 0F                   loc_4E79:	ld	(word_550C), hl	; setze MC-Adr.
 2839/1E7C : FD CB 00 9E                		res	3, (iy+0)
 2840/1E80 : FD CB F8 46                loc_4E80:		bit	0, (iy-8)
 2841/1E84 : 28 0A                      		jr	z, loc_4E90
 2842/1E86 : FE 02                      		cp	2
 2843/1E88 : 28 06                      		jr	z, loc_4E90
 2844/1E8A : DD 75 00                   		ld	(ix+0),	l
 2845/1E8D : DD 74 01                   		ld	(ix+1),	h
 2846/1E90 : EB                         loc_4E90:	ex	de, hl
 2847/1E91 : FE 01                      		cp	1
 2848/1E93 : 11 8A 0B                   		ld	de, 0B8Ah
 2849/1E96 : CC 21 16                   		call	z, setcu
 2850/1E99 : (MACRO)[22]                		SCAL 	66h		; TBCD3
 2850/1E99 : DF                                 rst     18h
 2850/1E9A : 66                                 db      66H
 2851/1E9B :                            					; Output the value in the HL register in ASCII,
 2852/1E9B :                            					; followed by a space. Also add H and L into the C
 2853/1E9B :                            					; register. The A register is modified.
 2854/1E9B : C3 68 1F                   loc_4E9B:	jp	loc_4F68
 2855/1E9E :                            
 2856/1E9E : 56                         loc_4E9E:	ld	d, (hl)
 2857/1E9F : C5                         loc_4E9F:	push	bc
 2858/1EA0 : CD 4C 16                   		call	sub_464C
 2859/1EA3 : C1                         		pop	bc
 2860/1EA4 : BA                         		cp	d
 2861/1EA5 : 28 24                      		jr	z, loc_4ECB
 2862/1EA7 : FE A0                      		cp	0A0h  		; Zeilenende?
 2863/1EA9 : 28 20                      		jr	z, loc_4ECB
 2864/1EAB : 02                         		ld	(bc), a
 2865/1EAC : 03                         		inc	bc
 2866/1EAD : 18 F0                      		jr	loc_4E9F
 2867/1EAF :                            
 2868/1EAF : CD AD 13                   loc_4EAF:	call	sub_43AD
 2869/1EB2 : F1                         loc_4EB2:	pop	af
 2870/1EB3 : 30 16                      		jr	nc, loc_4ECB
 2871/1EB5 : C5                         loc_4EB5:	push	bc
 2872/1EB6 : 06 04                      		ld	b, 4
 2873/1EB8 : CD A7 16                   		call	sub_46A7
 2874/1EBB : C1                         		pop	bc
 2875/1EBC : F5                         		push	af
 2876/1EBD : 7B                         		ld	a, e
 2877/1EBE : 02                         		ld	(bc), a
 2878/1EBF : 03                         		inc	bc
 2879/1EC0 : FD CB F1 46                		bit	0, (iy-0Fh)
 2880/1EC4 : 28 E9                      		jr	z, loc_4EAF
 2881/1EC6 : 7A                         		ld	a, d
 2882/1EC7 : 02                         		ld	(bc), a
 2883/1EC8 : 03                         		inc	bc
 AS V1.42 Beta [Bld 297] - Source File zeap40-as.asm - Page 50 - 8/12/2026 14:56:54


 2884/1EC9 : 18 E7                      		jr	loc_4EB2
 2885/1ECB :                            ; Befehlszeilenende erreicht
 2886/1ECB :                            ; MC wegschreiben/anzeigen
 2887/1ECB : 21 D0 0B                   loc_4ECB:	ld	hl, 0BD0h	; Buffer f. Code
 2888/1ECE : B7                         loc_4ECE:	or	a		; Cy=0
 2889/1ECF : ED 42                      		sbc	hl, bc		; Test HL=BC
 2890/1ED1 : 09                         		add	hl, bc
 2891/1ED2 : 30 C7                      		jr	nc, loc_4E9B
 2892/1ED4 : 7E                         		ld	a, (hl)		; gen. Code-Byte
 2893/1ED5 : 23                         		inc	hl		; nächstes Zeichen
 2894/1ED6 : CD AF 17                   		call	sub_47AF	; Ausgabe Byte
 2895/1ED9 : 18 F3                      		jr	loc_4ECE
 2896/1EDB : 28 89                      loc_4EDB:	jr	z, loc_4E66
 2897/1EDD : F1                         		pop	af
 2898/1EDE : FE 81                      		cp	81h		; special code SKIP
 2899/1EE0 : 30 08                      		jr	nc, loc_4EEA	; bei SKIP
 2900/1EE2 : 2A 0C 0F                   		ld	hl, (word_550C)	; aktuelle MC-Adr.
 2901/1EE5 : 22 0E 0F                   		ld	(word_550E), hl	; ENT-Adresse
 2902/1EE8 : 18 B1                      		jr	loc_4E9B	; -> loc_4F82
 2903/1EEA :                            		;
 2904/1EEA : CD 2B 16                   loc_4EEA:	call	sub_462B	; die letzten beiden BWS-Zeilen leeren
 2905/1EED : 18 AC                      		jr	loc_4E9B	; -> loc_4F82
 2906/1EEF :                            
 2907/1EEF :                            ;---------------------------------------
 2908/1EEF : CD A5 16                   loc_4EEF:	call	sub_46A5	; Parameter bearbeiten
 2909/1EF2 : 78                         		ld	a, b
 2910/1EF3 : CD 06 13                   		call	sub_4306	; Abarbeitung nächstes Token
 2911/1EF6 : 3E 21                      loc_4EF6:	ld	a, 21h ; '!'
 2912/1EF8 : 38 52                      		jr	c, loc_4F4C
 2913/1EFA :                            ; Einstieg
 2914/1EFA : CB 59                      loc_4EFA:	bit	3, c
 2915/1EFC : 28 F1                      		jr	z, loc_4EEF
 2916/1EFE : CD 9F 13                   		call	sub_439F
 2917/1F01 : 38 F3                      		jr	c, loc_4EF6
 2918/1F03 : C1                         		pop	bc
 2919/1F04 : E1                         		pop	hl
 2920/1F05 : CB 51                      		bit	2, c
 2921/1F07 : 28 10                      		jr	z, loc_4F19
 2922/1F09 : 2B                         		dec	hl
 2923/1F0A : 2B                         		dec	hl
 2924/1F0B : FD CB 01 6E                		bit	5, (iy+1)	; Assembleroptionen rel.Jp.Abs
 2925/1F0F : 20 08                      		jr	nz, loc_4F19
 2926/1F11 :                            		; relative Sprungdistanzen absolut
 2927/1F11 : D5                         		push	de
 2928/1F12 : ED 5B 0C 0F                		ld	de, (word_550C)	; aktuelle MC-Adr.
 2929/1F16 : ED 52                      		sbc	hl, de
 2930/1F18 : D1                         		pop	de
 2931/1F19 : EB                         loc_4F19:	ex	de, hl
 2932/1F1A : 7B                         		ld	a, e
 2933/1F1B : CB 51                      		bit	2, c
 2934/1F1D : C4 B1 13                   		call	nz, sub_43B1
 2935/1F20 : CB 49                      		bit	1, c
 2936/1F22 : C4 AD 13                   		call	nz, sub_43AD
 2937/1F25 : 79                         		ld	a, c
 2938/1F26 : B7                         		or	a
 2939/1F27 : 7B                         		ld	a, e
 2940/1F28 : 08                         		ex	af, af'	;'
 2941/1F29 : 7A                         		ld	a, d
 2942/1F2A : CB 41                      		bit	0, c
 2943/1F2C : EB                         		ex	de, hl
 AS V1.42 Beta [Bld 297] - Source File zeap40-as.asm - Page 51 - 8/12/2026 14:56:54


 2944/1F2D : E1                         		pop	hl
 2945/1F2E : E5                         		push	hl
 2946/1F2F : 37                         		scf
 2947/1F30 : F5                         		push	af
 2948/1F31 : 3F                         		ccf
 2949/1F32 : F5                         		push	af
 2950/1F33 : 08                         		ex	af, af'	;'
 2951/1F34 : F5                         		push	af
 2952/1F35 : 7A                         		ld	a, d
 2953/1F36 : B0                         		or	b
 2954/1F37 : 0C                         		inc	c
 2955/1F38 : F5                         		push	af
 2956/1F39 : 3E CB                      		ld	a, 0CBh	; '-'
 2957/1F3B : CB 5B                      		bit	3, e
 2958/1F3D : 28 01                      		jr	z, loc_4F40
 2959/1F3F : F5                         		push	af
 2960/1F40 : CB 65                      loc_4F40:	bit	4, l
 2961/1F42 : 28 1A                      		jr	z, loc_4F5E
 2962/1F44 : 7C                         		ld	a, h
 2963/1F45 : CB 73                      		bit	6, e
 2964/1F47 : 28 08                      		jr	z, loc_4F51
 2965/1F49 : B7                         		or	a
 2966/1F4A : 3E 22                      loc_4F4A:	ld	a, 22h 		; Error 22 - Indexregister-Fehler
 2967/1F4C : C2 19 1B                   loc_4F4C:	jp	nz, loc_4B19	; Fehler ausgeben
 2968/1F4F : 18 05                      		jr	loc_4F56
 2969/1F51 :                            ;
 2970/1F51 : C1                         loc_4F51:	pop	bc
 2971/1F52 : CB 45                      		bit	0, l
 2972/1F54 : F5                         		push	af
 2973/1F55 : C5                         		push	bc
 2974/1F56 : 3E DD                      loc_4F56:	ld	a, 0DDh		; IX ...
 2975/1F58 : B5                         		or	l
 2976/1F59 : F5                         		push	af
 2977/1F5A : CB 63                      		bit	4, e
 2978/1F5C : 20 EC                      		jr	nz, loc_4F4A
 2979/1F5E :                            ;
 2980/1F5E : 3E ED                      loc_4F5E:	ld	a, 0EDh	; Präfix ED
 2981/1F60 : CB 63                      		bit	4, e
 2982/1F62 : C4 AF 17                   loc_4F62:	call	nz, sub_47AF	; Ausgabe Hex-Code
 2983/1F65 : F1                         		pop	af
 2984/1F66 : 30 FA                      		jr	nc, loc_4F62
 2985/1F68 : FD CB 00 46                loc_4F68:	bit	0, (iy+0)
 2986/1F6C : CC 9C 1C                   		call	z, sub_4C9C	; neue Zeile
 2987/1F6F : FD CB F6 5E                		bit	3, (iy-0Ah)
 2988/1F73 : 20 0F                      		jr	nz, loc_4F84
 2989/1F75 : FD CB F6 76                		bit	6, (iy-0Ah)
 2990/1F79 : 3E 23                      		ld	a, 23h 		; Error 23 - Wert bzw. Distanz zu groß
 2991/1F7B : C4 1D 1B                   		call	nz, sub_4B1D	; Fehler ausgeben
 2992/1F7E : 18 09                      		jr	loc_4F89
 2993/1F80 :                            ;
 2994/1F80 :                            ;---------------------------------------
 2995/1F80 :                            ; hier gehts nach einem Fehler beim Assemblieren weiter
 2996/1F80 : FD CB F6 5E                loc_4F80:	bit	3, (iy-0Ah)
 2997/1F84 : 3E 30                      loc_4F84:	ld	a, 30h ; '0'
 2998/1F86 : C4 1D 1B                   		call	nz, sub_4B1D	; Fehler ausgeben
 2999/1F89 : 31 F6 0F                   loc_4F89:	ld	sp, unk_55F6	; reset Stack
 3000/1F8C :                            					; (Param vom Stack nehmen)
 3001/1F8C : F1                         		pop	af
 3002/1F8D : 30 04                      		jr	nc, loc_4F93
 3003/1F8F : DD 23                      		inc	ix
 AS V1.42 Beta [Bld 297] - Source File zeap40-as.asm - Page 52 - 8/12/2026 14:56:54


 3004/1F91 : DD 23                      		inc	ix
 3005/1F93 : E1                         loc_4F93:	pop	hl
 3006/1F94 : CD 08 1D                   		call	sub_4D08	; ggf. Abbruch bei Stop
 3007/1F97 : C3 C3 1D                   		jp	loc_4DC3	; nächste Zeile assemblieren
 3008/1F9A :                            
 3009/1F9A : 13                         		db  13h
 3010/1F9B : 00                         		db    0
 3011/1F9C : 00                         		db    0
 3012/1F9D : 00                         		db    0
 3013/1F9E : 00                         		db    0
 3014/1F9F : 00                         		db    0
 3015/1FA0 : 00                         		db    0
 3016/1FA1 : 00                         		db    0
 3017/1FA2 : 00                         		db    0
 3018/1FA3 : 00                         		db    0
 3019/1FA4 : 00                         		db    0
 3020/1FA5 : 00                         		db    0
 3021/1FA6 : 00                         		db    0
 3022/1FA7 : 00                         		db    0
 3023/1FA8 : 00                         		db    0
 3024/1FA9 : 00                         		db    0
 3025/1FAA : 00                         		db    0
 3026/1FAB : 00                         		db    0
 3027/1FAC : 00                         		db    0
 3028/1FAD : 00                         		db    0
 3029/1FAE : 00                         		db    0
 3030/1FAF : 00                         		db    0
 3031/1FB0 : 00                         		db    0
 3032/1FB1 : 00                         		db    0
 3033/1FB2 : 00                         		db    0
 3034/1FB3 : 00                         		db    0
 3035/1FB4 : 00                         		db    0
 3036/1FB5 :                            
 3037/1FB5 : 32 FE 0F                   sub_4FB5:	ld	(byte_55FE), a
 3038/1FB8 : 21 BA 0B                   		ld	hl, 0BBAh
 3039/1FBB : 06 10                      		ld	b, 10h
 3040/1FBD : 77                         loc_4FBD:	ld	(hl), a
 3041/1FBE : 23                         		inc	hl
 3042/1FBF : 10 FC                      		djnz	loc_4FBD
 3043/1FC1 : C9                         		ret
 3044/1FC2 :                            
 3045/1FC2 : 32 FF 0F                   sub_4FC2:	ld	(0FFFh), a
 3046/1FC5 : 3A 14 0F                   		ld	a, (byte_5514)
 3047/1FC8 : 32 77 0F                   		ld	(byte_5577), a
 3048/1FCB : C9                         		ret
 3049/1FCC :                            
 3050/1FCC :                            ;---------------------------------------
 3051/1FCC :                            ;Kdo :
 3052/1FCC : EF                         kdo_dpoint:	rst	28h		; Output the string
 3053/1FCD : 43 6F 6D 6D 61 6E 64 3F 0D 		db "Command?",0Dh,0
      1FD6 : 00                        
 3054/1FD7 : (MACRO)[23]                		SCAL 63h		; INLIN	Obtain an input line.
 3054/1FD7 : DF                                 rst     18h
 3054/1FD8 : 63                                 db      63H
 3055/1FD9 : 01 2B 0C                   		ld	bc, ARGX	; Last command letter entered.
 3056/1FDC : 1A                         		ld	a, (de)
 3057/1FDD : FE 20                      		cp	' '
 3058/1FDF : C8                         		ret	z
 3059/1FE0 : FE 41                      		cp	'A'
 3060/1FE2 : 38 0D                      		jr	c, loc_4FF1
 AS V1.42 Beta [Bld 297] - Source File zeap40-as.asm - Page 53 - 8/12/2026 14:56:54


 3061/1FE4 : FE 5B                      		cp	'Z'+1
 3062/1FE6 : 30 09                      		jr	nc, loc_4FF1
 3063/1FE8 : 02                         		ld	(bc), a
 3064/1FE9 : 32 0A 0C                   		ld	(ARGC),	a	; Command letter or routine number last	processed for command execution	or input/output.
 3065/1FEC : 13                         		inc	de
 3066/1FED : (MACRO)[24]                		SCAL 79h		; RLIN	Examine an input line and convert up to ten hexadecimal values separated by spaces from ASCII to binary.
 3066/1FED : DF                                 rst     18h
 3066/1FEE : 79                                 db      79H
 3067/1FEF : 30 03                      		jr	nc, loc_4FF4
 3068/1FF1 : (MACRO)[25]                loc_4FF1:	SCAL 6Bh		; ERRM	Output the message "Error" followed by a CR.
 3068/1FF1 : DF                                 rst     18h
 3068/1FF2 : 6B                                 db      6BH
 3069/1FF3 : C9                         		ret
 3070/1FF4 :                            
 3071/1FF4 :                            ;
 3072/1FF4 : (MACRO)[26]                loc_4FF4:	SCAL 60h		; ARGS	Load the contents of ARGI into HL, ARG2 into DE and ARG3 into BC. ARGI, 2 and 3 are the first three values entered after a NAS-SYS command.
 3072/1FF4 : DF                                 rst     18h
 3072/1FF5 : 60                                 db      60H
 3073/1FF6 : (MACRO)[27]                		SCAL 5Ch		; SCALJ	CALL the routine number at address ARGC
 3073/1FF6 : DF                                 rst     18h
 3073/1FF7 : 5C                                 db      5CH
 3074/1FF8 : C9                         		ret
 3075/1FF9 :                            
 3076/1FF9 : 00                         		db    0
 3077/1FFA : 00                         		db    0
 3078/1FFB : 00                         		db    0
 3079/1FFC : 00                         		db    0
 3080/1FFD : 00                         		db    0
 3081/1FFE : 00                         		db    0
 3082/1FFF : 00                         		db    0
 3083/2000 :                            
 3084/2000 :                            ; end of "ROM"
 3085/2000 :                            		end
 AS V1.42 Beta [Bld 297] - Source File zeap40-as.asm - Page 54 - 8/12/2026 14:56:54


  Symbol Table (* = unused):
  --------------------------

 AHEADLINE :                   1076 C |
*ARCHITECTURE :                                        "i386-unknown-win32" - |
 ARG1 :                        0C0C - |  ARG2 :                        0C0E - |
 ARG3 :                        0C10 - |  ARGC :                        0C0A - |
 ARGH :                        0C0B - |  ARGX :                        0C2B - |
 ASSEMBLE :                    1D2D C |  AZZZZZZ :                     109D C |
 BUFBEG :                      0F00 - |  BUFEND :                      0F02 - |
 BYTE_5507 :                   0F07 - |  BYTE_5514 :                   0F14 - |
 BYTE_5577 :                   0F77 - |  BYTE_5584 :                   0F84 - |
 BYTE_55FE :                   0FFE - | *CASESENSITIVE :                  0 - |
 COLD :                        1B36 C | *CONSTPI :        3.141592653589793 - |
 CORRECT :                     19FA C |  CURSOR :                      0C29 - |
*DATE :                 "8/12/2026" - |  DATOH :                       13EB C |
 DATOH1 :                      13EE C |  DELAY :                       1951 C |
*FALSE :                          0 - |  FIND :                        19A2 C |
*FLOATMAX :      1.797693134866E308 - |  GO :                          1935 C |
*HAS64 :                          1 - |  HEIGHT :                      192C C |
 INUM :                        1B0B C |  KDOTAB :                      1036 C |
 KDO_DPOINT :                  1FCC C |  KILL :                        1A1E C |
*LISTON :                         1 - | *LOCRET_44C1 :                 14C1 C |
 LOC_4310 :                    1310 C |  LOC_433D :                    133D C |
 LOC_4340 :                    1340 C |  LOC_4345 :                    1345 C |
 LOC_434A :                    134A C |  LOC_4357 :                    1357 C |
 LOC_436D :                    136D C |  LOC_437E :                    137E C |
 LOC_4381 :                    1381 C |  LOC_4387 :                    1387 C |
 LOC_4396 :                    1396 C |  LOC_4399 :                    1399 C |
 LOC_43D4 :                    13D4 C |  LOC_43D8 :                    13D8 C |
 LOC_4413 :                    1413 C |  LOC_442C :                    142C C |
 LOC_442D :                    142D C |  LOC_4460 :                    1460 C |
 LOC_4471 :                    1471 C |  LOC_4477 :                    1477 C |
 LOC_449A :                    149A C |  LOC_44A8 :                    14A8 C |
 LOC_44CD :                    14CD C |  LOC_44D9 :                    14D9 C |
 LOC_44E1 :                    14E1 C | *LOC_44EA :                    14EA C |
 LOC_44F0 :                    14F0 C |  LOC_44FD :                    14FD C |
 LOC_4502 :                    1502 C |  LOC_4503 :                    1503 C |
*LOC_450A :                    150A C |  LOC_4515 :                    1515 C |
 LOC_4523 :                    1523 C |  LOC_452C :                    152C C |
 LOC_4545 :                    1545 C |  LOC_454E :                    154E C |
 LOC_4584 :                    1584 C |  LOC_458C :                    158C C |
 LOC_45A9 :                    15A9 C | *LOC_45C4 :                    15C4 C |
*LOC_45C9 :                    15C9 C |  LOC_45DB :                    15DB C |
 LOC_45E3 :                    15E3 C |  LOC_4632 :                    1632 C |
 LOC_464D :                    164D C |  LOC_4660 :                    1660 C |
 LOC_4665 :                    1665 C |  LOC_466E :                    166E C |
 LOC_466F :                    166F C |  LOC_468D :                    168D C |
 LOC_4690 :                    1690 C |  LOC_46C0 :                    16C0 C |
 LOC_46C2 :                    16C2 C |  LOC_46DA :                    16DA C |
 LOC_46E1 :                    16E1 C |  LOC_46E6 :                    16E6 C |
 LOC_4701 :                    1701 C |  LOC_4715 :                    1715 C |
 LOC_471B :                    171B C |  LOC_4721 :                    1721 C |
 LOC_4723 :                    1723 C |  LOC_4726 :                    1726 C |
 LOC_4735 :                    1735 C |  LOC_475C :                    175C C |
 LOC_4763 :                    1763 C |  LOC_476C :                    176C C |
 LOC_476F :                    176F C |  LOC_477E :                    177E C |
 LOC_4789 :                    1789 C |  LOC_478C :                    178C C |
 LOC_479E :                    179E C |  LOC_47AC :                    17AC C |
 LOC_47C8 :                    17C8 C |  LOC_47D1 :                    17D1 C |
 AS V1.42 Beta [Bld 297] - Source File zeap40-as.asm - Page 55 - 8/12/2026 14:56:54


 LOC_47E8 :                    17E8 C |  LOC_47F2 :                    17F2 C |
 LOC_4827 :                    1827 C |  LOC_4849 :                    1849 C |
 LOC_484B :                    184B C |  LOC_484C :                    184C C |
 LOC_4876 :                    1876 C | *LOC_487D :                    187D C |
 LOC_4890 :                    1890 C |  LOC_48AE :                    18AE C |
 LOC_48BE :                    18BE C |  LOC_48CF :                    18CF C |
 LOC_48D5 :                    18D5 C |  LOC_48DB :                    18DB C |
 LOC_4925 :                    1925 C |  LOC_4931 :                    1931 C |
 LOC_494C :                    194C C |  LOC_4973 :                    1973 C |
 LOC_497C :                    197C C |  LOC_4982 :                    1982 C |
 LOC_49CD :                    19CD C |  LOC_49D5 :                    19D5 C |
 LOC_49D9 :                    19D9 C |  LOC_49EB :                    19EB C |
 LOC_4A02 :                    1A02 C |  LOC_4A2B :                    1A2B C |
 LOC_4A35 :                    1A35 C |  LOC_4A3C :                    1A3C C |
 LOC_4A6B :                    1A6B C |  LOC_4A74 :                    1A74 C |
 LOC_4A82 :                    1A82 C |  LOC_4A90 :                    1A90 C |
 LOC_4AA0 :                    1AA0 C |  LOC_4AA2 :                    1AA2 C |
 LOC_4AF4 :                    1AF4 C |  LOC_4B08 :                    1B08 C |
 LOC_4B17 :                    1B17 C |  LOC_4B19 :                    1B19 C |
*LOC_4B2C :                    1B2C C |  LOC_4B5E :                    1B5E C |
 LOC_4B64 :                    1B64 C |  LOC_4BA5 :                    1BA5 C |
*LOC_4BB2 :                    1BB2 C |  LOC_4BCC :                    1BCC C |
*LOC_4BE9 :                    1BE9 C |  LOC_4C21 :                    1C21 C |
 LOC_4C32 :                    1C32 C |  LOC_4C3A :                    1C3A C |
 LOC_4C51 :                    1C51 C |  LOC_4C59 :                    1C59 C |
 LOC_4C66 :                    1C66 C |  LOC_4C88 :                    1C88 C |
 LOC_4CAF :                    1CAF C |  LOC_4CBA :                    1CBA C |
 LOC_4CC8 :                    1CC8 C |  LOC_4CE1 :                    1CE1 C |
 LOC_4CE7 :                    1CE7 C |  LOC_4CF4 :                    1CF4 C |
 LOC_4CFE :                    1CFE C |  LOC_4D13 :                    1D13 C |
 LOC_4D56 :                    1D56 C |  LOC_4D83 :                    1D83 C |
 LOC_4D8F :                    1D8F C |  LOC_4DB2 :                    1DB2 C |
 LOC_4DC3 :                    1DC3 C |  LOC_4DDE :                    1DDE C |
 LOC_4DEA :                    1DEA C |  LOC_4E0F :                    1E0F C |
 LOC_4E29 :                    1E29 C |  LOC_4E2C :                    1E2C C |
 LOC_4E2E :                    1E2E C |  LOC_4E31 :                    1E31 C |
 LOC_4E66 :                    1E66 C |  LOC_4E79 :                    1E79 C |
 LOC_4E80 :                    1E80 C |  LOC_4E90 :                    1E90 C |
 LOC_4E9B :                    1E9B C |  LOC_4E9E :                    1E9E C |
 LOC_4E9F :                    1E9F C |  LOC_4EAF :                    1EAF C |
 LOC_4EB2 :                    1EB2 C |  LOC_4EB5 :                    1EB5 C |
 LOC_4ECB :                    1ECB C |  LOC_4ECE :                    1ECE C |
 LOC_4EDB :                    1EDB C |  LOC_4EEA :                    1EEA C |
 LOC_4EEF :                    1EEF C |  LOC_4EF6 :                    1EF6 C |
 LOC_4EFA :                    1EFA C |  LOC_4F19 :                    1F19 C |
 LOC_4F40 :                    1F40 C |  LOC_4F4A :                    1F4A C |
 LOC_4F4C :                    1F4C C |  LOC_4F51 :                    1F51 C |
 LOC_4F56 :                    1F56 C |  LOC_4F5E :                    1F5E C |
 LOC_4F62 :                    1F62 C |  LOC_4F68 :                    1F68 C |
 LOC_4F80 :                    1F80 C |  LOC_4F84 :                    1F84 C |
 LOC_4F89 :                    1F89 C |  LOC_4F93 :                    1F93 C |
 LOC_4FBD :                    1FBD C |  LOC_4FF1 :                    1FF1 C |
 LOC_4FF4 :                    1FF4 C | *MACEXP :                         7 - |
 MC_OFS :                      0F0A - | *MOMCPU :                        80 - |
*MOMCPUNAME :                 "Z80" - |  NASSYS :                      1913 C |
 NAS_OUTCH :                   13BF C | *NESTMAX :                      100 - |
 NUMV :                        0C21 - |  OPTIONS :                     1924 C |
 OUTCH :                       0F04 - |  PDELAY :                      1956 C |
 PORT0 :                       0C00 - |  PUT :                         195F C |
 RDEL :                          38 - | *RELAXED :                        0 - |
 AS V1.42 Beta [Bld 297] - Source File zeap40-as.asm - Page 56 - 8/12/2026 14:56:54


 RENUM :                       1978 C |  RESOPT :                      191D C |
 REUSE :                       18F3 C |  SEARCH :                      199D C |
 SETCU :                       1621 C |  SETOPT :                      1917 C |
 SUB_4306 :                    1306 C |  SUB_439F :                    139F C |
 SUB_43AD :                    13AD C |  SUB_43B1 :                    13B1 C |
 SUB_43B5 :                    13B5 C |  SUB_43C2 :                    13C2 C |
 SUB_4404 :                    1404 C |  SUB_441F :                    141F C |
 SUB_442B :                    142B C |  SUB_4435 :                    1435 C |
 SUB_4442 :                    1442 C |  SUB_444E :                    144E C |
 SUB_4459 :                    1459 C |  SUB_4466 :                    1466 C |
 SUB_446F :                    146F C |  SUB_4473 :                    1473 C |
 SUB_4480 :                    1480 C |  SUB_448F :                    148F C |
 SUB_44AA :                    14AA C |  SUB_44C2 :                    14C2 C |
 SUB_4526 :                    1526 C |  SUB_4555 :                    1555 C |
 SUB_4567 :                    1567 C |  SUB_45DE :                    15DE C |
 SUB_4600 :                    1600 C |  SUB_460C :                    160C C |
 SUB_461E :                    161E C |  SUB_462B :                    162B C |
 SUB_4630 :                    1630 C |  SUB_4638 :                    1638 C |
 SUB_4649 :                    1649 C |  SUB_464C :                    164C C |
 SUB_467D :                    167D C |  SUB_4682 :                    1682 C |
 SUB_4693 :                    1693 C |  SUB_469B :                    169B C |
 SUB_46A5 :                    16A5 C |  SUB_46A7 :                    16A7 C |
 SUB_47AF :                    17AF C |  SUB_4852 :                    1852 C |
 SUB_4857 :                    1857 C |  SUB_48DE :                    18DE C |
 SUB_4B1D :                    1B1D C |  SUB_4C93 :                    1C93 C |
 SUB_4C9C :                    1C9C C |  SUB_4D08 :                    1D08 C |
 SUB_4D0F :                    1D0F C |  SUB_4D19 :                    1D19 C |
 SUB_4D1E :                    1D1E C |  SUB_4DB5 :                    1DB5 C |
 SUB_4FB5 :                    1FB5 C |  SUB_4FC2 :                    1FC2 C |
 SUOUT :                       0C78 - | *TIME :                  "14:56:54" - |
*TRUE :                           1 - |  ULIST :                       1963 C |
 UNK_40A4 :                    10A4 C |  UNK_40A8 :                    10A8 C |
 UNK_40AA :                    10AA C |  UNK_428F :                    128F C |
 UNK_42DC :                    12DC C |  UNK_42E4 :                    12E4 C |
 UNK_42E8 :                    12E8 C |  UNK_42EC :                    12EC C |
 UNK_42F0 :                    12F0 C |  UNK_42F4 :                    12F4 C |
 UNK_488F :                    188F C |  UNK_551D :                    0F1D - |
 UNK_552D :                    0F2D - |  UNK_552E :                    0F2E - |
 UNK_552F :                    0F2F - |  UNK_556F :                    0F6F - |
 UNK_557A :                    0F7A - |  UNK_55F6 :                    0FF6 - |
*VERSION :                     142F - |  VIEW :                        1970 C |
 WARM :                        1B78 C | *WARNRELATIVE :                   0 - |
 WERRORS :                     1D23 C |  WORD_4006 :                   1006 C |
 WORD_5508 :                   0F08 - |  WORD_550C :                   0F0C - |
 WORD_550E :                   0F0E - |  WORD_5510 :                   0F10 - |
 WORD_5512 :                   0F12 - |  WORD_5515 :                   0F15 - |
 WORD_5517 :                   0F17 - |  WORD_5519 :                   0F19 - |
 WORD_551B :                   0F1B - |  WORD_5575 :                   0F75 - |
 WORD_5578 :                   0F78 - |  WORD_557C :                   0F7C - |
 WORD_557E :                   0F7E - |  WORD_5580 :                   0F80 - |
 WORD_5582 :                   0F82 - |  WORD_5585 :                   0F85 - |
 WORD_5587 :                   0F87 - |  WORD_5589 :                   0F89 - |
 WORD_55F2 :                   0FF2 - |

    337 symbols
     26 unused symbols

 AS V1.42 Beta [Bld 297] - Source File zeap40-as.asm - Page 57 - 8/12/2026 14:56:54


  Defined Macros:
  ---------------

SCAL                                  |

      1 macro

 AS V1.42 Beta [Bld 297] - Source File zeap40-as.asm - Page 58 - 8/12/2026 14:56:54


  Code Pages:
  ----------

STANDARD (0 changed characters)

1 code page

0.03 seconds assembly time

   3086 lines source file
   3142 lines incl. macro expansions
      2 passes
      0 errors
      0 warnings
